"","year_category","Site 1: Country","A_adjusted","B_adjusted","C_adjusted","D_adjusted","F_adjusted","G_adjusted","H_adjusted","J_adjusted","K_adjusted","L_adjusted","N_adjusted","O_adjusted","P_adjusted","CRF01_AE_adjusted","CRF02_AG_adjusted","CRF03_A6B_adjusted","CRF04_cpx_adjusted","CRF05_DF_adjusted","CRF06_cpx_adjusted","CRF07_BC_adjusted","CRF08_BC_adjusted","CRF09_cpx_adjusted","CRF10_CD_adjusted","CRF11_cpx_adjusted","CRF12_BF_adjusted","CRF13_cpx_adjusted","CRF14_BG_adjusted","CRF15_01B_adjusted","CRF16_A2D_adjusted","CRF17_BF1_adjusted","CRF18_cpx_adjusted","CRF19_cpx_adjusted","CRF20_BG_adjusted","CRF21_A2D_adjusted","CRF22_01A1_adjusted","CRF23_BG_adjusted","CRF24_BG_adjusted","CRF25_cpx_adjusted","CRF26_A5U_adjusted","CRF27_cpx_adjusted","CRF28_BF1_adjusted","CRF29_BF1_adjusted","CRF30_0206_adjusted","CRF31_BC_adjusted","CRF32_06A6_adjusted","CRF33_01B_adjusted","CRF34_01B_adjusted","CRF35_A1D_adjusted","CRF36_cpx_adjusted","CRF37_cpx_adjusted","CRF38_BF1_adjusted","CRF39_BF1_adjusted","CRF40_BF1_adjusted","CRF41_CD_adjusted","CRF42_BF1_adjusted","CRF43_02G_adjusted","CRF44_BF_adjusted","CRF45_cpx_adjusted","CRF46_BF1_adjusted","CRF47_BF1_adjusted","CRF48_01B_adjusted","CRF49_cpx_adjusted","CRF50_A1D_adjusted","CRF51_01B_adjusted","CRF52_01B_adjusted","CRF53_01B_adjusted","CRF54_01B_adjusted","CRF55_01B_adjusted","CRF56_cpx_adjusted","CRF57_BC_adjusted","CRF58_01B_adjusted","CRF59_01B_adjusted","CRF60_BC_adjusted","CRF61_BC_adjusted","CRF62_BC_adjusted","CRF63_02A1_adjusted","CRF64_BC_adjusted","CRF65_cpx_adjusted","CRF66_BF1_adjusted","CRF67_01B_adjusted","CRF68_01B_adjusted","CRF69_01B_adjusted","CRF70_BF_adjusted","CRF71_BF_adjusted","CRF72_BF_adjusted","CRF73_BG_adjusted","CRF74_01B_adjusted","CRF75_BF1_adjusted","CRF76_01B_adjusted","CRF77_cpx_adjusted","CRF78_cpx_adjusted","CRF79_0107_adjusted","CRF80_0107_adjusted","CRF81_cpx_adjusted","CRF82_cpx_adjusted","CRF83_cpx_adjusted","CRF84_A1D_adjusted","CRF85_BC_adjusted","CRF86_BC_adjusted","CRF87_cpx_adjusted","CRF88_BC_adjusted","CRF89_BF1_adjusted","CRF90_BF1_adjusted","CRF91_cpx_adjusted","CRF92_C2U_adjusted","CRF93_cpx_adjusted","CRF94_cpx_adjusted","CRF95_02B_adjusted","CRF96_cpx_adjusted","CRF97_01b_adjusted","CRF98_06B_adjusted","CRF99_BF1_adjusted","CRF100_01C_adjusted","CRF101_01B_adjusted","CRF102_0107_adjusted","CRF103_01B_adjusted","CRF104_0107_adjusted","CRF105_0108_adjusted","CRF106_cpx_adjusted","CRF107_01B_adjusted","CRF108_BC_adjusted","CRF109_0107_adjusted","CRF110_BC_adjusted","CRF111_01C_adjusted","CRF112_01B_adjusted","CRF113_0107_adjusted","CRF114_0155_adjusted","CRF115_01C_adjusted","CRF116_0108_adjusted","CRF117_0107_adjusted","CRF118_BC_adjusted","CRF119_0107_adjusted","CRF120_0107_adjusted","CRF121_0107_adjusted","CRF122_BF1_adjusted","CRF123_0107_adjusted","CRF124_cpx_adjusted","CRF125_0107_adjusted","CRF126_0755_adjusted","CRF127_07109_adjusted","CRF128_07B_adjusted","CRF129_56G_adjusted","CRF130_A1B_adjusted","CRF131_A1B_adjusted","CRF132_94B_adjusted","CRF133_A6B_adjusted","CRF134_0107_adjusted","CRF135_0107_adjusted","CRF136_0107_adjusted","CRF137_0107_adjusted","CRF138_cpx_adjusted","CRF139_02B_adjusted","CRF140_0107_adjusted","CRF141_BF1_adjusted","CRF142_BC_adjusted","CRF143_cpx_adjusted","CRF145_0755_adjusted","CRF146_BC_adjusted","CRF147_A6B_adjusted","CRF148_cpx_adjusted","CRF149_01B_adjusted","CRF150_01B_adjusted","CRF151_0107_adjusted","CRF152_DG_adjusted","CRF153_55B_adjusted","CRF154_0755_adjusted","CRF155_0755_adjusted","CRF156_0755_adjusted","CRF157_A6C_adjusted","CRF159_01103_adjusted","CRF170_0107_adjusted","Number of unspecified CRFs_adjusted","total_CRF_adjusted","other_CRF_adjusted","URFs_adjusted","unspecified_recombinants_adjusted","total_recombinants_adjusted","Total number genotyped_adjusted","total_recorded_genotypes_adj"
"1","2000-2004","Algeria",0.00367647058823529,0.529411764705882,0.00367647058823529,0.0220588235294118,0.00367647058823529,0.0147058823529412,0,0,0,0,0,0,0,0,0.132352941176471,0,0,0,0.180147058823529,0,0,0.00367647058823529,0,0,0,0,0,0,0,0,0,0,0,0,0,0,0,0,0,0,0,0,0,0,0,0,0,0,0,0,0,0,0,0,0,0,0,0,0,0,0,0,0,0,0,0,0,0,0,0,0,0,0,0,0,0,0,0,0,0,0,0,0,0,0,0,0,0,0,0,0,0,0,0,0,0,0,0,0,0,0,0,0,0,0,0,0,0,0,0,0,0,0,0,0,0,0,0,0,0,0,0,0,0,0,0,0,0,0,0,0,0,0,0,0,0,0,0,0,0,0,0,0,0,0,0,0,0,0,0,0,0,0,0,0,0,0,0,0,0,0,0,0,0,0,0,0,0,0,0,0,0,0.316176470588235,0,0.106617647058824,0,0.422794117647059,272,272
"2","2005-2009","Algeria",0,0.559701492537313,0,0,0,0,0,0,0,0,0,0,0,0,0.126865671641791,0.276119402985075,0,0,0.0373134328358209,0,0,0,0,0,0,0,0,0,0,0,0,0,0,0,0,0,0,0,0,0,0,0,0,0,0,0,0,0,0,0,0,0,0,0,0,0,0,0,0,0,0,0,0,0,0,0,0,0,0,0,0,0,0,0,0,0,0,0,0,0,0,0,0,0,0,0,0,0,0,0,0,0,0,0,0,0,0,0,0,0,0,0,0,0,0,0,0,0,0,0,0,0,0,0,0,0,0,0,0,0,0,0,0,0,0,0,0,0,0,0,0,0,0,0,0,0,0,0,0,0,0,0,0,0,0,0,0,0,0,0,0,0,0,0,0,0,0,0,0,0,0,0,0,0,0,0,0,0,0,0,0,0,0.440298507462687,0,0,0,0.440298507462687,134,134
"3","2010-2014","Algeria",0.008,0.128,0,0,0,0,0,0,0,0,0,0,0,0,0.08,0,0,0,0.72,0.008,0,0,0,0,0,0,0,0,0,0,0,0,0,0,0.016,0,0,0,0,0,0,0,0,0,0,0,0,0,0,0,0,0,0,0,0,0,0,0,0,0,0,0,0,0,0,0,0,0,0,0,0,0,0,0,0,0,0,0,0,0,0,0,0,0,0,0,0,0,0,0,0,0,0,0,0,0,0,0,0,0,0,0,0,0,0,0,0,0,0,0,0,0,0,0,0,0,0,0,0,0,0,0,0,0,0,0,0,0,0,0,0,0,0,0,0,0,0,0,0,0,0,0,0,0,0,0,0,0,0,0,0,0,0,0,0,0,0,0,0,0,0,0,0,0,0,0,0,0,0,0,0,0,0.824,92,0.04,0,0.864,124,125
"4","1990-1994","Angola",0,0,0,0,0,0,0,0.333333333333333,0,0,0,0,0,0,0,0,0,0,0,0,0,0,0,0,0,0,0,0,0,0,0,0,0,0,0,0,0,0,0,0,0,0,0,0,0,0,0,0,0,0,0,0,0,0,0,0,0,0,0,0,0,0,0,0,0,0,0,0,0,0,0,0,0,0,0,0,0,0,0,0,0,0,0,0,0,0,0,0,0,0,0,0,0,0,0,0,0,0,0,0,0,0,0,0,0,0,0,0,0,0,0,0,0,0,0,0,0,0,0,0,0,0,0,0,0,0,0,0,0,0,0,0,0,0,0,0,0,0,0,0,0,0,0,0,0,0,0,0,0,0,0,0,0,0,0,0,0,0,0,0,0,0,0,0,0,0,0,0,0,0,0,0,0,0,0.666666666666667,0,0.666666666666667,3,3
"5","2000-2004","Angola",0.193877551020408,0,0.127551020408163,0.0459183673469388,0.0816326530612245,0.0586734693877551,0.0637755102040816,0.0331632653061225,0,0,0,0,0,0.00255102040816327,0.0433673469387755,0,0,0.00255102040816327,0.00510204081632653,0,0,0,0,0,0,0,0.00255102040816327,0,0,0,0,0.00255102040816327,0,0,0,0,0,0.00255102040816327,0,0,0,0,0,0,0,0,0,0,0,0,0,0,0,0,0,0,0,0,0,0,0,0,0,0,0,0,0,0,0,0,0,0,0,0,0,0,0,0,0,0,0,0,0,0,0,0,0,0,0,0,0,0,0,0,0,0,0,0,0,0,0,0,0,0,0,0,0,0,0,0,0,0,0,0,0,0,0,0,0,0,0,0,0,0,0,0,0,0,0,0,0,0,0,0,0,0,0,0,0,0,0,0,0,0,0,0,0,0,0,0,0,0,0,0,0,0,0,0,0,0,0,0,0,0,0,0,0,0,0,0,0,0,0.0612244897959184,0,0.334183673469388,0,0.395408163265306,392,392
"6","2005-2009","Angola",0.069620253164557,0,0.188607594936709,0.0772151898734177,0.126582278481013,0.0607594936708861,0.0430379746835443,0.00759493670886076,0.00253164556962025,0,0,0,0,0,0.0835443037974684,0,0,0,0,0,0,0.00759493670886076,0,0,0,0.00379746835443038,0,0,0,0,0.0151898734177215,0,0,0,0,0,0,0.00506329113924051,0,0,0,0,0,0,0,0,0,0,0,0.00379746835443038,0,0,0,0,0,0,0,0.00506329113924051,0,0,0,0,0,0,0,0,0,0,0,0,0,0,0,0,0,0,0,0,0,0,0,0,0,0,0,0,0,0,0,0,0,0,0,0,0,0,0,0,0,0,0,0,0,0,0,0,0,0,0,0,0,0,0,0,0,0,0,0,0,0,0,0,0,0,0,0,0,0,0,0,0,0,0,0,0,0,0,0,0,0,0,0,0,0,0,0,0,0,0,0,0,0,0,0,0,0,0,0,0,0,0,0,0,0,0,0,0,0,0,0,0,0,0.124050632911392,0,0.3,0,0.424050632911392,267.333333333333,263.333333333333
"7","2010-2014","Angola",0.0526315789473684,0,0.168421052631579,0.0526315789473684,0.147368421052632,0.0631578947368421,0.0526315789473684,0,0.0105263157894737,0,0,0,0,0,0.0631578947368421,0,0,0,0,0,0,0,0,0,0,0,0,0,0,0,0.0631578947368421,0,0,0,0,0,0,0.0210526315789474,0,0,0,0,0,0,0,0,0,0,0,0,0,0,0,0,0,0,0,0.0210526315789474,0,0,0,0,0,0,0,0,0,0,0,0,0,0,0,0,0,0,0,0,0,0,0,0,0,0,0,0,0,0,0,0,0,0,0,0,0,0,0,0,0,0,0,0,0,0,0,0,0,0,0,0,0,0,0,0,0,0,0,0,0,0,0,0,0,0,0,0,0,0,0,0,0,0,0,0,0,0,0,0,0,0,0,0,0,0,0,0,0,0,0,0,0,0,0,0,0,0,0,0,0,0,0,0,0,0,0,0,0,0,0,0,0,0,0.168421052631579,0,0.284210526315789,0,0.452631578947368,31.6666666666667,31.6666666666667
"8","2015-2019","Angola",0.0882352941176471,0,0.382352941176471,0.0588235294117647,0.176470588235294,0.0882352941176471,0.0294117647058824,0,0,0,0,0,0,0,0.0588235294117647,0,0,0,0,0,0,0,0,0,0,0,0,0,0,0,0,0,0,0,0,0,0,0,0,0,0,0,0,0,0,0,0,0,0,0.0294117647058824,0,0,0,0,0,0,0,0,0,0,0,0,0,0,0,0,0,0,0,0,0,0,0,0,0,0,0,0,0,0,0,0,0,0,0,0,0,0,0,0,0,0,0,0,0,0,0,0,0,0,0,0,0,0,0,0,0,0,0,0,0,0,0,0,0,0,0,0,0,0,0,0,0,0,0,0,0,0,0,0,0,0,0,0,0,0,0,0,0,0,0,0,0,0,0,0,0,0,0,0,0,0,0,0,0,0,0,0,0,0,0,0,0,0,0,0,0,0,0,0,0,0,0.0882352941176471,0,0.0882352941176471,0,0.176470588235294,34,34
"9","1980-1989","Argentina",0,0.260869565217391,0,0,0.0434782608695652,0,0,0,0,0,0,0,0,0,0,0,0,0,0,0,0,0,0,0,0.695652173913043,0,0,0,0,0,0,0,0,0,0,0,0,0,0,0,0,0,0,0,0,0,0,0,0,0,0,0,0,0,0,0,0,0,0,0,0,0,0,0,0,0,0,0,0,0,0,0,0,0,0,0,0,0,0,0,0,0,0,0,0,0,0,0,0,0,0,0,0,0,0,0,0,0,0,0,0,0,0,0,0,0,0,0,0,0,0,0,0,0,0,0,0,0,0,0,0,0,0,0,0,0,0,0,0,0,0,0,0,0,0,0,0,0,0,0,0,0,0,0,0,0,0,0,0,0,0,0,0,0,0,0,0,0,0,0,0,0,0,0,0,0,0,0,0,0,0,0,0.695652173913043,0,0,0,0.695652173913043,8.11764705882353,8.11764705882353
"10","1990-1994","Argentina",0,0.260869565217391,0,0,0.0434782608695652,0,0,0,0,0,0,0,0,0,0,0,0,0,0,0,0,0,0,0,0.695652173913043,0,0,0,0,0,0,0,0,0,0,0,0,0,0,0,0,0,0,0,0,0,0,0,0,0,0,0,0,0,0,0,0,0,0,0,0,0,0,0,0,0,0,0,0,0,0,0,0,0,0,0,0,0,0,0,0,0,0,0,0,0,0,0,0,0,0,0,0,0,0,0,0,0,0,0,0,0,0,0,0,0,0,0,0,0,0,0,0,0,0,0,0,0,0,0,0,0,0,0,0,0,0,0,0,0,0,0,0,0,0,0,0,0,0,0,0,0,0,0,0,0,0,0,0,0,0,0,0,0,0,0,0,0,0,0,0,0,0,0,0,0,0,0,0,0,0,0,0.695652173913043,0,0,0,0.695652173913043,6.76470588235294,6.76470588235294
"11","1995-1999","Argentina",0,0.539896715684731,0.00240891771892811,0,0.376956261611613,0,0,0,0,0,0,0,0,0,0,0,0,0,0,0,0,0,0,0,0.0122177787574393,0,0,0,0,0,0,0,0,0,0,0,0,0,0,0,0,0,0,0,0,0,0,0,0,0,0,0,0,0,0,0,0,0,0,0,0,0,0,0,0,0,0,0,0,0,0,0,0,0,0,0,0,0,0,0,0,0,0,0,0,0,0,0,0,0,0,0,0,0,0,0,0,0,0,0,0,0,0,0,0,0,0,0,0,0,0,0,0,0,0,0,0,0,0,0,0,0,0,0,0,0,0,0,0,0,0,0,0,0,0,0,0,0,0,0,0,0,0,0,0,0,0,0,0,0,0,0,0,0,0,0,0,0,0,0,0,0,0,0,0,0,0,0,0,0,0,0,0.0122177787574393,0,0.0685203262272885,0,0.0807381049847278,436.014705882353,467.014705882353
"12","2000-2004","Argentina",0.000645070507155065,0.570503992954818,0.00340005913146316,0,0.168785544096419,0,0,0,0,0,0,0,0,0,0,0,0,0,0.000215023502385022,0,0,0,0,0,0.12050170042483,0,0,0,0.000860094009540087,0,0,0.00935352235374844,0,0,0,0,0,0,0,0,0,0,0,0,0,0,0,0,0,0,0,0,0,0,0,0,0,0,0,0,0,0,0,0,0,0,0,0,0,0,0,0,0,0,0,0,0,0,0,0,0,0,0,0,0,0,0,0,0,0,0,0,0,0,0,0,0,0,0,0,0,0,0,0,0,0,0,0,0,0,0,0,0,0,0,0,0,0,0,0,0,0,0,0,0,0,0,0,0,0,0,0,0,0,0,0,0,0,0,0,0,0,0,0,0,0,0,0,0,0,0,0,0,0,0,0,0,0,0,0,0,0,0,0,0,0,0,0,0,0,0,0,0.130930340290503,0,0.0995021257286688,0.0262328672909726,0.256665333310145,3095.76960784314,3100.4362745098
"13","2005-2009","Argentina",0,0.41385553153247,0.0163067545390607,0,0.00312589543879757,0,0,0,0,0,0,0,0,0,0,0,0,0,0.000520982573132929,0,0,0,0,0,0.121844799291464,0,0,0,0.000520982573132929,0.00293052697387272,0,0,0,0,0,0,0,0,0,0,0,0,0,0,0,0,0,0,0,0,0.00117221078954909,0,0,0,0,0,0,0,0,0,0,0,0,0,0,0,0,0,0,0,0,0,0,0,0,0,0,0,0,0,0,0,0,0,0,0,0,0,0,0,0,0,0,0,0,0,0,0,0,0,0,0,0,0,0,0,0,0,0,0,0,0,0,0,0,0,0,0,0,0,0,0,0,0,0,0,0,0,0,0,0,0,0,0,0,0,0,0,0,0,0,0,0,0,0,0,0,0,0,0,0,0,0,0,0,0,0,0,0,0,0,0,0,0,0,0,0,0,0,0,0,0,0.126989502201151,0,0.244874833936805,0.194847482351715,0.566711818489672,638.483333333333,639.816666666667
"14","2010-2014","Argentina",0.00391895599012423,0.39336520750872,0.0316651644002038,0,0.0121487635693851,0,0,0,0,0,0,0,0,0,0,0,0,0,0,0,0,0,0,0,0.0865109534819924,0,0,0,0,0.00244934749382764,0,0,0,0,0,0,0,0,0,0,0,0,0,0,0,0,0,0,0,0,0.000979738997531058,0,0,0,0,0,0,0,0,0,0,0,0,0,0,0,0,0,0,0,0,0,0,0,0,0,0,0,0,0,0,0,0,0,0,0,0,0,0,0,0,0,0,0,0,0,0,0,0,0,0,0,0,0,0,0,0,0,0,0,0,0,0,0,0,0,0,0,0,0,0,0,0,0,0,0,0,0,0,0,0,0,0,0,0,0,0,0,0,0,0,0,0,0,0,0,0,0,0,0,0,0,0,0,0,0,0,0,0,0,0,0,0,0,0,0,0,0,0,0,0,0,0.0899400399733511,0,0.442704863424384,0.0262570051338323,0.558901908531567,1276.85,1275.85
"15","2015-2019","Argentina",0.00102774922918808,0.487153134635149,0.0431654676258993,0,0.0205549845837616,0,0,0,0,0,0,0,0,0,0.00205549845837616,0,0,0,0,0,0,0,0,0,0.207605344295992,0,0,0,0,0,0,0,0,0,0,0,0,0,0,0,0,0,0,0,0,0,0,0,0,0,0,0,0,0,0,0,0,0,0,0,0,0,0,0,0,0,0,0,0,0,0,0,0,0,0,0,0,0,0,0,0,0,0,0,0,0,0,0,0,0,0,0,0,0,0,0,0,0,0,0,0,0,0,0,0,0,0,0,0,0,0,0,0,0,0,0,0,0,0,0,0,0,0,0,0,0,0,0,0,0,0,0,0,0,0,0,0,0,0,0,0,0,0,0,0,0,0,0,0,0,0,0,0,0,0,0,0,0,0,0,0,0,0,0,0,0,0,0,0,0,0,0,0.209660842754368,0,0.00616649537512847,0.232271325796506,0.448098663926002,486.5,486.5
"16","2020-2022","Argentina",0.0025974025974026,0.506493506493506,0.0493506493506494,0,0.0233766233766234,0,0,0,0,0,0,0,0,0,0.00519480519480519,0,0,0,0,0,0,0,0,0,0,0,0,0,0,0,0,0,0,0,0,0,0,0,0,0,0,0,0,0,0,0,0,0,0,0,0,0,0,0,0,0,0,0,0,0,0,0,0,0,0,0,0,0,0,0,0,0,0,0,0,0,0,0,0,0,0,0,0,0,0,0,0,0,0,0,0,0,0,0,0,0,0,0,0,0,0,0,0,0,0,0,0,0,0,0,0,0,0,0,0,0,0,0,0,0,0,0,0,0,0,0,0,0,0,0,0,0,0,0,0,0,0,0,0,0,0,0,0,0,0,0,0,0,0,0,0,0,0,0,0,0,0,0,0,0,0,0,0,0,0,0,0,0,0,0,0,0,0.00519480519480519,0,0,0.412987012987013,0.418181818181818,192.5,192.5
"17","2005-2009","Armenia",0.923076923076923,0.0384615384615385,0,0,0,0,0,0,0,0,0,0,0,0,0.0256410256410256,0.0128205128205128,0,0,0,0,0,0,0,0,0,0,0,0,0,0,0,0,0,0,0,0,0,0,0,0,0,0,0,0,0,0,0,0,0,0,0,0,0,0,0,0,0,0,0,0,0,0,0,0,0,0,0,0,0,0,0,0,0,0,0,0,0,0,0,0,0,0,0,0,0,0,0,0,0,0,0,0,0,0,0,0,0,0,0,0,0,0,0,0,0,0,0,0,0,0,0,0,0,0,0,0,0,0,0,0,0,0,0,0,0,0,0,0,0,0,0,0,0,0,0,0,0,0,0,0,0,0,0,0,0,0,0,0,0,0,0,0,0,0,0,0,0,0,0,0,0,0,0,0,0,0,0,0,0,0,0,0,0.0384615384615385,0,0,0,0.0384615384615385,15.6,15.6
"18","2010-2014","Armenia",0.923076923076923,0.0384615384615385,0,0,0,0,0,0,0,0,0,0,0,0,0.0256410256410256,0.0128205128205128,0,0,0,0,0,0,0,0,0,0,0,0,0,0,0,0,0,0,0,0,0,0,0,0,0,0,0,0,0,0,0,0,0,0,0,0,0,0,0,0,0,0,0,0,0,0,0,0,0,0,0,0,0,0,0,0,0,0,0,0,0,0,0,0,0,0,0,0,0,0,0,0,0,0,0,0,0,0,0,0,0,0,0,0,0,0,0,0,0,0,0,0,0,0,0,0,0,0,0,0,0,0,0,0,0,0,0,0,0,0,0,0,0,0,0,0,0,0,0,0,0,0,0,0,0,0,0,0,0,0,0,0,0,0,0,0,0,0,0,0,0,0,0,0,0,0,0,0,0,0,0,0,0,0,0,0,0.0384615384615385,0,0,0,0.0384615384615385,62.4,62.4
"19","2015-2019","Armenia",0.791666666666667,0.1,0.0166666666666667,0,0,0,0,0,0,0,0,0,0,0,0,0.0166666666666667,0,0,0.00833333333333333,0,0,0,0,0,0,0,0,0,0,0,0,0,0,0,0,0,0,0,0,0,0,0,0,0,0,0,0,0,0,0,0,0,0,0,0,0,0,0,0,0,0,0,0,0,0,0,0,0,0,0,0,0,0,0,0,0.0666666666666667,0,0,0,0,0,0,0,0,0,0,0,0,0,0,0,0,0,0,0,0,0,0,0,0,0,0,0,0,0,0,0,0,0,0,0,0,0,0,0,0,0,0,0,0,0,0,0,0,0,0,0,0,0,0,0,0,0,0,0,0,0,0,0,0,0,0,0,0,0,0,0,0,0,0,0,0,0,0,0,0,0,0,0,0,0,0,0,0,0,0,0,0,0,0,0,0,0.0916666666666667,0,0,0,0.0916666666666667,120,120
"20","1990-1994","Australia",0.0211118930330753,0.843771991555243,0.071780436312456,0,0,0.00844475721323012,0,0,0,0,0,0,0,0.0548909218859958,0,0,0,0,0,0,0,0,0,0,0,0,0,0,0,0,0,0,0,0,0,0,0,0,0,0,0,0,0,0,0,0,0,0,0,0,0,0,0,0,0,0,0,0,0,0,0,0,0,0,0,0,0,0,0,0,0,0,0,0,0,0,0,0,0,0,0,0,0,0,0,0,0,0,0,0,0,0,0,0,0,0,0,0,0,0,0,0,0,0,0,0,0,0,0,0,0,0,0,0,0,0,0,0,0,0,0,0,0,0,0,0,0,0,0,0,0,0,0,0,0,0,0,0,0,0,0,0,0,0,0,0,0,0,0,0,0,0,0,0,0,0,0,0,0,0,0,0,0,0,0,0,0,0,0,0,0,0,0.0548909218859958,0,0,0,0.0548909218859958,47.3666666666667,47.3666666666667
"21","1995-1999","Australia",0.0227067196162466,0.790921244053002,0.0871112334368733,0,0,0.00908268784649864,0,0,0,0,0,0,0,0.0901781150473794,0,0,0,0,0,0,0,0,0,0,0,0,0,0,0,0,0,0,0,0,0,0,0,0,0,0,0,0,0,0,0,0,0,0,0,0,0,0,0,0,0,0,0,0,0,0,0,0,0,0,0,0,0,0,0,0,0,0,0,0,0,0,0,0,0,0,0,0,0,0,0,0,0,0,0,0,0,0,0,0,0,0,0,0,0,0,0,0,0,0,0,0,0,0,0,0,0,0,0,0,0,0,0,0,0,0,0,0,0,0,0,0,0,0,0,0,0,0,0,0,0,0,0,0,0,0,0,0,0,0,0,0,0,0,0,0,0,0,0,0,0,0,0,0,0,0,0,0,0,0,0,0,0,0,0,0,0,0,0.0901781150473794,0,0,0,0.0901781150473794,110.099567099567,110.099567099567
"22","2000-2004","Australia",0.00743711123214074,0.875098996318606,0.040152374478401,0.0030786114716975,0.00170269573015672,0.00104053627954021,0,0,0,0,0,0,0,0.0615372172923125,0.00847048128386043,0,0,0,0,0,0,0,0,0,0,0,0,0,0,0,0,0,0,0,0,0,0,0,0,0,0,0,0,0,0,0,0,0,0,0,0,0,0,0,0,0,0,0,0,0,0,0,0,0,0,0,0,0,0,0,0,0,0,0,0,0,0,0,0,0,0,0,0,0,0,0,0,0,0,0,0,0,0,0,0,0,0,0,0,0,0,0,0,0,0,0,0,0,0,0,0,0,0,0,0,0,0,0,0,0,0,0,0,0,0,0,0,0,0,0,0,0,0,0,0,0,0,0,0,0,0,0,0,0,0,0,0,0,0,0,0,0,0,0,0,0,0,0,0,0,0,0,0,0,0,0,0,0,0,0,0,0.00148197591328455,0.0714896744894574,0,0,0,0.0714896744894574,2114.56103896104,2114.29437229437
"23","2005-2009","Australia",0.00691870046405991,0.830850448126716,0.0578253307451779,0.00216997789776145,0.000779690328385984,0.00154616556646034,0,0,0,0,0,0,0,0.0830478323197259,0.00785577050433891,0,0,0,7.92905418697611e-05,0.000145365993427895,7.92905418697611e-05,0,0,0,0.000528603612465074,0,6.60754515581342e-05,0,0,0,0,0,0,0,0,0,0,0,0,0,0,0,0,0,0,0,0,0,0,0,0,0,0,0,0,0,0,0,0,0,0,0,0,0,0,0,0,0,0,0,0,0,0,0,0,0,0,0,0,0,0,0,0,0,0,0,0,0,0,0,0,0,0,0,0,0,0,0,0,0,0,0,0,0,0,0,0,0,0,0,0,0,0,0,0,0,0,0,0,0,0,0,0,0,0,0,0,0,0,0,0,0,0,0,0,0,0,0,0,0,0,0,0,0,0,0,0,0,0,0,0,0,0,0,0,0,0,0,0,0,0,0,0,0,0,0,0,0,0,0,0,0.00124221848929292,0.0930444474545484,9.5,0.00686523941689015,0,0.0999096868714385,12680.3863636364,12611.8446969697
"24","2010-2014","Australia",0.00834871040505286,0.78956528460871,0.070464365579398,0.00302681253689012,0.00195178685314949,0.00310588690544657,0,0,0,0,0,0,0,0.102889099702441,0.0117122640334053,0.000101832357555625,0,0,0.000101832357555625,1.69720595926042e-05,0.000101832357555625,0,0,0,0.000135776476740834,0,1.69720595926042e-05,0,0,0,0,0,0.000101832357555625,0,0,0,0,0,0,0,0,0.000101832357555625,0,0,0,0,0,0.000101832357555625,0,0,0,0,0,0,0,0,0,0,0,0,0,0,0,0,0,0,0,0,0,0,0,0,0,0,0,0,0,0,0,0,0,0,0,0,0,0,0,0,0,0,0,0,0,0,0,0,0,0,0,0,0,0,0,0,0,0,0,0,0,0,0,0,0,0,0,0,0,0,0,0,0,0,0,0,0,0,0,0,0,0,0,0,0,0,0,0,0,0,0,0,0,0,0,0,0,0,0,0,0,0,0,0,0,0,0,0,0,0,0,0,0,0,0,0,0,0,0,0,0,0,0,0.0015953736017048,0.116977452078811,7.5,0.00655970103254153,0,0.123537153111353,9928.18636363636,9820.06136363636
"25","2015-2019","Australia",0.0203560988572947,0.697262822216317,0.0612808929045974,0.00589954823279298,0.00669678448046771,0.00749402072814244,0,0,0,0,0,0,0,0.177464788732394,0.00558065373372309,0,0,0,0.000797236247674728,0.00558065373372309,0,0,0,0,0.00159447249534946,0,0,0,0,0,0,0,0,0,0,0,0,0,0,0,0,0,0,0,0,0,0,0,0,0,0,0,0,0,0,0,0,0,0,0,0,0,0,0,0,0,0,0,0,0,0,0,0,0,0,0,0,0,0,0,0,0,0,0,0,0,0,0,0,0,0,0,0,0,0,0,0,0,0,0,0,0,0,0,0,0,0,0,0,0,0,0,0,0,0,0,0,0,0,0,0,0,0,0,0,0,0,0,0,0,0,0,0,0,0,0,0,0,0,0,0,0,0,0,0,0,0,0,0,0,0,0,0,0,0,0,0,0,0,0,0,0,0,0,0,0,0,0,0,0,0,0.00999202763752325,0.201009832580388,3,0,0,0.201009832580388,1263.4,1254.33333333333
"26","2000-2004","Austria",0.00531914893617021,0.797872340425532,0.0372340425531915,0.00531914893617021,0.0319148936170213,0.0106382978723404,0.00531914893617021,0,0,0,0,0,0,0.0425531914893617,0.0531914893617021,0,0,0,0,0,0,0,0.00531914893617021,0,0.00531914893617021,0,0,0,0,0,0,0,0,0,0,0,0,0,0,0,0,0,0,0,0,0,0,0,0,0,0,0,0,0,0,0,0,0,0,0,0,0,0,0,0,0,0,0,0,0,0,0,0,0,0,0,0,0,0,0,0,0,0,0,0,0,0,0,0,0,0,0,0,0,0,0,0,0,0,0,0,0,0,0,0,0,0,0,0,0,0,0,0,0,0,0,0,0,0,0,0,0,0,0,0,0,0,0,0,0,0,0,0,0,0,0,0,0,0,0,0,0,0,0,0,0,0,0,0,0,0,0,0,0,0,0,0,0,0,0,0,0,0,0,0,0,0,0,0,0,0,0,0.106382978723404,0,0,0,0.106382978723404,188,188
"27","2005-2009","Austria",0.0489145369607035,0.643583402033526,0.0887606485298159,0,0.0247320692497939,0,0,0,0,0,0,0,0,0.0527617477328937,0.0296784830997527,0,0,0,0,0,0,0,0,0,0,0,0,0,0,0,0,0,0,0,0,0,0,0,0,0,0,0,0,0,0,0,0,0,0,0,0,0,0,0,0,0,0,0,0,0,0,0,0,0,0,0,0,0,0,0,0,0,0,0,0,0,0,0,0,0,0,0,0,0,0,0,0,0,0,0,0,0,0,0,0,0,0,0,0,0,0,0,0,0,0,0,0,0,0,0,0,0,0,0,0,0,0,0,0,0,0,0,0,0,0,0,0,0,0,0,0,0,0,0,0,0,0,0,0,0,0,0,0,0,0,0,0,0,0,0,0,0,0,0,0,0,0,0,0,0,0,0,0,0,0,0,0,0,0,0,0,0,0.0824402308326463,0,0.111569112393515,0,0.194009343226161,141.666666666667,173.285714285714
"28","2010-2014","Austria",0.0457882294388453,0.646634316287172,0.085230807515242,0,0.0279955207166853,0,0,0,0,0,0,0,0,0.0597237775289287,0.0335946248600224,0,0,0,0,0,0,0,0,0,0,0,0,0,0,0,0,0,0,0,0,0,0,0,0,0,0,0,0,0,0,0,0,0,0,0,0,0,0,0,0,0,0,0,0,0,0,0,0,0,0,0,0,0,0,0,0,0,0,0,0,0,0,0,0,0,0,0,0,0,0,0,0,0,0,0,0,0,0,0,0,0,0,0,0,0,0,0,0,0,0,0,0,0,0,0,0,0,0,0,0,0,0,0,0,0,0,0,0,0,0,0,0,0,0,0,0,0,0,0,0,0,0,0,0,0,0,0,0,0,0,0,0,0,0,0,0,0,0,0,0,0,0,0,0,0,0,0,0,0,0,0,0,0,0,0,0,0,0.0933184023889511,0,0.101032723653104,0,0.194351126042056,320.333333333333,382.714285714286
"29","1995-1999","Azerbaijan",0.912,0.032,0,0,0,0,0,0,0,0,0,0,0,0,0,0.008,0,0,0,0,0,0,0,0,0,0,0,0,0,0,0,0,0,0,0,0,0,0,0,0,0,0,0,0,0,0,0,0,0,0,0,0,0,0,0,0,0,0,0,0,0,0,0,0,0,0,0,0,0,0,0,0,0,0,0,0,0,0,0,0,0,0,0,0,0,0,0,0,0,0,0,0,0,0,0,0,0,0,0,0,0,0,0,0,0,0,0,0,0,0,0,0,0,0,0,0,0,0,0,0,0,0,0,0,0,0,0,0,0,0,0,0,0,0,0,0,0,0,0,0,0,0,0,0,0,0,0,0,0,0,0,0,0,0,0,0,0,0,0,0,0,0,0,0,0,0,0,0,0,0,0,0,0.008,0,0.048,0,0.056,31.25,31.25
"30","2000-2004","Azerbaijan",0.903107861060329,0.0438756855575868,0,0,0,0,0,0,0,0,0,0,0,0,0.00731261425959781,0.0127970749542962,0,0,0,0,0,0,0,0,0,0,0,0,0,0,0,0,0,0,0,0,0,0,0,0,0,0,0,0,0,0,0,0,0,0,0,0,0,0,0,0,0,0,0,0,0,0,0,0,0,0,0,0,0,0,0,0,0,0,0,0,0,0,0,0,0,0,0,0,0,0,0,0,0,0,0,0,0,0,0,0,0,0,0,0,0,0,0,0,0,0,0,0,0,0,0,0,0,0,0,0,0,0,0,0,0,0,0,0,0,0,0,0,0,0,0,0,0,0,0,0,0,0,0,0,0,0,0,0,0,0,0,0,0,0,0,0,0,0,0,0,0,0,0,0,0,0,0,0,0,0,0,0,0,0,0,0,0.020109689213894,0,0.0329067641681901,0,0.0530164533820841,136.75,136.75
"31","2015-2019","Azerbaijan",0.885416666666667,0.0520833333333333,0,0,0,0,0,0,0,0,0,0,0,0,0,0,0,0,0,0,0,0,0,0,0,0,0,0,0,0,0,0,0,0,0,0,0,0,0,0,0,0,0,0,0,0,0,0,0,0,0,0,0,0,0,0,0,0,0,0,0,0,0,0,0,0,0,0,0,0,0,0,0,0,0,0.0625,0,0,0,0,0,0,0,0,0,0,0,0,0,0,0,0,0,0,0,0,0,0,0,0,0,0,0,0,0,0,0,0,0,0,0,0,0,0,0,0,0,0,0,0,0,0,0,0,0,0,0,0,0,0,0,0,0,0,0,0,0,0,0,0,0,0,0,0,0,0,0,0,0,0,0,0,0,0,0,0,0,0,0,0,0,0,0,0,0,0,0,0,0,0,0,0,0.0625,0,0,0,0.0625,96,96
"32","1995-1999","Bangladesh",0.0656565656565657,0.0252525252525253,0.414141414141414,0.0202020202020202,0,0.0454545454545455,0,0,0,0,0,0,0,0.0909090909090909,0.0252525252525253,0,0,0,0.00505050505050505,0.242424242424242,0.0252525252525253,0.0101010101010101,0.0101010101010101,0,0,0.00505050505050505,0.00505050505050505,0.0101010101010101,0,0,0,0,0,0,0,0,0,0,0,0,0,0,0,0,0,0,0,0,0,0,0,0,0,0,0,0,0,0,0,0,0,0,0,0,0,0,0,0,0,0,0,0,0,0,0,0,0,0,0,0,0,0,0,0,0,0,0,0,0,0,0,0,0,0,0,0,0,0,0,0,0,0,0,0,0,0,0,0,0,0,0,0,0,0,0,0,0,0,0,0,0,0,0,0,0,0,0,0,0,0,0,0,0,0,0,0,0,0,0,0,0,0,0,0,0,0,0,0,0,0,0,0,0,0,0,0,0,0,0,0,0,0,0,0,0,0,0,0,0,0,0,0,0.429292929292929,2,0,0,0.429292929292929,28.2857142857143,28.2857142857143
"33","2000-2004","Bangladesh",0.0646766169154229,0.0248756218905473,0.407960199004975,0.0199004975124378,0,0.0447761194029851,0,0,0,0,0,0,0,0.0895522388059702,0.0248756218905473,0,0,0,0.00497512437810945,0.238805970149254,0.0248756218905473,0.00995024875621891,0.00995024875621891,0,0,0.00497512437810945,0.00497512437810945,0.00995024875621891,0,0,0,0,0,0,0,0,0,0,0,0,0,0,0.00149253731343284,0,0,0,0,0,0,0,0,0,0,0,0,0.00149253731343284,0,0,0,0,0,0.00298507462686567,0,0,0,0,0,0,0,0,0,0,0,0,0,0,0,0,0,0,0,0,0,0,0,0,0,0,0,0,0,0,0,0,0,0,0,0,0,0,0,0,0,0,0,0,0,0,0,0,0,0,0,0,0,0,0,0,0,0,0,0,0,0,0,0,0,0,0,0,0,0,0,0,0,0,0,0,0,0,0,0,0,0,0,0,0,0,0,0,0,0,0,0,0,0,0,0,0,0,0,0,0,0,0,0,0,0,0,0,0,0,0.428855721393035,10,0.00895522388059702,0,0.437810945273632,143.571428571429,143.571428571429
"34","2005-2009","Bangladesh",0.0536779324055666,0.0238568588469185,0.41351888667992,0.00795228628230616,0,0.0178926441351889,0,0,0,0,0,0,0,0.0357852882703777,0.0795228628230616,0,0,0,0.0159045725646123,0.0954274353876739,0.0099403578528827,0.0457256461232604,0.00397614314115308,0,0,0.0159045725646123,0.00198807157057654,0.00397614314115308,0.0417495029821074,0,0,0,0,0,0,0,0,0.0417495029821074,0,0,0,0,0.00497017892644135,0,0,0,0,0,0,0,0,0,0,0,0,0.0188866799204771,0,0,0,0,0,0.0099403578528827,0,0,0,0,0,0,0,0,0,0,0,0,0,0,0,0,0,0,0,0,0,0,0,0,0,0,0,0,0,0,0,0,0,0,0,0,0,0,0,0,0,0,0,0,0,0,0,0,0,0,0,0,0,0,0,0,0,0,0,0,0,0,0,0,0,0,0,0,0,0,0,0,0,0,0,0,0,0,0,0,0,0,0,0,0,0,0,0,0,0,0,0,0,0,0,0,0,0,0,0,0,0,0,0,0,0,0,0,0,0,0.42544731610338,2,0.0576540755467197,0,0.483101391650099,71.8571428571429,71.8571428571429
"35","2010-2014","Bangladesh",0,0,0,0,0,0,0,0,0,0,0,0,0,0,0,0,0,0,0,0,0,0,0,0,0,0,0,0,0,0,0,0,0,0,0,0,0,0,0,0,0,0,0.1,0,0,0,0,0,0,0,0,0,0,0,0,0.1,0,0,0,0,0,0.2,0,0,0,0,0,0,0,0,0,0,0,0,0,0,0,0,0,0,0,0,0,0,0,0,0,0,0,0,0,0,0,0,0,0,0,0,0,0,0,0,0,0,0,0,0,0,0,0,0,0,0,0,0,0,0,0,0,0,0,0,0,0,0,0,0,0,0,0,0,0,0,0,0,0,0,0,0,0,0,0,0,0,0,0,0,0,0,0,0,0,0,0,0,0,0,0,0,0,0,0,0,0,0,0,0,0,0,0,0,0,0.4,0,0.6,0,1,3.57142857142857,3.57142857142857
"36","2015-2019","Bangladesh",0.0179487179487179,0,0.0897435897435897,0,0,0,0,0,0,0,0,0,0,0,0,0,0,0,0,0.0897435897435897,0.628205128205128,0,0,0.0179487179487179,0,0,0,0,0,0,0,0,0,0,0,0,0,0,0,0,0,0,0.00128205128205128,0,0,0,0,0,0,0,0,0,0,0,0,0.00128205128205128,0,0,0,0,0,0.00256410256410256,0,0,0,0,0,0,0,0.0179487179487179,0,0,0,0.0179487179487179,0,0,0.107692307692308,0,0,0,0,0,0,0,0,0,0,0,0,0,0,0,0,0,0,0,0,0,0,0,0,0,0,0,0,0,0,0,0,0,0,0,0,0,0,0,0,0,0,0,0,0,0,0,0,0,0,0,0,0,0,0,0,0,0,0,0,0,0,0,0,0,0,0,0,0,0,0,0,0,0,0,0,0,0,0,0,0,0,0,0,0,0,0,0,0,0,0,0,0,0,0,0.884615384615385,44,0.00769230769230769,0,0.892307692307692,65.7142857142857,55.7142857142857
"37","1995-1999","Barbados",0,1,0,0,0,0,0,0,0,0,0,0,0,0,0,0,0,0,0,0,0,0,0,0,0,0,0,0,0,0,0,0,0,0,0,0,0,0,0,0,0,0,0,0,0,0,0,0,0,0,0,0,0,0,0,0,0,0,0,0,0,0,0,0,0,0,0,0,0,0,0,0,0,0,0,0,0,0,0,0,0,0,0,0,0,0,0,0,0,0,0,0,0,0,0,0,0,0,0,0,0,0,0,0,0,0,0,0,0,0,0,0,0,0,0,0,0,0,0,0,0,0,0,0,0,0,0,0,0,0,0,0,0,0,0,0,0,0,0,0,0,0,0,0,0,0,0,0,0,0,0,0,0,0,0,0,0,0,0,0,0,0,0,0,0,0,0,0,0,0,0,0,0,0,0,0,0,36,36
"38","1995-1999","Belarus",1,0,0,0,0,0,0,0,0,0,0,0,0,0,0,0,0,0,0,0,0,0,0,0,0,0,0,0,0,0,0,0,0,0,0,0,0,0,0,0,0,0,0,0,0,0,0,0,0,0,0,0,0,0,0,0,0,0,0,0,0,0,0,0,0,0,0,0,0,0,0,0,0,0,0,0,0,0,0,0,0,0,0,0,0,0,0,0,0,0,0,0,0,0,0,0,0,0,0,0,0,0,0,0,0,0,0,0,0,0,0,0,0,0,0,0,0,0,0,0,0,0,0,0,0,0,0,0,0,0,0,0,0,0,0,0,0,0,0,0,0,0,0,0,0,0,0,0,0,0,0,0,0,0,0,0,0,0,0,0,0,0,0,0,0,0,0,0,0,0,0,0,0,0,0,0,0,40,40
"39","2000-2004","Belarus",0.866666666666667,0.133333333333333,0,0,0,0,0,0,0,0,0,0,0,0,0,0,0,0,0,0,0,0,0,0,0,0,0,0,0,0,0,0,0,0,0,0,0,0,0,0,0,0,0,0,0,0,0,0,0,0,0,0,0,0,0,0,0,0,0,0,0,0,0,0,0,0,0,0,0,0,0,0,0,0,0,0,0,0,0,0,0,0,0,0,0,0,0,0,0,0,0,0,0,0,0,0,0,0,0,0,0,0,0,0,0,0,0,0,0,0,0,0,0,0,0,0,0,0,0,0,0,0,0,0,0,0,0,0,0,0,0,0,0,0,0,0,0,0,0,0,0,0,0,0,0,0,0,0,0,0,0,0,0,0,0,0,0,0,0,0,0,0,0,0,0,0,0,0,0,0,0,0,0,0,0,0,0,30,30
"40","2015-2019","Belarus",0.943037974683544,0.0379746835443038,0,0,0,0,0,0,0,0,0,0,0,0,0,0.0189873417721519,0,0,0,0,0,0,0,0,0,0,0,0,0,0,0,0,0,0,0,0,0,0,0,0,0,0,0,0,0,0,0,0,0,0,0,0,0,0,0,0,0,0,0,0,0,0,0,0,0,0,0,0,0,0,0,0,0,0,0,0,0,0,0,0,0,0,0,0,0,0,0,0,0,0,0,0,0,0,0,0,0,0,0,0,0,0,0,0,0,0,0,0,0,0,0,0,0,0,0,0,0,0,0,0,0,0,0,0,0,0,0,0,0,0,0,0,0,0,0,0,0,0,0,0,0,0,0,0,0,0,0,0,0,0,0,0,0,0,0,0,0,0,0,0,0,0,0,0,0,0,0,0,0,0,0,0,0.0189873417721519,0,0,0,0.0189873417721519,158,158
"41","1980-1989","Belgium",0.134584450402145,0.605093833780161,0.0867292225201072,0.0486595174262735,0.0215817694369973,0.0344504021447721,0.00884718498659517,0.00938337801608579,0,0,0,0,0,0,0,0,0,0,0,0,0,0,0,0,0,0,0,0,0,0,0,0,0,0,0,0,0,0,0,0,0,0,0,0,0,0,0,0,0,0,0,0,0,0,0,0,0,0,0,0,0,0,0,0,0,0,0,0,0,0,0,0,0,0,0,0,0,0,0,0,0,0,0,0,0,0,0,0,0,0,0,0,0,0,0,0,0,0,0,0,0,0,0,0,0,0,0,0,0,0,0,0,0,0,0,0,0,0,0,0,0,0,0,0,0,0,0,0,0,0,0,0,0,0,0,0,0,0,0,0,0,0,0,0,0,0,0,0,0,0,0,0,0,0,0,0,0,0,0,0,0,0,0,0,0,0,0,0,0,0,0,0.046916890080429,0.046916890080429,0,0.00375335120643432,0,0.0506702412868633,196.315789473684,196.315789473684
"42","1990-1994","Belgium",0.136730888750777,0.610627719080174,0.0912057178371659,0.0495649471721566,0.0237725295214419,0.0293660658794282,0.00901180857675575,0.00776880049720323,0,0,0,0,0,0,0,0,0,0,0,0,0,0,0,0,0,0,0,0,0,0,0,0,0,0,0,0,0,0,0,0,0,0,0,0,0,0,0,0,0,0,0,0,0,0,0,0,0,0,0,0,0,0,0,0,0,0,0,0,0,0,0,0,0,0,0,0,0,0,0,0,0,0,0,0,0,0,0,0,0,0,0,0,0,0,0,0,0,0,0,0,0,0,0,0,0,0,0,0,0,0,0,0,0,0,0,0,0,0,0,0,0,0,0,0,0,0,0,0,0,0,0,0,0,0,0,0,0,0,0,0,0,0,0,0,0,0,0,0,0,0,0,0,0,0,0,0,0,0,0,0,0,0,0,0,0,0,0,0,0,0,0,0.0388440024860162,0.0388440024860162,0,0.00310752019888129,0,0.0419515226848974,169.368421052632,169.368421052632
"43","1995-1999","Belgium",0.133627019089574,0.540014684287812,0.111233480176211,0.0341409691629956,0.0106461086637298,0.0451541850220264,0.00367107195301028,0.0161527165932452,0,0,0,0,0,0,0.0279001468428781,0,0,0,0,0,0,0,0,0,0,0.00697503671071953,0,0,0,0,0,0,0,0,0,0,0,0,0,0,0,0,0,0,0,0,0,0,0,0,0,0,0,0,0,0,0,0,0,0,0,0,0,0,0,0,0,0,0,0,0,0,0,0,0,0,0,0,0,0,0,0,0,0,0,0,0,0,0,0,0,0,0,0,0,0,0,0,0,0,0,0,0,0,0,0,0,0,0,0,0,0,0,0,0,0,0,0,0,0,0,0,0,0,0,0,0,0,0,0,0,0,0,0,0,0,0,0,0,0,0,0,0,0,0,0,0,0,0,0,0,0,0,0,0,0,0,0,0,0,0,0,0,0,0,0,0,0,0,0,0,0.0458883994126285,0.0807635829662261,0,0.0245961820851689,0,0.105359765051395,143.368421052632,143.368421052632
"44","2000-2004","Belgium",0.166267334640238,0.486604225658898,0.121614753503231,0.00733318812168736,0.0060988891309083,0.0311478980614245,0.0019603572206491,0.00697015900675234,0,0,0,0,0,0,0.0938067232992086,0,0,0,0.00275902127350613,0,0,0,0,0,0,0.00275902127350613,0,0,0,0,0,0,0,0,0,0,0,0,0,0,0,0,0,0,0,0,0,0,0,0,0,0,0,0,0,0,0,0,0,0,0,0,0,0,0,0,0,0,0,0,0,0,0,0,0,0,0,0,0,0,0,0,0,0,0,0,0,0,0,0,0,0,0,0,0,0,0,0,0,0,0,0,0,0,0,0,0,0,0,0,0,0,0,0,0,0,0,0,0,0,0,0,0,0,0,0,0,0,0,0,0,0,0,0,0,0,0,0,0,0,0,0,0,0,0,0,0,0,0,0,0,0,0,0,0,0,0,0,0,0,0,0,0,0,0,0,0,0,0,0,0,0.00726058229870036,0.106585348144921,0,0.0654178465112902,0,0.172003194656211,362.447368421053,362.447368421053
"45","2005-2009","Belgium",0.138693467336683,0.526633165829146,0.0733668341708543,0.00703517587939699,0.0180904522613065,0.0291457286432161,0.00301507537688442,0,0,0,0,0,0,0,0.0924623115577889,0,0,0,0.00201005025125628,0,0,0,0,0,0,0.00402010050251256,0,0,0,0,0,0,0,0,0,0,0,0,0,0,0,0,0,0,0,0,0,0,0,0,0,0,0,0,0,0,0,0,0,0,0,0,0,0,0,0,0,0,0,0,0,0,0,0,0,0,0,0,0,0,0,0,0,0,0,0,0,0,0,0,0,0,0,0,0,0,0,0,0,0,0,0,0,0,0,0,0,0,0,0,0,0,0,0,0,0,0,0,0,0,0,0,0,0,0,0,0,0,0,0,0,0,0,0,0,0,0,0,0,0,0,0,0,0,0,0,0,0,0,0,0,0,0,0,0,0,0,0,0,0,0,0,0,0,0,0,0,0,0,0,0,0,0.0984924623115578,0,0.105527638190955,0,0.204020100502513,497.5,497.5
"46","2010-2014","Belgium",0.0847665847665848,0.51965601965602,0.0614250614250614,0.00982800982800983,0.105651105651106,0.0184275184275184,0,0,0,0,0,0,0,0.0208845208845209,0.115479115479115,0,0,0,0.00122850122850123,0,0,0,0,0,0,0,0,0,0,0,0,0,0,0,0,0,0,0,0,0,0,0,0,0,0,0,0,0,0,0,0,0,0,0,0,0,0,0,0,0,0,0,0,0,0,0,0,0,0,0,0,0,0,0,0,0,0,0,0,0,0,0,0,0,0,0,0,0,0,0,0,0,0,0,0,0,0,0,0,0,0,0,0,0,0,0,0,0,0,0,0,0,0,0,0,0,0,0,0,0,0,0,0,0,0,0,0,0,0,0,0,0,0,0,0,0,0,0,0,0,0,0,0,0,0,0,0,0,0,0,0,0,0,0,0,0,0,0,0,0,0,0,0,0,0,0,0,0,0,0,0,0.0110565110565111,0.148648648648649,0,0.0515970515970516,0,0.2002457002457,813,814
"47","2015-2019","Belgium",0.0975609756097561,0.463414634146341,0.0975609756097561,0.024390243902439,0.0731707317073171,0.024390243902439,0,0,0,0,0,0,0,0,0.0731707317073171,0,0,0,0,0,0,0,0,0,0,0,0,0,0,0,0,0,0,0,0,0,0,0,0,0,0,0,0,0,0,0,0,0,0,0,0,0,0,0,0,0,0,0,0,0,0,0,0,0,0,0,0,0,0,0,0,0,0,0,0,0,0,0,0,0,0,0,0,0,0,0,0,0,0,0,0,0,0,0,0,0,0,0,0,0,0,0,0,0,0,0,0,0,0,0,0,0,0,0,0,0,0,0,0,0,0,0,0,0,0,0,0,0,0,0,0,0,0,0,0,0,0,0,0,0,0,0,0,0,0,0,0,0,0,0,0,0,0,0,0,0,0,0,0,0,0,0,0,0,0,0,0,0,0,0,0,0,0.0731707317073171,0,0.146341463414634,0,0.219512195121951,41,41
"48","1990-1994","Benin",0.904761904761905,0,0,0,0,0.0952380952380952,0,0,0,0,0,0,0,0,0,0,0,0,0,0,0,0,0,0,0,0,0,0,0,0,0,0,0,0,0,0,0,0,0,0,0,0,0,0,0,0,0,0,0,0,0,0,0,0,0,0,0,0,0,0,0,0,0,0,0,0,0,0,0,0,0,0,0,0,0,0,0,0,0,0,0,0,0,0,0,0,0,0,0,0,0,0,0,0,0,0,0,0,0,0,0,0,0,0,0,0,0,0,0,0,0,0,0,0,0,0,0,0,0,0,0,0,0,0,0,0,0,0,0,0,0,0,0,0,0,0,0,0,0,0,0,0,0,0,0,0,0,0,0,0,0,0,0,0,0,0,0,0,0,0,0,0,0,0,0,0,0,0,0,0,0,0,0,0,0,0,0,21,21
"49","1995-1999","Benin",0.62046204620462,0,0,0.0099009900990099,0,0.155115511551155,0,0,0.0033003300330033,0,0,0,0,0,0.207920792079208,0,0,0,0,0,0,0,0,0,0,0,0,0,0,0,0,0,0,0,0,0,0,0,0,0,0,0,0,0,0,0,0,0,0,0,0,0,0,0,0,0,0,0,0,0,0,0,0,0,0,0,0,0,0,0,0,0,0,0,0,0,0,0,0,0,0,0,0,0,0,0,0,0,0,0,0,0,0,0,0,0,0,0,0,0,0,0,0,0,0,0,0,0,0,0,0,0,0,0,0,0,0,0,0,0,0,0,0,0,0,0,0,0,0,0,0,0,0,0,0,0,0,0,0,0,0,0,0,0,0,0,0,0,0,0,0,0,0,0,0,0,0,0,0,0,0,0,0,0,0,0,0,0,0,0,0,0,0.207920792079208,0,0.0033003300330033,0,0.211221122112211,303,303
"50","2005-2009","Benin",0.03125,0,0,0,0,0.0625,0,0,0,0,0,0,0,0,0.65625,0,0,0,0.03125,0,0,0,0,0,0,0,0,0,0,0,0,0,0,0,0,0,0,0,0,0,0,0,0,0,0,0,0,0,0,0,0,0,0,0,0,0,0,0,0,0,0,0,0,0,0,0,0,0,0,0,0,0,0,0,0,0,0,0,0,0,0,0,0,0,0,0,0,0,0,0,0,0,0,0,0,0,0,0,0,0,0,0,0,0,0,0,0,0,0,0,0,0,0,0,0,0,0,0,0,0,0,0,0,0,0,0,0,0,0,0,0,0,0,0,0,0,0,0,0,0,0,0,0,0,0,0,0,0,0,0,0,0,0,0,0,0,0,0,0,0,0,0,0,0,0,0,0,0,0,0,0,0,0.6875,0,0.21875,0,0.90625,32,32
"51","2015-2019","Benin",0.0282258064516129,0,0,0,0.00403225806451613,0.0645161290322581,0,0,0,0,0,0,0,0.00403225806451613,0.665322580645161,0,0,0,0.0766129032258065,0,0,0,0,0,0,0,0,0,0,0,0,0,0,0,0,0,0,0,0,0,0,0,0,0,0,0,0,0,0,0,0,0,0,0,0,0,0,0,0,0,0,0,0,0,0,0,0,0,0,0,0,0,0,0,0,0,0,0,0,0,0,0,0,0,0,0,0,0,0,0,0,0,0,0,0,0,0,0,0,0,0,0,0,0,0,0,0,0,0,0,0,0,0,0,0,0,0,0,0,0,0,0,0,0,0,0,0,0,0,0,0,0,0,0,0,0,0,0,0,0,0,0,0,0,0,0,0,0,0,0,0,0,0,0,0,0,0,0,0,0,0,0,0,0,0,0,0,0,0,0,0,0,0.745967741935484,0,0.157258064516129,0,0.903225806451613,247,248
"52","1995-1999","Bolivia (Plurinational State of)",0,0.934834123222749,0,0,0.0651658767772512,0,0,0,0,0,0,0,0,0,0,0,0,0,0,0,0,0,0,0,0,0,0,0,0,0,0,0,0,0,0,0,0,0,0,0,0,0,0,0,0,0,0,0,0,0,0,0,0,0,0,0,0,0,0,0,0,0,0,0,0,0,0,0,0,0,0,0,0,0,0,0,0,0,0,0,0,0,0,0,0,0,0,0,0,0,0,0,0,0,0,0,0,0,0,0,0,0,0,0,0,0,0,0,0,0,0,0,0,0,0,0,0,0,0,0,0,0,0,0,0,0,0,0,0,0,0,0,0,0,0,0,0,0,0,0,0,0,0,0,0,0,0,0,0,0,0,0,0,0,0,0,0,0,0,0,0,0,0,0,0,0,0,0,0,0,0,0,0,0,0,0,0,70.3333333333333,70.3333333333333
"53","2000-2004","Bolivia (Plurinational State of)",0,0.914902280130293,0,0,0.0606677524429967,0,0,0,0,0,0,0,0,0,0,0,0,0,0,0,0,0,0,0,0,0,0,0,0,0,0,0,0,0,0,0,0,0,0,0,0,0,0,0,0,0,0,0,0,0,0,0,0,0,0,0,0,0,0,0,0,0,0,0,0,0,0,0,0,0,0,0,0,0,0,0,0,0,0,0,0,0,0,0,0,0,0,0,0,0,0,0,0,0,0,0,0,0,0,0,0,0,0,0,0,0,0,0,0,0,0,0,0,0,0,0,0,0,0,0,0,0,0,0,0,0,0,0,0,0,0,0,0,0,0,0,0,0,0,0,0,0,0,0,0,0,0,0,0,0,0,0,0,0,0,0,0,0,0,0,0,0,0,0,0,0,0,0,0,0,0,0,0,0,0.0244299674267101,0,0.0244299674267101,204.666666666667,204.666666666667
"54","2005-2009","Bolivia (Plurinational State of)",0,0.7,0,0,0,0,0,0,0,0,0,0,0,0,0,0,0,0,0,0,0,0,0,0,0,0,0,0,0,0,0,0,0,0,0,0,0,0,0,0,0,0,0,0,0,0,0,0,0,0,0,0,0,0,0,0,0,0,0,0,0,0,0,0,0,0,0,0,0,0,0,0,0,0,0,0,0,0,0,0,0,0,0,0,0,0,0,0,0,0,0,0,0,0,0,0,0,0,0,0,0,0,0,0,0,0,0,0,0,0,0,0,0,0,0,0,0,0,0,0,0,0,0,0,0,0,0,0,0,0,0,0,0,0,0,0,0,0,0,0,0,0,0,0,0,0,0,0,0,0,0,0,0,0,0,0,0,0,0,0,0,0,0,0,0,0,0,0,0,0,0,0,0,0,0.3,0,0.3,30,30
"55","2010-2014","Bosnia and Herzegovina",0,0.888888888888889,0.037037037037037,0,0,0.037037037037037,0,0,0,0,0,0,0,0,0.037037037037037,0,0,0,0,0,0,0,0,0,0,0,0,0,0,0,0,0,0,0,0,0,0,0,0,0,0,0,0,0,0,0,0,0,0,0,0,0,0,0,0,0,0,0,0,0,0,0,0,0,0,0,0,0,0,0,0,0,0,0,0,0,0,0,0,0,0,0,0,0,0,0,0,0,0,0,0,0,0,0,0,0,0,0,0,0,0,0,0,0,0,0,0,0,0,0,0,0,0,0,0,0,0,0,0,0,0,0,0,0,0,0,0,0,0,0,0,0,0,0,0,0,0,0,0,0,0,0,0,0,0,0,0,0,0,0,0,0,0,0,0,0,0,0,0,0,0,0,0,0,0,0,0,0,0,0,0,0,0.037037037037037,0,0,0,0.037037037037037,27,27
"56","1995-1999","Botswana",0,0,0.96875,0,0,0,0,0,0,0,0,0,0,0,0,0,0,0,0,0,0,0,0,0,0,0,0,0,0,0,0,0,0,0,0,0,0,0,0,0,0,0,0,0,0,0,0,0,0,0,0,0,0,0,0,0,0,0,0,0,0,0,0,0,0,0,0,0,0,0,0,0,0,0,0,0,0,0,0,0,0,0,0,0,0,0,0,0,0,0,0,0,0,0,0,0,0,0,0,0,0,0,0,0,0,0,0,0,0,0,0,0,0,0,0,0,0,0,0,0,0,0,0,0,0,0,0,0,0,0,0,0,0,0,0,0,0,0,0,0,0,0,0,0,0,0,0,0,0,0,0,0,0,0,0,0,0,0,0,0,0,0,0,0,0,0,0,0,0,0,0,0,0,0,0.03125,0,0.03125,32,32
"57","2000-2004","Botswana",0,0,0.994962216624685,0,0,0,0,0,0,0,0,0,0,0,0,0,0,0,0,0,0,0,0,0,0,0,0,0,0,0,0,0,0,0,0,0,0,0,0,0,0,0,0,0,0,0,0,0,0,0,0,0,0,0,0,0,0,0,0,0,0,0,0,0,0,0,0,0,0,0,0,0,0,0,0,0,0,0,0,0,0,0,0,0,0,0,0,0,0,0,0,0,0,0,0,0,0,0,0,0,0,0,0,0,0,0,0,0,0,0,0,0,0,0,0,0,0,0,0,0,0,0,0,0,0,0,0,0,0,0,0,0,0,0,0,0,0,0,0,0,0,0,0,0,0,0,0,0,0,0,0,0,0,0,0,0,0,0,0,0,0,0,0,0,0,0,0,0,0,0,0,0,0,0,0.00503778337531486,0,0.00503778337531486,198.5,198.5
"58","2005-2009","Botswana",0,0,1,0,0,0,0,0,0,0,0,0,0,0,0,0,0,0,0,0,0,0,0,0,0,0,0,0,0,0,0,0,0,0,0,0,0,0,0,0,0,0,0,0,0,0,0,0,0,0,0,0,0,0,0,0,0,0,0,0,0,0,0,0,0,0,0,0,0,0,0,0,0,0,0,0,0,0,0,0,0,0,0,0,0,0,0,0,0,0,0,0,0,0,0,0,0,0,0,0,0,0,0,0,0,0,0,0,0,0,0,0,0,0,0,0,0,0,0,0,0,0,0,0,0,0,0,0,0,0,0,0,0,0,0,0,0,0,0,0,0,0,0,0,0,0,0,0,0,0,0,0,0,0,0,0,0,0,0,0,0,0,0,0,0,0,0,0,0,0,0,0,0,0,0,0,0,362.5,361.5
"59","2010-2014","Botswana",0.00247855100095329,0.000190657769304099,0.994661582459485,0,0.000190657769304099,0,0,0,0,0,0,0,0,0,0,0,0,0,0,0,0,0,0,0.000571973307912297,0,0,0,0,0,0,0,0,0,0,0,0,0,0,0,0,0,0,0,0,0,0,0,0,0,0,0,0,0,0,0,0,0,0,0,0,0,0,0,0,0,0,0,0,0,0,0,0,0,0,0,0,0,0,0,0,0,0,0,0,0,0,0,0,0,0,0,0,0,0,0,0,0,0,0,0,0,0,0,0,0,0,0,0,0,0,0,0,0,0,0,0,0,0,0,0,0,0,0,0,0,0,0,0,0,0,0,0,0,0,0,0,0,0,0,0,0,0,0,0,0,0,0,0,0,0,0,0,0,0,0,0,0,0,0,0,0,0,0,0,0,0,0,0,0,0,0,0,0.000571973307912297,0,0.00190657769304099,0,0.00247855100095329,1748.33333333333,1748.33333333333
"60","2015-2019","Botswana",0.000522807476146909,0.000522807476146909,0.997908770095412,0,0.000522807476146909,0,0,0,0,0,0,0,0,0,0,0,0,0,0,0,0,0,0,0,0,0,0,0,0,0,0,0,0,0,0,0,0,0,0,0,0,0,0,0,0,0,0,0,0,0,0,0,0,0,0,0,0,0,0,0,0,0,0,0,0,0,0,0,0,0,0,0,0,0,0,0,0,0,0,0,0,0,0,0,0,0,0,0,0,0,0,0,0,0,0,0,0,0,0,0,0,0,0,0,0,0,0,0,0,0,0,0,0,0,0,0,0,0,0,0,0,0,0,0,0,0,0,0,0,0,0,0,0,0,0,0,0,0,0,0,0,0,0,0,0,0,0,0,0,0,0,0,0,0,0,0,0,0,0,0,0,0,0,0,0,0,0,0,0,0,0,0,0,0,0.000522807476146909,0,0.000522807476146909,1275.16666666667,1275.16666666667
"61","2020-2022","Botswana",0,0,1,0,0,0,0,0,0,0,0,0,0,0,0,0,0,0,0,0,0,0,0,0,0,0,0,0,0,0,0,0,0,0,0,0,0,0,0,0,0,0,0,0,0,0,0,0,0,0,0,0,0,0,0,0,0,0,0,0,0,0,0,0,0,0,0,0,0,0,0,0,0,0,0,0,0,0,0,0,0,0,0,0,0,0,0,0,0,0,0,0,0,0,0,0,0,0,0,0,0,0,0,0,0,0,0,0,0,0,0,0,0,0,0,0,0,0,0,0,0,0,0,0,0,0,0,0,0,0,0,0,0,0,0,0,0,0,0,0,0,0,0,0,0,0,0,0,0,0,0,0,0,0,0,0,0,0,0,0,0,0,0,0,0,0,0,0,0,0,0,0,0,0,0,0,0,4.5,4.5
"62","1980-1989","Brazil",0,0.782575384446998,0.104361626443386,0.00722377277951075,0.0767252230066218,0,0,0,0,0,0,0,0,0.00240792425983692,0,0,0,0,0,0,0,0,0,0,0.0149400755212609,0,0,0,0,0,0,0,0,0,0,0,0,0,0,0,0,0,0,0,0,0,0,0,0,0,0,0,0,0,0,0,0,0,0,0,0,0,0,0,0,0,0,0,0,0,0,0,0,0,0,0,0,0,0,0,0,0,0,0,0,0,0,0,0,0,0,0,0,0,0,0,0,0,0,0,0,0,0,0,0,0,0,0,0,0,0,0,0,0,0,0,0,0,0,0,0,0,0,0,0,0,0,0,0,0,0,0,0,0,0,0,0,0,0,0,0,0,0,0,0,0,0,0,0,0,0,0,0,0,0,0,0,0,0,0,0,0,0,0,0,0,0,0,0,0,0,0,0.0173479997810978,0,0.00213429650303727,0.00963169703934767,0.0291139933234827,63.8916083916084,63.8916083916084
"63","1990-1994","Brazil",0,0.805572629050471,0.0490921398633024,0.00206574650243535,0.10354698064225,0,0,0,0,0,0,0,0,0.000368883304006312,0,0,0,0,0,0,0,0,0,0,0.00305167096950676,0,0,0,0,0,0,0,0,0,0,0,0,0,0,0,0,0,0,0.0123312418767824,0,0,0,0,0,0,0,0,0,0,0,0,0,0,0,0,0,0,0,0,0,0,0,0,0,0,0,0,0,0,0,0,0,0,0,0,0,0,0,0,0,0,0,0,0,0,0,0,0,0,0,0,0,0,0,0,0,0,0,0,0,0,0,0,0,0,0,0,0,0,0,0,0,0,0,0,0,0,0,0,0,0,0,0,0,0,0,0,0,0,0,0,0,0,0,0,0,0,0,0,0,0,0,0,0,0,0,0,0,0,0,0,0,0,0,0,0,0,0,0,0,0,0,0,0,0,0,0,0.0157517961502955,0,0.0176996916231392,0.00627101616810731,0.0397225039415421,516.895354645355,521.323926073926
"64","1995-1999","Brazil",0.00039744546109916,0.800315106443606,0.0503260980671639,0.002763774591028,0.092273407007578,0,0,0,0,0,0,0,0,0.000152863638884292,0.000317956368879328,0,0,0,0,0,0,0,0,0,0.00126459919440642,0,0,0,0,0,0,0,0,0,0,0,0,0,0,0,0,0,0,0.00851668845212485,0,0,0,0,0,0,0,0,0,0,0,0,0,0,0,0,0,0,0,0,0,0,0,0,0,0,0,0,0,0,0,0,0,0,0,0,0,0,0,0,0,0,0,0,0,0,0,0,0,0,0,0,0,0,0,0,0,0,0,0,0,0,0,0,0,0,0,0,0,0,0,0,0,0,0,0,0,0,0,0,0,0,0,0,0,0,0,0,0,0,0,0,0,0,0,0,0,0,0,0,0,0,0,0,0,0,0,0,0,0,0,0,0,0,0,0,0,0,0,0,0,0,0,0,0,0,0,0,0.0102521076542949,0,0.0364806758081623,0.0071913849670677,0.0539241684295249,1256.31995781996,1258.03424353424
"65","2000-2004","Brazil",6.13145950415061e-05,0.704384722148296,0.12215564943111,0.00176335609640888,0.0645711649676726,0,0,0,0,0,0,0,0,0.000123546288726795,0.000442827630855322,0,0,0,0,0,0,0.000102190991735843,0,0,0.00351444110669724,0,0,0,0,0,0,0,0,0,0,0,0,0,0,0,6.81273278238957e-05,0,0,0.0079076362652736,0,0,0,0,0,0,0,0.000183943785124518,0.000279322044077972,0,0,0,0,0.000136254655647791,0,0,0,0,0,0,0,0,0,0,0,0,0,0,0,0,0,0,0,0,0,0,0,0,0,0,0,0,0,0,0,0,0,0,0,0,0,0,0,0,0,0,0,0,0.000780367573255532,0,0,0,0,0,0,0,0,3.40636639119478e-05,0,0,0,0,0,0,0,0,0,0,0,0,0,0,0,0,0,0,0,0,0,0,0,0,0,0,0,0,0,0,0,0,0,0,0,0,0,0,0,0,0,0,0,0,0,0,0,0,0,0,0,0,0,0,0,0,0,0,0,0.00260587028926401,0.0161785916223945,0,0.0692289776817752,0.0216562234573018,0.107063792761471,9879.45072982573,9785.59834887335
"66","2005-2009","Brazil",0.00048896215459424,0.673216745108415,0.136132054612701,0.00279345921041869,0.0697353561897338,5.56869268123779e-05,0,0,0.000408370796624105,0,0,0,0,0.000103008915686914,0.00122681393485825,0,0,0,0,0,0,0,0,0,0.00312125224783378,0,0,0,0,0,0,0,0,0,0,0,0,0,0,0,0.000779307603557666,0.000102092699156026,0,0.0117093033596308,0,0,0,0,0,0,0,0.000204185398312052,0.000328398182285217,0,0,0,0,0.000476432596061455,0,0,0,0,0,0,0,0,0,0,0,0,0,0,0,0,0,0,0,0,0,0,0,0,0.000245022477974463,0.000735067433923388,0.000245022477974463,0,0,0,0,0,0,0,0,0,0,0,0,0,0,0,0,0,0.00194904243843323,0,0,0,0,0,0,0,0,4.25386246483442e-05,0,0,0,0,0,0,0,0,0,0,0,0,0,0,0,0,0,0,0,0,0,0,0,0,0,0,0,0,0,0,0,0,0,0,0,0,0,0,0,0,0,0,0,0,0,0,0,0,0,0,0,0,0,0,0,0,0,0,0,0.00444103241328714,0.0257085208036232,0,0.0625421937508587,0.0289186504462197,0.117169365000702,9799.15462592963,9795.0197052947
"67","2010-2014","Brazil",0.000822868199214404,0.685386246462806,0.122592591534929,0.00154636944594938,0.0919822265756601,0.00023547897592781,0,0,0,0,0,0,0,0.000112276605738474,0.00142875934203818,0,0,0,0,0,0,0,0,0,0.00241347261518392,0,0,0,0,0,0,0,0,0,0,0,0,0,0,0,0.00156649585414834,0.00135680743272691,0,0.00540050473602059,0,0,0,0,0,0,0,0.000394707616793282,0.000252859567008196,0,0,0,0,0.000493384520991603,0,0,0,0,0,0,0,0,0,0,0,0,0,0,0.000123346130247901,0,0,0,0,0,0,0,0,0,0.000197353808396641,0.000592061425189923,0.000197353808396641,0,0,0,0,0,0,0,0,0,0,0,0,0,0,0,0,0,0.00188383180742248,0,0,0,0,0,0,0,0,3.08365325619752e-05,0,0,0,0,0,0,0,0,0,0,0,0,0,0,0,0,0,0,0,0,0,0,0,0,0,0,0,0,0,0,0,0,0,0,0,0,0,0,0,0,0,0,0,0,0,0,0,0,0,0,0,0,0,0,0,0,0,0,0,0.000801749846611355,0.0172458016494764,0,0.0539775125169889,0.0262109046390472,0.0974342188055125,8060.08913031413,8107.26690809191
"68","2015-2019","Brazil",0.0001322291244466,0.655595469084587,0.127667962349816,0.00126217650595107,0.106393313533499,5.94157299275471e-05,0,0,0,0,0,0,0,1.28151574353533e-05,0.00187101298556158,0,0,0,0,0,0,0,0,0,0.000474160825108072,0,0,0,0,0,0,0,0,0,0,0,0,0,0,0,0.00015378188922424,0.0001922273615303,0,0.000384454723060599,0,0,0,0,0,0,0,3.84454723060599e-05,0,0,0,0,0,0.000730463973815138,0,0,0,0,0,0,0,0,0,0,0,0,0,0,0,0,0,0,0,0,0,0,0,0,0,0,0,0,0,0,0,0,0,0,0,0,0,0,0,0,0,0,0,0,0,0,0,0,0,0,0,0,0,0,0,0,0,0,0,0,0,0,0,0,0,0,0,0,0,0,0,0,0,0,0,0,0,0,0,0,0,0,0,0,0,0,0,0,0,0,0,0,0,0,0,0,0,0,0,0,0,0,0,0,0,0,0,0,0,0,0,0,0,0.00013455915307121,0.00399192154111255,0,0.009729908282792,0.0951676038478675,0.108889433671772,26070.1985930736,26010.8652597403
"69","1995-1999","Bulgaria",0.0516304347826087,0.384197324414716,0.0271739130434783,0,0.0219481605351171,0.00271739130434783,0,0,0,0,0,0,0,0.225752508361204,0.228051839464883,0.00271739130434783,0,0.0108695652173913,0,0,0,0,0,0,0,0,0.0165133779264214,0,0,0,0,0,0,0,0,0,0,0,0,0,0,0,0,0,0,0,0,0,0,0,0,0,0,0,0,0,0,0,0,0,0,0,0,0,0,0,0,0,0,0,0,0,0,0,0,0,0,0,0,0,0,0,0,0,0,0,0,0,0,0,0,0,0,0,0,0,0,0,0,0,0,0,0,0,0,0,0,0,0,0,0,0,0,0,0,0,0,0,0,0,0,0,0,0,0,0,0,0,0,0,0,0,0,0,0,0,0,0,0,0,0,0,0,0,0,0,0,0,0,0,0,0,0,0,0,0,0,0,0,0,0,0,0,0,0,0,0,0,0,0,0,0,0.483904682274247,0,0.028428093645485,0,0.512332775919732,52.5714285714286,52.5714285714286
"70","2000-2004","Bulgaria",0.0870887866996816,0.381410029659057,0.0355146798726565,0,0.0251040788005769,0.00771135479306686,0.00594269543685886,0,0,0,0,0,0,0.200838072433403,0.1990204348181,0.00176865935620799,0,0.0130173328616908,0,0,0,0,0,0,0,0,0.0126527169328726,0,0,0,0,0,0,0,0,0,0,0,0,0,0,0,0,0,0,0,0,0,0,0,0,0,0,0,0,0,0,0,0,0,0,0,0,0,0,0,0,0,0,0,0,0,0,0,0,0,0,0,0,0,0,0,0,0,0,0,0,0,0,0,0,0,0,0,0,0,0,0,0,0,0,0,0,0,0,0,0,0,0,0,0,0,0,0,0,0,0,0,0,0,0,0,0,0,0,0,0,0,0,0,0,0,0,0,0,0,0,0,0,0,0,0,0,0,0,0,0,0,0,0,0,0,0,0,0,0,0,0,0,0,0,0,0,0,0,0,0,0,0,0,0,0,0.427297216402275,0,0.0299311583358276,0,0.457228374738102,201.928571428571,201.928571428571
"71","2005-2009","Bulgaria",0.076892330751936,0.466844738241191,0.0337080522941127,0,0.026122715655566,0.0145390956782413,0.00279790157381964,0,0,0,0,0,0,0.184970246673969,0.146847556640212,0.00124906320259805,0,0.0101257390290615,0,0,0,0,0,0,0,0,0.00893560598781683,0,0,0,0,0,0,0,0,0,0,0,0,0,0,0,0,0,0,0,0,0,0,0,0,0,0,0,0,0,0,0,0,0,0,0,0,0,0,0,0,0,0,0,0,0,0,0,0,0,0,0,0,0,0,0,0,0,0,0,0,0,0,0,0,0,0,0,0,0,0,0,0,0,0,0,0,0,0,0,0,0,0,0,0,0,0,0,0,0,0,0,0,0,0,0,0,0,0,0,0,0,0,0,0,0,0,0,0,0,0,0,0,0,0,0,0,0,0,0,0,0,0,0,0,0,0,0,0,0,0,0,0,0,0,0,0,0,0,0,0,0,0,0,0,0,0.352128211533657,0,0.0269669542714759,0,0.379095165805133,286.928571428571,285.928571428571
"72","2010-2014","Bulgaria",0.046875,0.490202505827506,0.0274621212121212,0,0.0229458041958042,0.0113636363636364,0,0,0,0,0,0,0,0.185824592074592,0.167395104895105,0.00142045454545455,0,0.00899621212121212,0,0,0,0,0,0,0,0,0.0101617132867133,0,0,0,0,0,0,0,0,0,0,0,0,0,0,0,0,0,0,0,0,0,0,0,0,0,0,0,0,0,0,0,0,0,0,0,0,0,0,0,0,0,0,0,0,0,0,0,0,0,0,0,0,0,0,0,0,0,0,0,0,0,0,0,0,0,0,0,0,0,0,0,0,0,0,0,0,0,0,0,0,0,0,0,0,0,0,0,0,0,0,0,0,0,0,0,0,0,0,0,0,0,0,0,0,0,0,0,0,0,0,0,0,0,0,0,0,0,0,0,0,0,0,0,0,0,0,0,0,0,0,0,0,0,0,0,0,0,0,0,0,0,0,0,0,0,0.373798076923077,0,0.0273528554778555,0,0.401150932400932,100.571428571429,100.571428571429
"73","2000-2004","Burkina Faso",0.0325358851674641,0.000478468899521531,0,0,0,0.0157894736842105,0,0,0,0,0,0,0,0.0129186602870813,0.361722488038278,0,0,0,0.538755980861244,0,0,0.00287081339712919,0,0,0,0,0,0,0,0,0,0,0,0,0,0,0,0,0,0,0,0,0,0,0,0,0,0,0,0,0,0,0,0,0,0,0,0,0,0,0,0,0,0,0,0,0,0,0,0,0,0,0,0,0,0,0,0,0,0,0,0,0,0,0,0,0,0,0,0,0,0,0,0,0,0,0,0,0,0,0,0,0,0,0,0,0,0,0,0,0,0,0,0,0,0,0,0,0,0,0,0,0,0,0,0,0,0,0,0,0,0,0,0,0,0,0,0,0,0,0,0,0,0,0,0,0,0,0,0,0,0,0,0,0,0,0,0,0,0,0,0,0,0,0,0,0,0,0,0,0,0,0.916267942583732,0,0.0349282296650718,0,0.951196172248804,698.666666666667,696.666666666667
"74","2005-2009","Burkina Faso",0.0245579567779961,0.000982318271119843,0,0.00294695481335953,0,0.025049115913556,0,0.00147347740667976,0.00294695481335953,0,0,0,0,0,0.409135559921415,0,0,0,0.49705304518664,0,0,0.00343811394891945,0,0,0,0,0,0,0,0,0,0,0,0,0,0,0,0,0,0,0,0,0,0,0,0,0,0,0.000491159135559921,0,0,0,0,0,0,0,0,0,0,0,0,0,0,0,0,0,0,0,0,0,0,0,0,0,0,0,0,0,0,0,0,0,0,0,0,0,0,0,0,0,0,0,0,0,0,0,0,0,0,0,0,0,0,0,0,0,0,0,0,0,0,0,0,0,0,0,0,0,0,0,0,0,0,0,0,0,0,0,0,0,0,0,0,0,0,0,0,0,0,0,0,0,0,0,0,0,0,0,0,0,0,0,0,0,0,0,0,0,0,0,0,0,0,0,0,0,0,0,0,0,0,0,0.910117878192534,0,0.0201375245579568,0.0117878192534381,0.942043222003929,678.666666666667,678.666666666667
"75","2010-2014","Burkina Faso",0.0432801822323462,0.00341685649202733,0,0,0,0.0239179954441913,0,0,0,0,0,0,0,0,0.571753986332574,0,0,0,0.339407744874715,0,0,0.0125284738041002,0,0,0,0,0,0,0,0,0,0,0,0,0,0,0,0.00341685649202733,0,0,0,0,0,0,0,0,0,0,0.00227790432801822,0,0,0,0,0,0,0,0,0,0,0,0,0,0,0,0,0,0,0,0,0,0,0,0,0,0,0,0,0,0,0,0,0,0,0,0,0,0,0,0,0,0,0,0,0,0,0,0,0,0,0,0,0,0,0,0,0,0,0,0,0,0,0,0,0,0,0,0,0,0,0,0,0,0,0,0,0,0,0,0,0,0,0,0,0,0,0,0,0,0,0,0,0,0,0,0,0,0,0,0,0,0,0,0,0,0,0,0,0,0,0,0,0,0,0,0,0,0,0,0,0,0,0,0.929384965831435,0,0,0,0.929384965831435,354.666666666667,292.666666666667
"76","2015-2019","Burkina Faso",0,0,0,0,0,0.111111111111111,0,0,0,0,0,0,0,0,0.555555555555556,0,0,0,0.333333333333333,0,0,0,0,0,0,0,0,0,0,0,0,0,0,0,0,0,0,0,0,0,0,0,0,0,0,0,0,0,0,0,0,0,0,0,0,0,0,0,0,0,0,0,0,0,0,0,0,0,0,0,0,0,0,0,0,0,0,0,0,0,0,0,0,0,0,0,0,0,0,0,0,0,0,0,0,0,0,0,0,0,0,0,0,0,0,0,0,0,0,0,0,0,0,0,0,0,0,0,0,0,0,0,0,0,0,0,0,0,0,0,0,0,0,0,0,0,0,0,0,0,0,0,0,0,0,0,0,0,0,0,0,0,0,0,0,0,0,0,0,0,0,0,0,0,0,0,0,0,0,0,0,0,0.888888888888889,0,0,0,0.888888888888889,9,9
"77","2000-2004","Burundi",0.0588235294117647,0,0.689075630252101,0.0168067226890756,0,0,0,0,0,0,0,0,0,0,0,0,0,0,0,0,0,0,0.00840336134453781,0,0,0,0,0,0,0,0,0,0,0,0,0,0,0,0,0,0,0,0,0,0,0,0,0,0,0,0,0,0,0,0,0,0,0,0,0,0,0,0,0,0,0,0,0,0,0,0,0,0,0,0,0,0,0,0,0,0,0,0,0,0,0,0,0,0,0,0,0,0,0,0,0,0,0,0,0,0,0,0,0,0,0,0,0,0,0,0,0,0,0,0,0,0,0,0,0,0,0,0,0,0,0,0,0,0,0,0,0,0,0,0,0,0,0,0,0,0,0,0,0,0,0,0,0,0,0,0,0,0,0,0,0,0,0,0,0,0,0,0,0,0,0,0,0,0,0,0,0,0.00840336134453781,0,0.226890756302521,0,0.235294117647059,119,119
"78","2005-2009","Burundi",0.136363636363636,0,0.832167832167832,0.013986013986014,0.0034965034965035,0.0034965034965035,0.0034965034965035,0,0,0,0,0,0,0,0,0,0,0,0,0,0,0,0,0,0,0,0,0,0.0034965034965035,0,0,0,0,0,0,0,0,0,0,0.0034965034965035,0,0,0,0,0,0,0,0,0,0,0,0,0,0,0,0,0,0,0,0,0,0,0,0,0,0,0,0,0,0,0,0,0,0,0,0,0,0,0,0,0,0,0,0,0,0,0,0,0,0,0,0,0,0,0,0,0,0,0,0,0,0,0,0,0,0,0,0,0,0,0,0,0,0,0,0,0,0,0,0,0,0,0,0,0,0,0,0,0,0,0,0,0,0,0,0,0,0,0,0,0,0,0,0,0,0,0,0,0,0,0,0,0,0,0,0,0,0,0,0,0,0,0,0,0,0,0,0,0,0,0,0,0.00699300699300699,0,0,0,0.00699300699300699,290,286
"79","2010-2014","Burundi",0.0656565656565657,0,0.929292929292929,0.00505050505050505,0,0,0,0,0,0,0,0,0,0,0,0,0,0,0,0,0,0,0,0,0,0,0,0,0,0,0,0,0,0,0,0,0,0,0,0,0,0,0,0,0,0,0,0,0,0,0,0,0,0,0,0,0,0,0,0,0,0,0,0,0,0,0,0,0,0,0,0,0,0,0,0,0,0,0,0,0,0,0,0,0,0,0,0,0,0,0,0,0,0,0,0,0,0,0,0,0,0,0,0,0,0,0,0,0,0,0,0,0,0,0,0,0,0,0,0,0,0,0,0,0,0,0,0,0,0,0,0,0,0,0,0,0,0,0,0,0,0,0,0,0,0,0,0,0,0,0,0,0,0,0,0,0,0,0,0,0,0,0,0,0,0,0,0,0,0,0,0,0,0,0,0,0,204,198
"80","2005-2009","Cabo Verde",0,0.0740740740740741,0,0,0.0740740740740741,0.481481481481481,0,0,0,0,0,0,0,0,0.0740740740740741,0,0,0,0,0,0,0,0,0,0,0,0,0,0,0,0,0,0,0,0,0,0,0,0,0,0,0,0,0,0,0,0,0,0,0,0,0,0,0,0,0,0,0,0,0,0,0,0,0,0,0,0,0,0,0,0,0,0,0,0,0,0,0,0,0,0,0,0,0,0,0,0,0,0,0,0,0,0,0,0,0,0,0,0,0,0,0,0,0,0,0,0,0,0,0,0,0,0,0,0,0,0,0,0,0,0,0,0,0,0,0,0,0,0,0,0,0,0,0,0,0,0,0,0,0,0,0,0,0,0,0,0,0,0,0,0,0,0,0,0,0,0,0,0,0,0,0,0,0,0,0,0,0,0,0,0,0,0.0740740740740741,0,0.296296296296296,0,0.37037037037037,27,27
"81","2010-2014","Cabo Verde",0.0240963855421687,0.0542168674698795,0.0301204819277108,0,0.0783132530120482,0.367469879518072,0,0,0,0,0,0,0,0,0.301204819277108,0,0,0.0240963855421687,0.0180722891566265,0,0,0,0,0,0,0,0,0,0,0,0,0,0,0,0,0,0,0.00602409638554217,0,0,0,0,0,0,0,0,0,0,0,0,0,0,0,0,0,0,0,0,0,0,0,0.0120481927710843,0,0,0,0,0,0,0,0,0,0,0,0,0,0,0,0,0,0,0,0,0,0,0,0,0,0,0,0,0,0,0,0,0,0,0,0,0,0,0,0,0,0,0,0,0,0,0,0,0,0,0,0,0,0,0,0,0,0,0,0,0,0,0,0,0,0,0,0,0,0,0,0,0,0,0,0,0,0,0,0,0,0,0,0,0,0,0,0,0,0,0,0,0,0,0,0,0,0,0,0,0,0,0,0,0,0,0,0,0,0,0.36144578313253,0,0.0843373493975904,0,0.44578313253012,178.5,166
"82","2015-2019","Cabo Verde",NA,NA,NA,NA,NA,NA,NA,NA,NA,NA,NA,NA,NA,NA,NA,NA,NA,NA,NA,NA,NA,NA,NA,NA,NA,NA,NA,NA,NA,NA,NA,NA,NA,NA,NA,NA,NA,NA,NA,NA,NA,NA,NA,NA,NA,NA,NA,NA,NA,NA,NA,NA,NA,NA,NA,NA,NA,NA,NA,NA,NA,NA,NA,NA,NA,NA,NA,NA,NA,NA,NA,NA,NA,NA,NA,NA,NA,NA,NA,NA,NA,NA,NA,NA,NA,NA,NA,NA,NA,NA,NA,NA,NA,NA,NA,NA,NA,NA,NA,NA,NA,NA,NA,NA,NA,NA,NA,NA,NA,NA,NA,NA,NA,NA,NA,NA,NA,NA,NA,NA,NA,NA,NA,NA,NA,NA,NA,NA,NA,NA,NA,NA,NA,NA,NA,NA,NA,NA,NA,NA,NA,NA,NA,NA,NA,NA,NA,NA,NA,NA,NA,NA,NA,NA,NA,NA,NA,NA,NA,NA,NA,NA,NA,NA,NA,NA,NA,NA,NA,NA,NA,NA,NA,0,NA,NA,NA,11.5,0
"83","1995-1999","Cambodia",0,0,0,0,0,0,0,0,0,0,0,0,0,1,0,0,0,0,0,0,0,0,0,0,0,0,0,0,0,0,0,0,0,0,0,0,0,0,0,0,0,0,0,0,0,0,0,0,0,0,0,0,0,0,0,0,0,0,0,0,0,0,0,0,0,0,0,0,0,0,0,0,0,0,0,0,0,0,0,0,0,0,0,0,0,0,0,0,0,0,0,0,0,0,0,0,0,0,0,0,0,0,0,0,0,0,0,0,0,0,0,0,0,0,0,0,0,0,0,0,0,0,0,0,0,0,0,0,0,0,0,0,0,0,0,0,0,0,0,0,0,0,0,0,0,0,0,0,0,0,0,0,0,0,0,0,0,0,0,0,0,0,0,0,0,0,0,0,0,0,0,0,1,0,0,0,1,182,182
"84","2000-2004","Cambodia",0,0.026431718061674,0,0,0,0,0,0,0,0,0,0,0,0.955947136563877,0,0,0,0,0,0,0,0,0,0,0,0,0,0.00881057268722467,0,0,0,0,0,0,0,0,0,0,0,0,0,0,0,0,0,0,0,0,0,0,0,0,0,0,0,0,0,0,0,0,0,0,0,0,0,0,0,0,0,0,0,0,0,0,0,0,0,0,0,0,0,0,0,0,0,0,0,0,0,0,0,0,0,0,0,0,0,0,0,0,0,0,0,0,0,0,0,0,0,0,0,0,0,0,0,0,0,0,0,0,0,0,0,0,0,0,0,0,0,0,0,0,0,0,0,0,0,0,0,0,0,0,0,0,0,0,0,0,0,0,0,0,0,0,0,0,0,0,0,0,0,0,0,0,0,0,0,0,0,0,0,0,0.964757709251101,0,0.00881057268722467,0,0.973568281938326,227,227
"85","2005-2009","Cambodia",0,0.0289017341040462,0,0,0,0,0,0,0,0,0,0,0,0.953757225433526,0,0.00578034682080925,0,0,0,0,0,0,0,0,0,0,0,0,0,0,0,0,0,0,0,0,0,0,0,0,0.00578034682080925,0.00578034682080925,0,0,0,0,0,0,0,0,0,0,0,0,0,0,0,0,0,0,0,0,0,0,0,0,0,0,0,0,0,0,0,0,0,0,0,0,0,0,0,0,0,0,0,0,0,0,0,0,0,0,0,0,0,0,0,0,0,0,0,0,0,0,0,0,0,0,0,0,0,0,0,0,0,0,0,0,0,0,0,0,0,0,0,0,0,0,0,0,0,0,0,0,0,0,0,0,0,0,0,0,0,0,0,0,0,0,0,0,0,0,0,0,0,0,0,0,0,0,0,0,0,0,0,0,0,0,0,0,0,0,0.971098265895954,0,0,0,0.971098265895954,173,173
"86","2010-2014","Cambodia",0,0,0,0,0,0,0,0,0,0,0,0,0,1,0,0,0,0,0,0,0,0,0,0,0,0,0,0,0,0,0,0,0,0,0,0,0,0,0,0,0,0,0,0,0,0,0,0,0,0,0,0,0,0,0,0,0,0,0,0,0,0,0,0,0,0,0,0,0,0,0,0,0,0,0,0,0,0,0,0,0,0,0,0,0,0,0,0,0,0,0,0,0,0,0,0,0,0,0,0,0,0,0,0,0,0,0,0,0,0,0,0,0,0,0,0,0,0,0,0,0,0,0,0,0,0,0,0,0,0,0,0,0,0,0,0,0,0,0,0,0,0,0,0,0,0,0,0,0,0,0,0,0,0,0,0,0,0,0,0,0,0,0,0,0,0,0,0,0,0,0,0,1,0,0,0,1,49,48.5
"87","2015-2019","Cambodia",0,0,0,0,0,0,0,0,0,0,0,0,0,1,0,0,0,0,0,0,0,0,0,0,0,0,0,0,0,0,0,0,0,0,0,0,0,0,0,0,0,0,0,0,0,0,0,0,0,0,0,0,0,0,0,0,0,0,0,0,0,0,0,0,0,0,0,0,0,0,0,0,0,0,0,0,0,0,0,0,0,0,0,0,0,0,0,0,0,0,0,0,0,0,0,0,0,0,0,0,0,0,0,0,0,0,0,0,0,0,0,0,0,0,0,0,0,0,0,0,0,0,0,0,0,0,0,0,0,0,0,0,0,0,0,0,0,0,0,0,0,0,0,0,0,0,0,0,0,0,0,0,0,0,0,0,0,0,0,0,0,0,0,0,0,0,0,0,0,0,0,0,1,0,0,0,1,49,48.5
"88","1990-1994","Cameroon",0.274052478134111,0.0174927113702624,0,0.0204081632653061,0.0612244897959184,0.0349854227405248,0,0,0,0,0,0.0174927113702624,0,0.00291545189504373,0.411078717201166,0,0,0,0,0,0,0,0,0.0116618075801749,0,0,0,0,0,0,0.00583090379008746,0,0,0,0.00583090379008746,0,0,0,0,0,0,0,0,0,0,0,0,0,0.00291545189504373,0.0116618075801749,0,0,0,0,0,0,0,0,0,0,0,0,0,0,0,0,0,0,0,0,0,0,0,0,0,0,0,0,0,0,0,0,0,0,0,0,0,0,0,0,0,0,0,0,0,0,0,0,0,0,0,0,0,0,0,0,0,0,0,0,0,0,0,0,0,0,0,0,0,0,0,0,0,0,0,0,0,0,0,0,0,0,0,0,0,0,0,0,0,0,0,0,0,0,0,0,0,0,0,0,0,0,0,0,0,0,0,0,0,0,0,0,0,0,0,0,0,0,0,0,0,0,0.451895043731778,0,0.122448979591837,0,0.574344023323615,56.6666666666667,57.1666666666667
"89","1995-1999","Cameroon",0.534960668750547,0.00165437813675662,0.0065538826186897,0.0357520659842357,0.0504903481352454,0.0449386368878602,0.00171800806509342,0.00171800806509342,0.000572669355031139,0,0,0.00629936290534253,0,0.0103000946495184,0.237315771473112,0,0,0,0.000827189068378312,0,0,0.00165437813675662,0,0.00690384722454206,0,0.00216341756345097,0,0,0,0,0.000238612231262975,0,0,0,0.00914680219841402,0,0,0,0,0,0,0,0,0,0,0,0,0,0.000119306115631487,0.00174982302926181,0,0,0,0,0,0,0,0,0,0,0,0,0,0,0,0,0,0,0,0,0,0,0,0,0,0,0,0,0,0,0,0,0,0,0,0,0,0,0,0,0,0,0,0,0,0,0,0,0,0,0,0,0,0,0,0,0,0,0,0,0,0,0,0,0,0,0,0,0,0,0,0,0,0,0,0,0,0,0,0,0,0,0,0,0,0,0,0,0,0,0,0,0,0,0,0,0,0,0,0,0,0,0,0,0,0,0,0,0,0,0,0,0,0,0,0,0,0,0,0,0,0,0.270419241690329,0,0.044922729405776,0,0.315341971096105,1738.83333333333,1746.20833333333
"90","2000-2004","Cameroon",0.0941088325420076,0.000673468700542142,0.0068525440280163,0.0390864397077146,0.0358116981513284,0.0448698521736202,0.0042428528134155,0.0042428528134155,0.00121224366097586,0,0,0.00545509647439135,0,0.0384466444421995,0.566176718187022,0,0,0,0.00215509984173486,0,0,0.0052193824292016,0,0.0281004815301209,0,0.00665050341785365,0,0,0,0,0.00207091625416709,0,0,0,0.0138566185136546,0,0,0,0,0,0,0,0.000454591372865946,0,0,0,0,0,0.00073239721183958,0.00218877327676196,0,0,0,0,0,0.000454591372865946,0,0,0,0,0,0,0,0,0,0,0,0,0,0,0,0,0,0,0,0,0,0,0,0,0,0,0,0,0,0,0,0,0,0,0,0,0,0,0,0,0,0,0,0,0,0,0,0,0,0,0,0,0,0,0,0,0,0,0,0,0,0,0,0,0,0,0,0,0,0,0,0,0,0,0,0,0,0,0,0,0,0,0,0,0,0,0,0,0,0,0,0,0,0,0,0,0,0,0,0,0,0,0,0,0,0,0,0,0,0,0,0,0,0,0,0,0.666506717850288,0,0.0969374010842846,0,0.763444118934573,1708.45833333333,1649.83333333333
"91","2005-2009","Cameroon",0.0585636183683408,0.0013196550044774,0.00214443938227578,0.053065055849685,0.0374295005734215,0.044381254614865,0.00467377814085746,0,0,0,0,0,0,0.0067357390853534,0.641324839363424,0,0,0.00109971250373117,0.00448525599736069,0,0,0.00483873501641714,0,0.0472876376604402,0,0.012206808791416,0,0,0,0,0.010423703517509,0,0,0,0.0335569415424253,0,0,0.00214443938227578,0,0,0,0,0.000164956875559675,0,0,0,0,0,0.00321665907341366,0.0119318806654832,0,0,0,0,0,0.000164956875559675,0,0,0,0,0,0,0,0,0,0,0,0,0,0,0,0,0,0,0,0,0,0,0,0,0,0,0,0,0,0,0,0,0,0,0,0,0,0,0,0,0,0,0,0,0,0,0,0,0,0,0,0,0,0,0,0,0,0,0,0,0,0,0,0,0,0,0,0,0,0,0,0,0,0,0,0,0,0,0,0,0,0,0,0,0,0,0,0,0,0,0,0,0,0,0,0,0,0,0,0,0,0,0,0,0,0,0,0,0,0,0,0,0,0,0,0,0.779582266350368,0,0.0181806042134699,0.0006598275022387,0.798422698066077,1581.00595238095,1515.54761904762
"92","2010-2014","Cameroon",0.0458422876438457,0.000571865575280884,0.00143601800014977,0.0350562674878535,0.0343432509650232,0.049353814593011,0.0039458724694381,0,0.00068623869033706,0,0.000991233663820198,0.00731987936359531,0,0.00861610800089865,0.639930286863204,0,0,0.00127081238951307,0.00270773811279822,0,0,0.00692592752284626,0,0.0293621202596996,0,0.0151512607139696,0,0,0,0,0.0130998064280414,0.000317703097378269,0,0,0.0521927186988696,0,0,0.00334859064636695,0.000304994973483138,0,0,0,0,0,0,0,0,0,0.0055057946775654,0.0136612331872656,0,0,0,0,0,0.000953109292134806,0,0.00175372109752804,0,0,0,0,0,0,0,0,0,0,0,0,0,0,0,0,0,0,0,0,0,0,0,0,0,0,0,0,0,0,0,0,0,0,0,0,0,0,0,0,0,0,0,0,0,0,0,0,0,0,0,0,0,0,0,0,0,0,0,0,0,0,0,0,0,0,0,0,0,0,0,0,0,0,0,0,0,0,0,0,0,0,0,0,0,0,0,0,0,0,0,0,0,0,0,0,0,0,0,0,0,0,0,0,0,0,0,0,0,0,0,0,0,0,0.795101925961562,0,0.019632689833274,0.00571865575280884,0.820453271547645,2758.28571428571,2622.99404761905
"93","2015-2019","Cameroon",0.0983539207362165,0.0678699569992605,0.00675960669387308,0.0298677111007642,0.0362986497220016,0.042655638026896,0.00150091753170277,0,0.000723069759798417,0,0.000131467229054258,0.00190627482128674,0,0.0106077620443154,0.604258990441237,0,0,0,0.00320999150940812,0,0,0.000657336145271288,0,0.01881076935718,0,0.00131741119114787,0.000986004217906932,0,0,0,0.0064665443291063,5.47780121059407e-05,0,0,0.0135000410835091,0,0,0.000317712470214456,6.57336145271288e-05,0,0,0,0,0,0,0,0,0,0.0112075812768755,0.00386184985346882,0,0,0,0,0,0.00345101476267426,0,0.000131467229054258,0,0,0,0,0,0,0,0,0,0,0,0,0,0,0,0,0,0,0,0,0,0,0,0,0,0,0,0,0,0,0,0,0,0,0,0,0,0,0,0,0,0,0,0,0,0,0,0,0,0,0,0,0,0,0,0,0,0,0,0,0,0,0,0,0,0,0,0,0,0,0,0,0,0,0,0,0,0,0,0,0,0,0,0,0,0,0,0,0,0,0,0,0,0,0,0,0,0,0,0,0,0,0,0,0,0,0,0,0,0,0,0,0,0,0.678904987538002,0,0.00150365643230807,0.0335241434088357,0.713932787379146,3062.08333333333,3042.58333333333
"94","2020-2022","Cameroon",0.104240282685512,0,0.0141342756183746,0.0247349823321555,0.0583038869257951,0.0795053003533569,0,0,0,0,0,0,0,0.0123674911660777,0.535335689045936,0,0,0,0.0282685512367491,0,0,0,0,0.0583038869257951,0,0.0159010600706714,0,0,0,0,0.0106007067137809,0,0,0,0.0212014134275618,0,0,0,0.00530035335689046,0,0,0,0,0,0,0,0,0,0.00530035335689046,0.0106007067137809,0,0,0,0,0,0,0,0,0,0,0,0,0,0,0,0,0,0,0,0,0,0,0,0,0,0,0,0,0,0,0,0,0,0,0,0,0,0,0,0,0,0,0,0,0,0,0,0,0,0,0,0,0,0,0,0,0,0,0,0,0,0,0,0,0,0,0,0,0,0,0,0,0,0,0,0,0,0,0,0,0,0,0,0,0,0,0,0,0,0,0,0,0,0,0,0,0,0,0,0,0,0,0,0,0,0,0,0,0,0,0,0,0,0,0,0,0,0,0,0,0,0,0.703180212014134,0,0.0159010600706714,0,0.719081272084806,188.666666666667,188.666666666667
"95","1990-1994","Canada",0,1,0,0,0,0,0,0,0,0,0,0,0,0,0,0,0,0,0,0,0,0,0,0,0,0,0,0,0,0,0,0,0,0,0,0,0,0,0,0,0,0,0,0,0,0,0,0,0,0,0,0,0,0,0,0,0,0,0,0,0,0,0,0,0,0,0,0,0,0,0,0,0,0,0,0,0,0,0,0,0,0,0,0,0,0,0,0,0,0,0,0,0,0,0,0,0,0,0,0,0,0,0,0,0,0,0,0,0,0,0,0,0,0,0,0,0,0,0,0,0,0,0,0,0,0,0,0,0,0,0,0,0,0,0,0,0,0,0,0,0,0,0,0,0,0,0,0,0,0,0,0,0,0,0,0,0,0,0,0,0,0,0,0,0,0,0,0,0,0,0,0,0,0,0,0,0,32,32
"96","1995-1999","Canada",0.0155225478388867,0.918506623845845,0.0424193764217851,0.00401445202729827,0.000267630135153218,0.00107052054061287,0.000133815067576609,0.000267630135153218,0,0,0,0,0,0.00642312324367724,0.00776127391944333,0,0,0,0,0,0,0,0,0,0,0,0,0,0,0,0,0,0,0,0,0,0,0,0,0,0,0,0,0,0,0,0,0,0,0,0,0,0,0,0,0,0,0,0,0,0,0,0,0,0,0,0,0,0,0,0,0,0,0,0,0,0,0,0,0,0,0,0,0,0,0,0,0,0,0,0,0,0,0,0,0,0,0,0,0,0,0,0,0,0,0,0,0,0,0,0,0,0,0,0,0,0,0,0,0,0,0,0,0,0,0,0,0,0,0,0,0,0,0,0,0,0,0,0,0,0,0,0,0,0,0,0,0,0,0,0,0,0,0,0,0,0,0,0,0,0,0,0,0,0,0,0,0,0,0,0,0,0.0141843971631206,0,0.00361300682456845,0,0.017797403987689,1494.6,1494.6
"97","2000-2004","Canada",0.019456686762083,0.858327314535029,0.078327904131598,0.00654452191088248,0.000884394852821957,0.0020046283330631,0.000235838627419188,0.000471677254838377,0.000294798284273986,0,0,0,0,0.0107306575475731,0.0142682369588609,0,0,0,0.000353757941128783,0,0,0,0,0,0,0,0,0,0,0,0,0,0,0,0,0,0,0,0,0,0,0,0,0,0,0,0,0,0,0,0,0,0,0,0,0,0,0,0,0,0,0,0,0,0,0,0,0,0,0,0,0,0,0,0,0,0,0,0,0,0,0,0,0,0,0,0,0,0,0,0,0,0,0,0,0,0,0,0,0,0,0,0,0,0,0,0,0,0,0,0,0,0,0,0,0,0,0,0,0,0,0,0,0,0,0,0,0,0,0,0,0,0,0,0,0,0,0,0,0,0,0,0,0,0,0,0,0,0,0,0,0,0,0,0,0,0,0,0,0,0,0,0,0,0,0,0,0,0,0,0,0,0.0253526524475628,0,0.00809958286042775,0,0.0334522353079905,3392.15,3392.15
"98","2005-2009","Canada",0.0308990913961447,0.8294809696148,0.104680785925934,0.00551066598147804,0.000153074055041057,0.00551066598147804,0.000306148110082113,0.000306148110082113,0,0,0,0,0,0.00642911031172438,0.0122459244032845,0,0,0,0.00168381460545162,0,0,0,0,0,0,0.000306148110082113,0,0,0,0,0,0,0,0,0,0,0,0,0,0,0,0,0,0,0,0,0,0,0,0,0,0,0,0,0,0,0,0,0,0,0,0,0,0,0,0,0,0,0,0,0,0,0,0,0,0,0,0,0,0,0,0,0,0,0,0,0,0,0,0,0,0,0,0,0,0,0,0,0,0,0,0,0,0,0,0,0,0,0,0,0,0,0,0,0,0,0,0,0,0,0,0,0,0,0,0,0,0,0,0,0,0,0,0,0,0,0,0,0,0,0,0,0,0,0,0,0,0,0,0,0,0,0,0,0,0,0,0,0,0,0,0,0,0,0,0,0,0,0,0,0,0,0.0206649974305426,0,0.00248745339441717,0,0.0231524508249598,3266.39285714286,3266.39285714286
"99","2010-2014","Canada",0.029310536558243,0.794703919933278,0.126672226855713,0.00494300806227412,0.00219905476786211,0.00346399777592438,0.00116763969974979,0,0,0,0,0,0,0.00856269113149847,0.0184876285793717,0,0,0,0.000758965804837365,0.00233527939949958,0,0,0,0.00038921323324993,0.00116763969974979,0,0,0,0,0,0.000583819849874896,0.000583819849874896,0.00116763969974979,0,0,0,0,0,0,0,0,0,0,0,0,0,0,0,0,0,0,0,0,0,0,0,0,0,0,0,0,0,0,0,0,0,0,0,0,0,0,0,0,0,0,0,0,0,0,0,0,0,0,0,0,0,0,0,0,0,0,0,0,0,0,0,0,0,0,0,0,0,0,0,0,0,0,0,0,0,0,0,0,0,0,0,0,0,0,0,0,0,0,0,0,0,0,0,0,0,0,0,0,0,0,0,0,0,0,0,0,0,0,0,0,0,0,0,0,0,0,0,0,0,0,0,0,0,0,0,0,0,0,0,0,0,0,0,0,0,0,0,0.0340366972477064,7,0.00350291909924937,0,0.0375396163469558,1718.85714285714,1712.85714285714
"100","2015-2019","Canada",0.0754147812971342,0.746606334841629,0.0723981900452489,0.0196078431372549,0.0105580693815988,0.0165912518853695,0,0,0,0,0,0,0,0.028657616892911,0.024132730015083,0.00452488687782805,0,0,0,0,0,0,0,0.00150829562594268,0,0,0,0,0,0,0,0,0,0,0,0,0,0,0,0,0,0,0,0,0,0,0,0,0,0,0,0,0,0,0,0,0,0,0,0,0,0,0,0,0,0,0,0,0,0,0,0,0,0,0,0,0,0,0,0,0,0,0,0,0,0,0,0,0,0,0,0,0,0,0,0,0,0,0,0,0,0,0,0,0,0,0,0,0,0,0,0,0,0,0,0,0,0,0,0,0,0,0,0,0,0,0,0,0,0,0,0,0,0,0,0,0,0,0,0,0,0,0,0,0,0,0,0,0,0,0,0,0,0,0,0,0,0,0,0,0,0,0,0,0,0,0,0,0,0,0,0,0.0588235294117647,0,0,0,0.0588235294117647,224,221
"101","1990-1994","Central African Republic (the)",0.831683168316832,0.0099009900990099,0.0099009900990099,0,0,0,0.0198019801980198,0,0,0,0,0,0,0.128712871287129,0,0,0,0,0,0,0,0,0,0,0,0,0,0,0,0,0,0,0,0,0,0,0,0,0,0,0,0,0,0,0,0,0,0,0,0,0,0,0,0,0,0,0,0,0,0,0,0,0,0,0,0,0,0,0,0,0,0,0,0,0,0,0,0,0,0,0,0,0,0,0,0,0,0,0,0,0,0,0,0,0,0,0,0,0,0,0,0,0,0,0,0,0,0,0,0,0,0,0,0,0,0,0,0,0,0,0,0,0,0,0,0,0,0,0,0,0,0,0,0,0,0,0,0,0,0,0,0,0,0,0,0,0,0,0,0,0,0,0,0,0,0,0,0,0,0,0,0,0,0,0,0,0,0,0,0,0,0,0.128712871287129,0,0,0,0.128712871287129,57.7142857142857,57.7142857142857
"102","1995-1999","Central African Republic (the)",0.852848101265823,0.0158227848101266,0.00474683544303797,0.0110759493670886,0.0110759493670886,0,0.00949367088607595,0,0,0,0,0,0,0.0949367088607595,0,0,0,0,0,0,0,0,0,0,0,0,0,0,0,0,0,0,0,0,0,0,0,0,0,0,0,0,0,0,0,0,0,0,0,0,0,0,0,0,0,0,0,0,0,0,0,0,0,0,0,0,0,0,0,0,0,0,0,0,0,0,0,0,0,0,0,0,0,0,0,0,0,0,0,0,0,0,0,0,0,0,0,0,0,0,0,0,0,0,0,0,0,0,0,0,0,0,0,0,0,0,0,0,0,0,0,0,0,0,0,0,0,0,0,0,0,0,0,0,0,0,0,0,0,0,0,0,0,0,0,0,0,0,0,0,0,0,0,0,0,0,0,0,0,0,0,0,0,0,0,0,0,0,0,0,0,0,0.0949367088607595,0,0,0,0.0949367088607595,90.2857142857143,90.2857142857143
"103","2005-2009","Central African Republic (the)",0.148936170212766,0.0265957446808511,0.00531914893617021,0.0159574468085106,0.0106382978723404,0.101063829787234,0.0106382978723404,0.00531914893617021,0,0,0,0,0,0.0691489361702128,0.0319148936170213,0,0,0,0.0106382978723404,0,0,0.0159574468085106,0,0.377659574468085,0,0.0159574468085106,0,0.00531914893617021,0,0,0,0.00531914893617021,0,0,0.0319148936170213,0,0,0.00531914893617021,0,0,0,0,0,0,0,0,0,0,0,0,0,0,0,0,0,0,0,0,0,0,0,0,0,0,0,0,0,0,0,0,0,0,0,0,0,0,0,0,0,0,0,0,0,0,0,0,0,0,0,0,0,0,0,0,0,0,0,0,0,0,0,0,0,0,0,0,0,0,0,0,0,0,0,0,0,0,0,0,0,0,0,0,0,0,0,0,0,0,0,0,0,0,0,0,0,0,0,0,0,0,0,0,0,0,0,0,0,0,0,0,0,0,0,0,0,0,0,0,0,0,0,0,0,0,0,0,0,0,0,0,0,0,0.569148936170213,0,0.0691489361702128,0.0372340425531915,0.675531914893617,188,188
"104","2010-2014","Central African Republic (the)",0.123893805309735,0.0353982300884956,0.0176991150442478,0.0530973451327434,0.0353982300884956,0.0176991150442478,0.0265486725663717,0,0,0,0,0,0,0.194690265486726,0.0530973451327434,0,0,0,0,0,0,0,0,0.353982300884956,0,0.0530973451327434,0,0.0353982300884956,0,0,0,0,0,0,0,0,0,0,0,0,0,0,0,0,0,0,0,0,0,0,0,0,0,0,0,0,0,0,0,0,0,0,0,0,0,0,0,0,0,0,0,0,0,0,0,0,0,0,0,0,0,0,0,0,0,0,0,0,0,0,0,0,0,0,0,0,0,0,0,0,0,0,0,0,0,0,0,0,0,0,0,0,0,0,0,0,0,0,0,0,0,0,0,0,0,0,0,0,0,0,0,0,0,0,0,0,0,0,0,0,0,0,0,0,0,0,0,0,0,0,0,0,0,0,0,0,0,0,0,0,0,0,0,0,0,0,0,0,0,0,0,0,0.690265486725664,0,0,0,0.690265486725664,116,113
"105","1995-1999","Chad",0.205607476635514,0,0,0.186915887850467,0.00934579439252336,0.0373831775700935,0,0,0,0,0,0,0,0.0280373831775701,0.130841121495327,0,0,0,0,0,0,0,0,0.130841121495327,0,0,0,0,0,0,0,0,0,0,0,0,0,0,0,0,0,0,0,0,0,0,0,0,0,0,0,0,0,0,0,0,0,0,0,0,0,0,0,0,0,0,0,0,0,0,0,0,0,0,0,0,0,0,0,0,0,0,0,0,0,0,0,0,0,0,0,0,0,0,0,0,0,0,0,0,0,0,0,0,0,0,0,0,0,0,0,0,0,0,0,0,0,0,0,0,0,0,0,0,0,0,0,0,0,0,0,0,0,0,0,0,0,0,0,0,0,0,0,0,0,0,0,0,0,0,0,0,0,0,0,0,0,0,0,0,0,0,0,0,0,0,0,0,0,0,0,0,0.289719626168224,0,0.271028037383178,0,0.560747663551402,53.5,53.5
"106","2000-2004","Chad",0.205607476635514,0,0,0.186915887850467,0.00934579439252336,0.0373831775700935,0,0,0,0,0,0,0,0.0280373831775701,0.130841121495327,0,0,0,0,0,0,0,0,0.130841121495327,0,0,0,0,0,0,0,0,0,0,0,0,0,0,0,0,0,0,0,0,0,0,0,0,0,0,0,0,0,0,0,0,0,0,0,0,0,0,0,0,0,0,0,0,0,0,0,0,0,0,0,0,0,0,0,0,0,0,0,0,0,0,0,0,0,0,0,0,0,0,0,0,0,0,0,0,0,0,0,0,0,0,0,0,0,0,0,0,0,0,0,0,0,0,0,0,0,0,0,0,0,0,0,0,0,0,0,0,0,0,0,0,0,0,0,0,0,0,0,0,0,0,0,0,0,0,0,0,0,0,0,0,0,0,0,0,0,0,0,0,0,0,0,0,0,0,0,0,0.289719626168224,0,0.271028037383178,0,0.560747663551402,53.5,53.5
"107","2005-2009","Chad",0.130841121495327,0,0,0.121495327102804,0,0.0841121495327103,0,0,0,0,0,0,0,0.0467289719626168,0.0934579439252336,0,0,0,0.0654205607476635,0,0,0.0186915887850467,0,0.280373831775701,0.0373831775700935,0.0373831775700935,0.0280373831775701,0,0,0,0,0,0,0,0,0,0,0,0,0,0,0,0,0,0,0,0,0,0,0,0,0,0,0,0,0,0,0,0,0,0,0,0,0,0,0,0,0,0,0,0,0,0,0,0,0,0,0,0,0,0,0,0,0,0,0,0,0,0,0,0,0,0,0,0,0,0,0,0,0,0,0,0,0,0,0,0,0,0,0,0,0,0,0,0,0,0,0,0,0,0,0,0,0,0,0,0,0,0,0,0,0,0,0,0,0,0,0,0,0,0,0,0,0,0,0,0,0,0,0,0,0,0,0,0,0,0,0,0,0,0,0,0,0,0,0,0,0,0,0,0,0,0.607476635514019,0,0.0560747663551402,0,0.663551401869159,109,107
"108","2010-2014","Chad",0.0569105691056911,0.00813008130081301,0,0.0813008130081301,0.0487804878048781,0.105691056910569,0,0.113821138211382,0,0,0,0,0,0.032520325203252,0.16260162601626,0,0,0,0,0,0,0,0,0.186991869918699,0,0.113821138211382,0,0,0,0,0,0,0,0,0.00813008130081301,0,0,0.032520325203252,0,0,0,0,0,0,0,0,0,0,0,0,0,0,0,0,0,0.00813008130081301,0,0.040650406504065,0,0,0,0,0,0,0,0,0,0,0,0,0,0,0,0,0,0,0,0,0,0,0,0,0,0,0,0,0,0,0,0,0,0,0,0,0,0,0,0,0,0,0,0,0,0,0,0,0,0,0,0,0,0,0,0,0,0,0,0,0,0,0,0,0,0,0,0,0,0,0,0,0,0,0,0,0,0,0,0,0,0,0,0,0,0,0,0,0,0,0,0,0,0,0,0,0,0,0,0,0,0,0,0,0,0,0,0,0,0,0,0,0,0,0.585365853658537,0,0,0,0.585365853658537,139,123
"109","1990-1994","Chile",0,0.914027149321267,0,0,0.085972850678733,0,0,0,0,0,0,0,0,0,0,0,0,0,0,0,0,0,0,0,0,0,0,0,0,0,0,0,0,0,0,0,0,0,0,0,0,0,0,0,0,0,0,0,0,0,0,0,0,0,0,0,0,0,0,0,0,0,0,0,0,0,0,0,0,0,0,0,0,0,0,0,0,0,0,0,0,0,0,0,0,0,0,0,0,0,0,0,0,0,0,0,0,0,0,0,0,0,0,0,0,0,0,0,0,0,0,0,0,0,0,0,0,0,0,0,0,0,0,0,0,0,0,0,0,0,0,0,0,0,0,0,0,0,0,0,0,0,0,0,0,0,0,0,0,0,0,0,0,0,0,0,0,0,0,0,0,0,0,0,0,0,0,0,0,0,0,0,0,0,0,0,0,80.3636363636364,80.3636363636364
"110","1995-1999","Chile",0,0.852392947103275,0.00554156171284635,0,0.0478589420654912,0,0,0,0,0,0,0,0,0,0,0,0,0,0,0,0,0,0,0,0.0221662468513854,0,0,0,0,0,0,0,0,0,0,0,0,0,0,0,0,0,0,0,0,0,0,0,0,0,0,0,0,0,0,0,0,0,0,0,0,0,0,0,0,0,0,0,0,0,0,0,0,0,0,0,0,0,0,0,0,0,0,0,0,0,0,0,0,0,0,0,0,0,0,0,0,0,0,0,0,0,0,0,0,0,0,0,0,0,0,0,0,0,0,0,0,0,0,0,0,0,0,0,0,0,0,0,0,0,0,0,0,0,0,0,0,0,0,0,0,0,0,0,0,0,0,0,0,0,0,0,0,0,0,0,0,0,0,0,0,0,0,0,0,0,0,0,0,0,0,0,0.0221662468513854,0,0.0720403022670025,0,0.0942065491183879,180.454545454545,180.454545454545
"111","2000-2004","Chile",0,0.894134054602316,0,0,0.0147493872031105,0,0,0,0,0,0,0,0,0,0,0,0,0,0,0,0,0,0,0,0.029752345532922,0,0,0,0,0,0,0,0,0,0,0,0,0,0,0,0,0,0,0,0,0,0,0,0,0,0,0,0,0,0,0,0,0,0,0,0,0,0,0,0,0,0,0,0,0,0,0,0,0,0,0,0,0,0,0,0,0,0,0,0,0,0,0,0,0,0,0,0,0,0,0,0,0,0,0,0,0,0,0,0,0,0,0,0,0,0,0,0,0,0,0,0,0,0,0,0,0,0,0,0,0,0,0,0,0,0,0,0,0,0,0,0,0,0,0,0,0,0,0,0,0,0,0,0,0,0,0,0,0,0,0,0,0,0,0,0,0,0,0,0,0,0,0,0,0,0,0,0.029752345532922,0,0.0613642126616516,0,0.0911165581945736,358.515151515152,358.515151515152
"112","2005-2009","Chile",0,0.836134453781513,0,0,0.00420168067226891,0,0,0,0,0,0,0,0,0,0,0,0,0,0,0,0,0,0,0,0.0336134453781513,0,0,0,0,0,0,0,0,0,0,0,0,0,0,0,0,0,0,0,0,0,0,0,0,0,0,0,0,0,0,0,0,0,0,0,0,0,0,0,0,0,0,0,0,0,0,0,0,0,0,0,0,0,0,0,0,0,0,0,0,0,0,0,0,0,0,0,0,0,0,0,0,0,0,0,0,0,0,0,0,0,0,0,0,0,0,0,0,0,0,0,0,0,0,0,0,0,0,0,0,0,0,0,0,0,0,0,0,0,0,0,0,0,0,0,0,0,0,0,0,0,0,0,0,0,0,0,0,0,0,0,0,0,0,0,0,0,0,0,0,0,0,0,0,0,0,0,0.0336134453781513,0,0.126050420168067,0,0.159663865546218,39.6666666666667,39.6666666666667
"113","1990-1994","China",0.000522749167422598,0.478101904906118,0.00774952713108939,0,0.00296224528206139,0.00296224528206139,0,0,0,0,0,0,0,0.328472547312876,0.00177001033881687,0,0,0,0.00114637975311973,0.105403962825911,0.0285657454392937,0,0,0,0,0,0,0,0,0,0,0,0,0,0,0,0,0,0,0,0,0,0,0,0,0,0,0,0,0,0,0,0,0,0,0,0,0,0,0,0,0,0,0,0,0,0,0,0,0,0,0,0,0,0,0,0,0,0,0,0,0,0,0,0,0,0,0,0,0,0,0,0,0,0,0,0,0,0,0,0,0,0,0,0,0,0,0,0,0,0,0,0,0,0,0,0,0,0,0,0,0,0,0,0,0,0,0,0,0,0,0,0,0,0,0,0,0,0,0,0,0,0,0,0,0,0,0,0,0,0,0,0,0,0,0,0,0,0,0,0,0,0,0,0,0,0,0,0,0,0,0.0423426825612304,0.507701328231247,9.85380116959064,0,0,0.507701328231247,350.002820777434,337.581768145855
"114","1995-1999","China",0.00257435483326822,0.441948597790114,0.0313738272292846,0,0,0.000896371743150018,0,0,0,0,0,0,0,0.322366741359777,0.00129778826407624,0,0,0,0.00114515530471633,0.0797160319566076,0.0790453719836626,0,0,0,0,0,0,0,0,0,0,0,0,0,0,0,0,0,0,0,0,0,0,0,0,0,0,0,0,0,0,0,0,0,0,0,0,0,0,0,0,0,0,0,0,0,0,0,0,0,0,0,0,0,0,0,0,0,0,0,0,0,0,0,0,0,0,0,0,0,0,0,0,0,0,0,0,0,0,0,0,0,0,0,0,0,0,0,0,0,0,0,0,0,0,0,0,0,0,0,0,0,0,0,0,0,0,0,0,0,0,0,0,0,0,0,0,0,0,0,0,0,0,0,0,0,0,0,0,0,0,0,0,0,0,0,0,0,0,0,0,0,0,0,0,0,0,0,0,0,0,0.0376848328002516,0.521255921669092,17.9005847953216,0.00195092673509122,0,0.523206848404183,648.204506363949,632.178190574475
"115","2000-2004","China",0.0047461725825391,0.337868470617656,0.0118054302541098,7.94534061084833e-05,0.000119180109162725,0.00083028809383365,0,0,0,0,0,0,0,0.30049848877232,0.00256327019508619,0.000158906812216967,0,0,0.000863803656007894,0.131278673639628,0.0411960534126208,0,0,0,0,0,0,0.000158906812216967,0,0,0,0,0,0,7.94534061084833e-05,0,0,0,0,0,0,0,0,0,0,0.000158906812216967,0,0,0,0,0,0,0,0,7.94534061084833e-05,7.94534061084833e-05,0,0,0,0,0,0,0,0,0,0,0,0,0,0.000119180109162725,0,0,0,0,0,0,0.00014301613099527,0.000214524196492905,0,0,0,0,0,0,0,0,0,0,0,0,0,0,0,0,0,0,0,0,0,0,0,0,0,0,0,0,0,0,0,0,0,0,0,0,0,0,0,0,0,0,0,0,0,0,0,0,0,0,0,0,0,0,0,0,0,0,0,0,0,0,0,0,0,0,0,0,0,0,0,0,0,0,0,0,0,0,0,0,0,0,0,0,0,0,0,0,0,0,0,0,0,0.110509405691404,0.588101496458694,148.389473684211,0.0559251159975803,0.00052439248031599,0.64455100493659,4214.35726079906,4195.33094500958
"116","2005-2009","China",0.000917761704683388,0.280940828281432,0.0194561146171636,0.000499910138231105,0.000248572017928293,0.00163212613289184,4.22459271744596e-05,0,5.28074089680745e-05,0,0,0,0,0.357175814946059,0.00323556981611242,9.30416253247026e-05,0,0.000316844453808447,0.000439099872702698,0.215657154403934,0.0667417610737847,1.32018522420186e-05,1.32018522420186e-05,1.32018522420186e-05,0.000158422226904223,0,0,0.000123217287592174,0,0,0,0,0,0,3.52049393120496e-05,0,0,0,0,0,0,0,0,0,0,0.000116616361471164,0,0,0,0,0,0,0,0,3.52049393120496e-05,4.84067915540683e-05,0,0,0,0,0,0,0,0,0,0,0,0.0130277554349921,0,7.92111134521117e-05,2.26317467006033e-05,0.000666882136111112,0,0,3.52049393120496e-05,3.08043218980434e-05,0.000132018522420186,0.000167223461732236,0,0.00017734488178445,5.28074089680745e-05,0,0,0,0,0,0,0,0,0,0,0,0,0,0,0,0,0,0,0,0,0,0,0,0,0,0,0,0,0,0,0,0,0,0,0,0,0,0,0,0,0,0,0,0,0,0,0,0,0,0,0,0,0,0,0,0,0,0,0,0,0,0,0,0,0,0,0,0,0,0,0,0,0,0,0,0,0,0,0,0,0,0,0,0,0,0,0,0,0,0,0.00338881562458485,0.661996663886554,1595.97558479532,0.0281424648495995,0.00607050503537443,0.696209633771528,19085.5046931053,18936.7367106492
"117","2010-2014","China",0.000760076024740188,0.162210654069185,0.0164958950806973,0.000161655656464594,9.96121492158796e-05,0.000886813318435215,1.85633289720108e-05,1.39224967290081e-05,1.39224967290081e-05,0,0,0,0,0.426310921945031,0.00387070270667728,0.00011071699779735,2.78449934580163e-05,0,2.49444733061396e-05,0.261243376855195,0.0508718454157456,1.45026007593835e-05,1.45026007593835e-05,1.45026007593835e-05,0,1.16020806075068e-05,0,5.80104030375339e-05,0,0,3.71266579440217e-05,0,0,0,0,0,0,0,0,0,0,0,0,0,0,6.96124836450407e-05,0,0,0,0,0,0,0,0,0,1.45026007593835e-05,0,0,0,0,0,0,0,0,4.64083224300271e-05,0,0,0.0278888695803137,0,0.000255245773365149,1.32595206942935e-05,0.00234334404270191,0,0,0.000193368010125113,2.99720415693925e-05,0.000241323276636141,0.000437785174923256,0,0.00136266436735167,0.000775405720601703,0,0,0,0,0,0,0,0,0,2.32041612150136e-05,0.000104418725467561,0,0,0,0,0,3.48062418225203e-05,8.12145642525475e-05,6.96124836450407e-05,0,0,0,0,0,0,0,0,0,0,0,0,0,0,0,0,0,0,3.09388816200181e-05,0,0,0,0,3.09388816200181e-05,0,0,0,0,3.09388816200181e-05,0,0,0,0,0,0,0,0,0,0,0,0,0,0,0,0,0,0,0,0,0,0,0,0,0,0,0,0,0,0,0,0,0,0,0,0,0,0,0,0,0,0,0.0014754531652575,0.778163887232714,3653.5746031746,0.0362167845424967,0.0049582136036214,0.819338885378832,43277.876844071,43095.7185107376
"118","2015-2019","China",0.000781377248485981,0.0552806274199886,0.00967106086696205,3.67522014859094e-05,4.11405240513911e-05,0.000254934114038453,2.3038693468779e-05,6.58248384822257e-06,6.58248384822257e-06,0,0,0,0,0.436429382971916,0.000538882092896007,5.15627901444102e-05,1.31649676964451e-05,0,4.73116026590998e-05,0.333593410845164,0.0769226515708944,2.05702620256955e-06,2.05702620256955e-06,2.05702620256955e-06,3.29124192411129e-05,8.22810481027822e-06,0,6.30821368787997e-05,0,0,6.58248384822257e-06,0,0,0,0,0,0,0,0,0,0,0,0,0,0,5.14256550642389e-05,0,0,0,0,0,0,0,0,0,2.05702620256955e-06,0,2.74270160342607e-05,0,0,0,0,0,0,9.32518545164865e-05,5.48540320685215e-06,0,0.0294119679568374,0,0.000419633345324189,0.000235872337894642,0.00357730570134863,0,0,0.000131649676964451,2.67413406334042e-05,0.000748757537735318,0.000889732400151418,1.64562096205564e-05,0.00262613678528047,0.00175258632458926,0,0,0,0,0,0,0,0,0.000444317659755024,4.93686288616693e-05,0.000309925281187146,1.64562096205564e-05,0,0,2.74270160342607e-05,0,0.00209542402501752,0.000172790201015843,0.000115193467343895,1.64562096205564e-05,0,0,0,0,0,0,0,8.22810481027822e-05,0,0,0,3.29124192411129e-05,3.29124192411129e-05,0,0.000131649676964451,1.64562096205564e-05,0.000181018305826121,4.38832256548172e-05,0,0,0,0,4.38832256548172e-05,0,0,0,0,4.38832256548172e-05,0,0.000608879755960588,0,0,0,0,0,0,0,0,0,0,0,0,0,0,0,0,0,0,0,0,0,0,0,0,0,0,0,0,0,0,0,0,0,0,0,0,0,0,0,0,0.00032089608760085,0.892515843934139,7327.32976190476,0.0351040160594413,0.00627804397024228,0.933897903963822,61138.3514939309,60767.3348272642
"119","2020-2022","China",0.00312521649436922,0.090781381099368,0.0181047024501389,0,0,0.000107766086012732,0,0,0,0,0,0,0,0.407698347330095,0.00129319303215278,0.000215532172025464,0,0,0,0.320507886168223,0.102466303854177,0,0,0,0,0,0,0.00150872520417825,0,0,0,0,0,0,0,0,0,0,0,0,0,0,0,0,0,0,0,0,0,0,0,0,0,0,0,0,0,0.000431064344050927,0,0,0,0,0,0,0.000431064344050927,0.000215532172025464,0,0.0213761729183826,0,0.000161649129019098,0.000215532172025464,0.00226308780626737,0,0,0,0.000161649129019098,0,0.00226308780626737,0.000646596516076391,0.00528053821462386,0.00164343281169416,0,0,0,0,0,0,0,0,0,0,0.000862128688101854,0,0,0,0.000431064344050927,0,0.00554995342965569,0,0,0,0,0,0,0,0,0,0,0,0,0,0,0,0,0,0.000323298258038195,0,0,0,0,0,0,0,0,0,0,0,0,0,0,0,0,0,0,0,0,0,0,0,0,0,0,0,0,0,0,0,0,0,0,0,0,0,0,0,0,0,0,0,0,0,0,0,0,0,0,0,0,0,0,0,0,0.875945839844201,452.97619047619,0.00654678972527346,0.00538830430063659,0.887880933870111,3100.70238095238,3093.11904761905
"120","1995-1999","Colombia",0,1,0,0,0,0,0,0,0,0,0,0,0,0,0,0,0,0,0,0,0,0,0,0,0,0,0,0,0,0,0,0,0,0,0,0,0,0,0,0,0,0,0,0,0,0,0,0,0,0,0,0,0,0,0,0,0,0,0,0,0,0,0,0,0,0,0,0,0,0,0,0,0,0,0,0,0,0,0,0,0,0,0,0,0,0,0,0,0,0,0,0,0,0,0,0,0,0,0,0,0,0,0,0,0,0,0,0,0,0,0,0,0,0,0,0,0,0,0,0,0,0,0,0,0,0,0,0,0,0,0,0,0,0,0,0,0,0,0,0,0,0,0,0,0,0,0,0,0,0,0,0,0,0,0,0,0,0,0,0,0,0,0,0,0,0,0,0,0,0,0,0,0,0,0,0,0,148.125,148.125
"121","2000-2004","Colombia",0,0.994348286824444,0,0,0.00565171317555634,0,0,0,0,0,0,0,0,0,0,0,0,0,0,0,0,0,0,0,0,0,0,0,0,0,0,0,0,0,0,0,0,0,0,0,0,0,0,0,0,0,0,0,0,0,0,0,0,0,0,0,0,0,0,0,0,0,0,0,0,0,0,0,0,0,0,0,0,0,0,0,0,0,0,0,0,0,0,0,0,0,0,0,0,0,0,0,0,0,0,0,0,0,0,0,0,0,0,0,0,0,0,0,0,0,0,0,0,0,0,0,0,0,0,0,0,0,0,0,0,0,0,0,0,0,0,0,0,0,0,0,0,0,0,0,0,0,0,0,0,0,0,0,0,0,0,0,0,0,0,0,0,0,0,0,0,0,0,0,0,0,0,0,0,0,0,0,0,0,0,0,0,353.875,353.875
"122","2010-2014","Colombia",0,0.813953488372093,0,0,0,0,0,0,0,0,0,0,0,0,0.00332225913621262,0.0365448504983389,0,0.00664451827242525,0,0.0830564784053156,0.0232558139534884,0,0,0,0.026578073089701,0,0,0,0,0,0,0,0,0,0,0,0,0,0,0,0,0,0,0,0,0,0,0,0,0,0,0,0,0,0,0,0,0,0,0,0,0,0,0,0,0,0,0,0,0,0,0,0,0,0,0,0,0,0,0,0,0,0,0,0,0,0,0,0,0,0,0,0,0,0,0,0,0,0,0,0,0,0,0,0,0,0,0,0,0,0,0,0,0,0,0,0,0,0,0,0,0,0,0,0,0,0,0,0,0,0,0,0,0,0,0,0,0,0,0,0,0,0,0,0,0,0,0,0,0,0,0,0,0,0,0,0,0,0,0,0,0,0,0,0,0,0,0,0,0,0,0,0.179401993355482,28,0.00664451827242525,0,0.186046511627907,301,301
"123","2015-2019","Colombia",0,0.987113402061856,0,0,0.00515463917525773,0,0,0,0,0,0,0,0,0,0.00515463917525773,0,0,0,0,0,0,0,0,0,0,0,0,0,0,0,0,0,0,0,0,0,0,0,0,0,0,0,0,0,0,0,0,0,0,0,0,0,0,0,0,0,0,0,0,0,0,0,0,0,0,0,0,0,0,0,0,0,0,0,0,0,0,0,0,0,0,0,0,0,0,0,0,0,0,0,0,0,0,0,0,0,0,0,0,0,0,0,0,0,0,0,0,0,0,0,0,0,0,0,0,0,0,0,0,0,0,0,0,0,0,0,0,0,0,0,0,0,0,0,0,0,0,0,0,0,0,0,0,0,0,0,0,0,0,0,0,0,0,0,0,0,0,0,0,0,0,0,0,0,0,0,0,0,0,0,0,0,0.00515463917525773,0,0,0.00257731958762887,0.0077319587628866,388,388
"124","1980-1989","Congo (the Democratic Republic of the)",0.5,0,0.0172413793103448,0.103448275862069,0.0344827586206897,0.0689655172413793,0.224137931034483,0.0517241379310345,0,0,0,0,0,0,0,0,0,0,0,0,0,0,0,0,0,0,0,0,0,0,0,0,0,0,0,0,0,0,0,0,0,0,0,0,0,0,0,0,0,0,0,0,0,0,0,0,0,0,0,0,0,0,0,0,0,0,0,0,0,0,0,0,0,0,0,0,0,0,0,0,0,0,0,0,0,0,0,0,0,0,0,0,0,0,0,0,0,0,0,0,0,0,0,0,0,0,0,0,0,0,0,0,0,0,0,0,0,0,0,0,0,0,0,0,0,0,0,0,0,0,0,0,0,0,0,0,0,0,0,0,0,0,0,0,0,0,0,0,0,0,0,0,0,0,0,0,0,0,0,0,0,0,0,0,0,0,0,0,0,0,0,0,0,0,0,0,0,19.3333333333333,19.3333333333333
"125","1990-1994","Congo (the Democratic Republic of the)",0.5,0,0.0172413793103448,0.103448275862069,0.0344827586206897,0.0689655172413793,0.224137931034483,0.0517241379310345,0,0,0,0,0,0,0,0,0,0,0,0,0,0,0,0,0,0,0,0,0,0,0,0,0,0,0,0,0,0,0,0,0,0,0,0,0,0,0,0,0,0,0,0,0,0,0,0,0,0,0,0,0,0,0,0,0,0,0,0,0,0,0,0,0,0,0,0,0,0,0,0,0,0,0,0,0,0,0,0,0,0,0,0,0,0,0,0,0,0,0,0,0,0,0,0,0,0,0,0,0,0,0,0,0,0,0,0,0,0,0,0,0,0,0,0,0,0,0,0,0,0,0,0,0,0,0,0,0,0,0,0,0,0,0,0,0,0,0,0,0,0,0,0,0,0,0,0,0,0,0,0,0,0,0,0,0,0,0,0,0,0,0,0,0,0,0,0,0,38.6666666666667,38.6666666666667
"126","1995-1999","Congo (the Democratic Republic of the)",0.474874371859296,0.0016750418760469,0.0695142378559464,0.0946398659966499,0.0603015075376884,0.092964824120603,0.118090452261307,0.0284757118927973,0.0125628140703518,0,0,0,0,0.0117252931323283,0.0268006700167504,0,0,0.0033500837520938,0,0,0,0,0,0.0050251256281407,0,0,0,0,0,0,0,0,0,0,0,0,0,0,0,0,0,0,0,0,0,0,0,0,0,0,0,0,0,0,0,0,0,0,0,0,0,0,0,0,0,0,0,0,0,0,0,0,0,0,0,0,0,0,0,0,0,0,0,0,0,0,0,0,0,0,0,0,0,0,0,0,0,0,0,0,0,0,0,0,0,0,0,0,0,0,0,0,0,0,0,0,0,0,0,0,0,0,0,0,0,0,0,0,0,0,0,0,0,0,0,0,0,0,0,0,0,0,0,0,0,0,0,0,0,0,0,0,0,0,0,0,0,0,0,0,0,0,0,0,0,0,0,0,0,0,0,0,0.0469011725293132,0,0,0,0.0469011725293132,597,597
"127","2000-2004","Congo (the Democratic Republic of the)",0.387170154686078,0.000909918107370337,0.0959963603275705,0.107825295723385,0.0300272975432211,0.114194722474977,0.0532302092811647,0.0245677888989991,0.0141037306642402,0.000909918107370337,0,0,0,0.0300272975432211,0.0436760691537762,0,0,0.010919017288444,0,0,0,0,0,0.00545950864422202,0,0.00181983621474067,0,0,0,0,0.00454959053685168,0,0,0,0,0,0,0.00181983621474067,0,0.00181983621474067,0,0,0,0,0,0,0,0,0,0,0,0,0,0,0,0,0,0,0,0,0,0,0,0,0,0,0,0,0,0,0,0,0,0,0,0,0,0,0,0,0,0,0,0,0,0,0,0,0,0,0,0,0,0,0,0,0,0,0,0,0,0,0,0,0,0,0,0,0,0,0,0,0,0,0,0,0,0,0,0,0,0,0,0,0,0,0,0,0,0,0,0,0,0,0,0,0,0,0,0,0,0,0,0,0,0,0,0,0,0,0,0,0,0,0,0,0,0,0,0,0,0,0,0,0,0,0,0,0,0,0,0,0.100090991810737,0,0.0464058234758872,0.0245677888989991,0.171064604185623,1113,1099
"128","2005-2009","Congo (the Democratic Republic of the)",0.23861852433281,0,0.244897959183673,0.0675039246467818,0.0235478806907378,0.0455259026687598,0.0800627943485086,0.0298273155416013,0.00313971742543171,0,0,0,0,0.0204081632653061,0.0502354788069074,0,0,0.00313971742543171,0,0,0,0.00313971742543171,0,0.0141287284144427,0,0.0172684458398744,0,0,0,0,0.00156985871271586,0,0,0,0,0,0,0.010989010989011,0.00627943485086342,0.00156985871271586,0.00156985871271586,0,0,0,0,0,0,0,0,0.0141287284144427,0,0,0,0,0,0.00470957613814757,0,0.0204081632653061,0,0,0,0,0,0,0,0,0,0,0,0,0,0,0,0,0,0,0,0,0,0,0,0,0,0,0,0,0,0,0,0,0,0,0,0,0,0,0,0,0,0,0,0,0,0,0,0,0,0,0,0,0,0,0,0,0,0,0,0,0,0,0,0,0,0,0,0,0,0,0,0,0,0,0,0,0,0,0,0,0,0,0,0,0,0,0,0,0,0,0,0,0,0,0,0,0,0,0,0,0,0,0,0,0,0,0,0,0,0,0,0,0,0,0.169544740973312,0,0.097331240188383,0,0.266875981161695,862,637
"129","2010-2014","Congo (the Democratic Republic of the)",0.3648,0.0064,0.192,0.104,0.0224,0.0832,0.0352,0.0208,0.0256,0,0,0,0,0.008,0.04,0,0,0.0016,0,0,0,0,0,0,0,0,0,0,0,0,0.0048,0,0,0,0,0,0.0128,0.0112,0.0096,0,0,0,0,0,0,0,0,0,0,0,0,0,0,0,0,0,0,0.0128,0,0,0,0,0,0,0,0,0,0,0,0,0,0,0,0,0,0,0,0,0,0,0,0,0,0,0,0,0,0,0,0,0,0,0,0,0,0,0,0,0,0,0,0,0,0,0,0,0,0,0,0,0,0,0,0,0,0,0,0,0,0,0,0,0,0,0,0,0,0,0,0,0,0,0,0,0,0,0,0,0,0,0,0,0,0,0,0,0,0,0,0,0,0,0,0,0,0,0,0,0,0,0,0,0,0,0,0,0,0,0,0,0,0,0.1008,0,0.032,0.0128,0.1456,683,625
"130","2015-2019","Congo (the Democratic Republic of the)",0.291079812206573,0.00938967136150235,0.0704225352112676,0.0234741784037559,0.0751173708920188,0.0751173708920188,0.0422535211267606,0.0140845070422535,0,0,0,0,0,0.00938967136150235,0.0140845070422535,0,0,0.00469483568075117,0,0,0,0.00469483568075117,0,0,0,0.00938967136150235,0,0,0,0,0.00469483568075117,0,0,0,0,0,0,0.00938967136150235,0.00469483568075117,0.0187793427230047,0,0,0,0,0,0,0,0,0,0,0,0,0,0,0,0,0,0.0234741784037559,0,0.00938967136150235,0,0,0,0,0,0,0,0,0,0,0,0,0,0,0,0,0,0,0,0,0,0,0,0,0,0,0,0,0,0,0,0,0,0,0,0,0,0,0,0,0,0,0,0,0,0,0,0,0,0,0,0,0,0,0,0,0,0,0,0,0,0,0,0,0,0,0,0,0,0,0,0,0,0,0,0,0,0,0,0,0,0,0,0,0,0,0,0,0,0,0,0,0,0,0,0,0,0,0,0,0,0,0,0,0,0,0,0,0,0,0,0,0.112676056338028,0,0.286384976525822,0,0.39906103286385,220,213
"131","1995-1999","Congo (the)",0.29746835443038,0,0.00632911392405063,0.0253164556962025,0.00632911392405063,0.19620253164557,0.139240506329114,0.0253164556962025,0.00632911392405063,0,0,0,0,0,0,0,0,0,0,0,0,0,0,0,0,0,0,0,0,0,0,0,0,0,0,0,0,0,0,0,0,0,0,0,0,0,0,0,0,0,0,0,0,0,0,0,0,0,0,0,0,0,0,0,0,0,0,0,0,0,0,0,0,0,0,0,0,0,0,0,0,0,0,0,0,0,0,0,0,0,0,0,0,0,0,0,0,0,0,0,0,0,0,0,0,0,0,0,0,0,0,0,0,0,0,0,0,0,0,0,0,0,0,0,0,0,0,0,0,0,0,0,0,0,0,0,0,0,0,0,0,0,0,0,0,0,0,0,0,0,0,0,0,0,0,0,0,0,0,0,0,0,0,0,0,0,0,0,0,0,0,0,0,0,0.29746835443038,0,0.29746835443038,77,79
"132","2000-2004","Congo (the)",0.348275862068965,0,0.0103448275862069,0.137931034482759,0.0241379310344828,0.217241379310345,0.0620689655172414,0.0413793103448276,0.00344827586206897,0,0,0,0,0.00689655172413793,0,0,0,0.0137931034482759,0.0137931034482759,0,0,0,0,0,0,0.00689655172413793,0,0,0,0,0.0275862068965517,0,0,0,0,0,0,0,0,0,0,0,0,0,0,0,0,0,0,0.00689655172413793,0,0,0,0,0,0,0,0,0,0,0,0,0,0,0,0,0,0,0,0,0,0,0,0,0,0,0,0,0,0,0,0,0,0,0,0,0,0,0,0,0,0,0,0,0,0,0,0,0,0,0,0,0,0,0,0,0,0,0,0,0,0,0,0,0,0,0,0,0,0,0,0,0,0,0,0,0,0,0,0,0,0,0,0,0,0,0,0,0,0,0,0,0,0,0,0,0,0,0,0,0,0,0,0,0,0,0,0,0,0,0,0,0,0,0,0,0,0,0,0,0,0,0.0758620689655172,0,0.0793103448275862,0,0.155172413793103,154,145
"133","2005-2009","Congo (the)",0.0967741935483871,0.0161290322580645,0.0403225806451613,0.0806451612903226,0.0403225806451613,0.209677419354839,0.0725806451612903,0.0161290322580645,0,0,0,0,0,0.00806451612903226,0.0403225806451613,0,0,0,0,0,0,0,0,0,0,0,0,0,0,0,0.0483870967741935,0,0,0,0,0,0,0.0241935483870968,0,0,0,0,0,0,0,0,0,0,0,0.0564516129032258,0,0,0,0,0,0,0,0.0564516129032258,0,0,0,0,0,0,0,0,0,0,0,0,0,0,0,0,0,0,0,0,0,0,0,0,0,0,0,0,0,0,0,0,0,0,0,0,0,0,0,0,0,0,0,0,0,0,0,0,0,0,0,0,0,0,0,0,0,0,0,0,0,0,0,0,0,0,0,0,0,0,0,0,0,0,0,0,0,0,0,0,0,0,0,0,0,0,0,0,0,0,0,0,0,0,0,0,0,0,0,0,0,0,0,0,0,0,0,0,0,0,0,0,0,0,0.233870967741935,0,0.193548387096774,0,0.42741935483871,125,124
"134","2010-2014","Congo (the)",0.0368421052631579,0.0368421052631579,0.0157894736842105,0.0263157894736842,0,0.0631578947368421,0.0157894736842105,0.00526315789473684,0.00526315789473684,0,0,0,0,0,0.0578947368421053,0.0157894736842105,0,0,0.00526315789473684,0,0,0.0315789473684211,0,0.0105263157894737,0,0.0105263157894737,0,0.00526315789473684,0.0157894736842105,0,0.0105263157894737,0.00526315789473684,0.00526315789473684,0.0105263157894737,0.0263157894736842,0,0,0.0105263157894737,0,0,0,0,0,0,0,0.00526315789473684,0,0,0,0.0421052631578947,0,0,0,0,0,0,0,0,0,0,0,0,0,0,0,0,0,0,0,0,0,0,0,0,0,0,0,0,0,0,0,0,0,0,0,0,0,0,0,0,0,0,0,0,0,0,0,0,0,0,0,0,0,0,0,0,0,0,0,0,0,0,0,0,0,0,0,0,0,0,0,0,0,0,0,0,0,0,0,0,0,0,0,0,0,0,0,0,0,0,0,0,0,0,0,0,0,0,0,0,0,0,0,0,0,0,0,0,0,0,0,0,0,0,0,0,0,0,0,0,0,0,0.268421052631579,0,0.526315789473684,0,0.794736842105263,190,190
"135","2015-2019","Congo (the)",0.247058823529412,0,0,0.0352941176470588,0.0117647058823529,0.0823529411764706,0.0588235294117647,0.0235294117647059,0,0,0,0,0,0,0.223529411764706,0,0,0,0.0117647058823529,0,0,0.0117647058823529,0,0.0352941176470588,0,0.0235294117647059,0,0,0,0,0.0117647058823529,0,0,0,0,0,0,0.0117647058823529,0,0,0,0,0,0,0,0,0,0,0,0.105882352941176,0,0,0,0,0,0,0,0.0705882352941176,0,0.0117647058823529,0,0,0,0,0,0,0,0,0,0,0,0,0,0,0,0,0,0,0,0,0,0,0,0,0,0,0,0.0235294117647059,0,0,0,0,0,0,0,0,0,0,0,0,0,0,0,0,0,0,0,0,0,0,0,0,0,0,0,0,0,0,0,0,0,0,0,0,0,0,0,0,0,0,0,0,0,0,0,0,0,0,0,0,0,0,0,0,0,0,0,0,0,0,0,0,0,0,0,0,0,0,0,0,0,0,0,0,0,0,0,0,0,0,0,0,0.541176470588235,0,0,0,0.541176470588235,42.5,42.5
"136","2020-2022","Congo (the)",0.247058823529412,0,0,0.0352941176470588,0.0117647058823529,0.0823529411764706,0.0588235294117647,0.0235294117647059,0,0,0,0,0,0,0.223529411764706,0,0,0,0.0117647058823529,0,0,0.0117647058823529,0,0.0352941176470588,0,0.0235294117647059,0,0,0,0,0.0117647058823529,0,0,0,0,0,0,0.0117647058823529,0,0,0,0,0,0,0,0,0,0,0,0.105882352941176,0,0,0,0,0,0,0,0.0705882352941176,0,0.0117647058823529,0,0,0,0,0,0,0,0,0,0,0,0,0,0,0,0,0,0,0,0,0,0,0,0,0,0,0,0.0235294117647059,0,0,0,0,0,0,0,0,0,0,0,0,0,0,0,0,0,0,0,0,0,0,0,0,0,0,0,0,0,0,0,0,0,0,0,0,0,0,0,0,0,0,0,0,0,0,0,0,0,0,0,0,0,0,0,0,0,0,0,0,0,0,0,0,0,0,0,0,0,0,0,0,0,0,0,0,0,0,0,0,0,0,0,0,0.541176470588235,0,0,0,0.541176470588235,42.5,42.5
"137","2000-2004","Croatia",0.0206896551724138,0.737931034482759,0.0689655172413793,0,0.00689655172413793,0,0,0,0,0,0,0,0,0.0206896551724138,0.0896551724137931,0,0,0.0137931034482759,0.00689655172413793,0,0,0,0.0206896551724138,0,0,0,0,0,0,0,0,0,0,0,0,0,0,0,0,0,0,0,0,0,0,0,0,0,0,0,0,0,0,0,0,0,0,0,0,0,0,0,0,0,0,0,0,0,0,0,0,0,0,0,0,0,0,0,0,0,0,0,0,0,0,0,0,0,0,0,0,0,0,0,0,0,0,0,0,0,0,0,0,0,0,0,0,0,0,0,0,0,0,0,0,0,0,0,0,0,0,0,0,0,0,0,0,0,0,0,0,0,0,0,0,0,0,0,0,0,0,0,0,0,0,0,0,0,0,0,0,0,0,0,0,0,0,0,0,0,0,0,0,0,0,0,0,0,0,0,0,0,0.151724137931034,0,0.0137931034482759,0,0.16551724137931,145,145
"138","2005-2009","Croatia",0.0344827586206897,0.887931034482759,0.0344827586206897,0,0,0,0,0,0,0,0,0,0,0,0.0172413793103448,0,0,0,0,0,0,0,0,0,0,0,0,0,0,0,0,0,0,0,0,0,0,0,0,0,0,0,0,0,0,0,0,0,0,0,0,0,0,0,0,0,0,0,0,0,0,0,0,0,0,0,0,0,0,0,0,0,0,0,0,0,0,0,0,0,0,0,0,0,0,0,0,0,0,0,0,0,0,0,0,0,0,0,0,0,0,0,0,0,0,0,0,0,0,0,0,0,0,0,0,0,0,0,0,0,0,0,0,0,0,0,0,0,0,0,0,0,0,0,0,0,0,0,0,0,0,0,0,0,0,0,0,0,0,0,0,0,0,0,0,0,0,0,0,0,0,0,0,0,0,0,0,0,0,0,0,0,0.0172413793103448,0,0.0258620689655172,0,0.0431034482758621,116,116
"139","2010-2014","Croatia",0.0402298850574713,0.904214559386973,0.0134099616858238,0,0,0.00766283524904215,0,0,0,0,0,0,0,0.00191570881226054,0.00957854406130268,0,0,0,0.00191570881226054,0,0,0,0,0,0,0,0,0,0,0,0,0,0,0,0,0,0,0,0,0,0,0,0,0,0,0,0,0,0,0,0,0,0,0,0,0,0,0,0,0,0,0,0,0,0,0,0,0,0,0,0,0,0,0,0,0,0,0,0,0,0,0,0,0,0,0,0,0,0,0,0,0,0,0,0,0,0,0,0,0,0,0,0,0,0,0,0,0,0,0,0,0,0,0,0,0,0,0,0,0,0,0,0,0,0,0,0,0,0,0,0,0,0,0,0,0,0,0,0,0,0,0,0,0,0,0,0,0,0,0,0,0,0,0,0,0,0,0,0,0,0,0,0,0,0,0,0,0,0,0,0,0,0.0134099616858238,0,0.00574712643678161,0.0153256704980843,0.0344827586206897,130.75,130.5
"140","2015-2019","Croatia",0.0422885572139304,0.915422885572139,0.0174129353233831,0,0,0,0,0,0,0,0,0,0,0.00248756218905473,0.0124378109452736,0,0,0,0.00248756218905473,0,0,0,0,0,0,0,0,0,0,0,0,0,0,0,0,0,0,0,0,0,0,0,0,0,0,0,0,0,0,0,0,0,0,0,0,0,0,0,0,0,0,0,0,0,0,0,0,0,0,0,0,0,0,0,0,0,0,0,0,0,0,0,0,0,0,0,0,0,0,0,0,0,0,0,0,0,0,0,0,0,0,0,0,0,0,0,0,0,0,0,0,0,0,0,0,0,0,0,0,0,0,0,0,0,0,0,0,0,0,0,0,0,0,0,0,0,0,0,0,0,0,0,0,0,0,0,0,0,0,0,0,0,0,0,0,0,0,0,0,0,0,0,0,0,0,0,0,0,0,0,0,0,0.0174129353233831,0,0.00746268656716418,0,0.0248756218905473,302.25,301.5
"141","1995-1999","Cuba",0,0.476190476190476,0.0285714285714286,0.266666666666667,0.00952380952380952,0.0666666666666667,0.00952380952380952,0.00952380952380952,0,0,0,0,0,0,0,0,0,0,0,0,0,0,0,0,0,0,0,0,0,0,0,0,0,0,0,0,0,0,0,0,0,0,0,0,0,0,0,0,0,0,0,0,0,0,0,0,0,0,0,0,0,0,0,0,0,0,0,0,0,0,0,0,0,0,0,0,0,0,0,0,0,0,0,0,0,0,0,0,0,0,0,0,0,0,0,0,0,0,0,0,0,0,0,0,0,0,0,0,0,0,0,0,0,0,0,0,0,0,0,0,0,0,0,0,0,0,0,0,0,0,0,0,0,0,0,0,0,0,0,0,0,0,0,0,0,0,0,0,0,0,0,0,0,0,0,0,0,0,0,0,0,0,0,0,0,0,0,0,0,0,0,0,0,0,0.133333333333333,0,0.133333333333333,105,105
"142","2000-2004","Cuba",0.00934215648112106,0.411054885169327,0.0615025301673803,0,0.00233553912028026,0.0373686259244842,0.0210198520825224,0,0,0,0,0,0,0,0.00934215648112106,0,0,0,0,0,0,0,0,0,0,0,0,0,0,0,0.0712339431685481,0.185286103542234,0.0490463215258856,0,0,0.0140132347216816,0.0467107824056053,0,0,0,0,0,0,0,0,0,0,0,0,0,0,0,0,0,0,0,0,0,0,0,0,0,0,0,0,0,0,0,0,0,0,0,0,0,0,0,0,0,0,0,0,0,0,0,0,0,0,0,0,0,0,0,0,0,0,0,0,0,0,0,0,0,0,0,0,0,0,0,0,0,0,0,0,0,0,0,0,0,0,0,0,0,0,0,0,0,0,0,0,0,0,0,0,0,0,0,0,0,0,0,0,0,0,0,0,0,0,0,0,0,0,0,0,0,0,0,0,0,0,0,0,0,0,0,0,0,0,0,0,0,0,0,0.375632541845076,0,0.0817438692098093,0,0.457376411054885,428.333333333333,428.166666666667
"143","2005-2009","Cuba",0.0200269479382453,0.397784808248206,0.0595585049236376,0.0436271687451402,0.00157888801172888,0.0348957993268951,0.00548455835653191,0.00116339116653707,0,0,0,0,0,0.000997192428460347,0.00481976340422501,0,0,0.000623245267787717,0,0,0,0,0,0,0,0,0,0,0,0,0.0748784671727814,0.119752126453497,0.0163230903468212,0,0,0.0359820267936109,0.0108622746671573,0,0,0,0,0,0,0.000415496845191811,0,0,0,0,0,0,0,0,0,0,0,0,0,0,0,0,0,0,0,0,0,0,0,0,0,0,0,0,0,0,0,0,0,0,0,0,0,0,0,0,0,0,0,0,0,0,0,0,0,0,0,0,0,0,0,0,0,0,0,0,0,0,0,0,0,0,0,0,0,0,0,0,0,0,0,0,0,0,0,0,0,0,0,0,0,0,0,0,0,0,0,0,0,0,0,0,0,0,0,0,0,0,0,0,0,0,0,0,0,0,0,0,0,0,0,0,0,0,0,0,0,0,0,0,0,0,0,0.0423806782095647,0.307034361589097,0,0.121366628480528,0.0074789432134526,0.435879933283078,824.752380952381,802.252380952381
"144","2010-2014","Cuba",0.0139019505880531,0.36296648706062,0.052211145901331,0.00697033734219931,0.00100682650498434,0.0302075611564122,0.00499540842857617,0.000619585541528827,0,0,0,0,0,0.00127789517940321,0.00356261686379076,0,0,0.000290430722591638,0,0,0,0,0,0,0,0,0,0,0,0,0.0786652357191065,0.145561112156047,0.0237599991148778,0,0,0.0238927674452054,0.0193343881039576,0,0,0,0,0,0,0.000387240963455517,0,0,0,0,0,0,0,0,0,0,0,0,0,0,0,0,0,0,0,0,0,0,0,0,0,0,0,0,0,0,0,0,0,0,0,0,0,0,0,0,0,0,0,0,0,0,0,0,0,0,0,0,0,0,0,0,0,0,0,0,0,0,0,0,0,0,0,0,0,0,0,0,0,0,0,0,0,0,0,0,0,0,0,0,0,0,0,0,0,0,0,0,0,0,0,0,0,0,0,0,0,0,0,0,0,0,0,0,0,0,0,0,0,0,0,0,0,0,0,0,0,0,0,0,0,0,0,0.0987464456811569,0.395478131949592,0,0.131642565526703,0,0.527120697476295,1783.91428571429,1721.58095238095
"145","2015-2019","Cuba",0.00860215053763441,0.337634408602151,0.021505376344086,0.0903225806451613,0,0.0150537634408602,0,0,0,0,0,0,0,0,0,0,0,0,0,0,0,0,0,0,0,0,0,0,0,0,0.105376344086022,0.0946236559139785,0.113978494623656,0,0,0,0.00645161290322581,0,0,0,0,0,0,0,0,0,0,0,0,0,0,0,0,0,0,0,0,0,0,0,0,0,0,0,0,0,0,0,0,0,0,0,0,0,0,0,0,0,0,0,0,0,0,0,0,0,0,0,0,0,0,0,0,0,0,0,0,0,0,0,0,0,0,0,0,0,0,0,0,0,0,0,0,0,0,0,0,0,0,0,0,0,0,0,0,0,0,0,0,0,0,0,0,0,0,0,0,0,0,0,0,0,0,0,0,0,0,0,0,0,0,0,0,0,0,0,0,0,0,0,0,0,0,0,0,0,0,0,0,0,0,0,0.320430107526882,0,0.0279569892473118,0.178494623655914,0.526881720430108,467,465
"146","1990-1994","Cyprus",0.208333333333333,0.625,0.0833333333333333,0,0.0833333333333333,0,0,0,0,0,0,0,0,0,0,0,0,0,0,0,0,0,0,0,0,0,0,0,0,0,0,0,0,0,0,0,0,0,0,0,0,0,0,0,0,0,0,0,0,0,0,0,0,0,0,0,0,0,0,0,0,0,0,0,0,0,0,0,0,0,0,0,0,0,0,0,0,0,0,0,0,0,0,0,0,0,0,0,0,0,0,0,0,0,0,0,0,0,0,0,0,0,0,0,0,0,0,0,0,0,0,0,0,0,0,0,0,0,0,0,0,0,0,0,0,0,0,0,0,0,0,0,0,0,0,0,0,0,0,0,0,0,0,0,0,0,0,0,0,0,0,0,0,0,0,0,0,0,0,0,0,0,0,0,0,0,0,0,0,0,0,0,0,0,0,0,0,25,24
"147","1995-1999","Cyprus",0,0.625,0,0.0416666666666667,0,0,0,0,0,0,0,0,0,0,0,0,0,0,0,0,0,0,0,0,0,0,0,0,0,0,0,0,0,0,0,0,0,0,0,0,0,0,0,0,0,0,0,0,0,0,0,0,0,0,0,0,0,0,0,0,0,0,0,0,0,0,0,0,0,0,0,0,0,0,0,0,0,0,0,0,0,0,0,0,0,0,0,0,0,0,0,0,0,0,0,0,0,0,0,0,0,0,0,0,0,0,0,0,0,0,0,0,0,0,0,0,0,0,0,0,0,0,0,0,0,0,0,0,0,0,0,0,0,0,0,0,0,0,0,0,0,0,0,0,0,0,0,0,0,0,0,0,0,0,0,0,0,0,0,0,0,0,0,0,0,0,0,0,0,0,0,0,0,0,0.333333333333333,0,0.333333333333333,24,24
"148","2000-2004","Cyprus",0.285714285714286,0.535714285714286,0.0803571428571429,0.0178571428571429,0,0,0,0,0,0,0,0,0,0.0178571428571429,0.0535714285714286,0,0.00892857142857143,0,0,0,0,0,0,0,0,0,0,0,0,0,0,0,0,0,0,0,0,0,0,0,0,0,0,0,0,0,0,0,0,0,0,0,0,0,0,0,0,0,0,0,0,0,0,0,0,0,0,0,0,0,0,0,0,0,0,0,0,0,0,0,0,0,0,0,0,0,0,0,0,0,0,0,0,0,0,0,0,0,0,0,0,0,0,0,0,0,0,0,0,0,0,0,0,0,0,0,0,0,0,0,0,0,0,0,0,0,0,0,0,0,0,0,0,0,0,0,0,0,0,0,0,0,0,0,0,0,0,0,0,0,0,0,0,0,0,0,0,0,0,0,0,0,0,0,0,0,0,0,0,0,0,0,0.0803571428571429,0,0,0,0.0803571428571429,56,56
"149","2005-2009","Cyprus",0.230769230769231,0.507692307692308,0.0961538461538462,0.00769230769230769,0.00769230769230769,0,0,0,0,0,0,0,0,0.00769230769230769,0.0692307692307692,0,0.00384615384615385,0,0,0,0,0,0,0.0153846153846154,0,0,0,0,0,0,0,0,0,0,0,0,0,0,0,0,0,0,0,0,0,0,0,0,0,0.00769230769230769,0,0,0,0,0,0,0,0,0,0,0,0,0,0,0,0,0,0,0,0,0,0,0,0,0,0,0,0,0,0,0,0,0,0,0,0,0,0,0,0,0,0,0,0,0,0,0,0,0,0,0,0,0,0,0,0,0,0,0,0,0,0,0,0,0,0,0,0,0,0,0,0,0,0,0,0,0,0,0,0,0,0,0,0,0,0,0,0,0,0,0,0,0,0,0,0,0,0,0,0,0,0,0,0,0,0,0,0,0,0,0,0,0,0,0,0,0,0,0,0,0,0,0.103846153846154,0,0.0461538461538462,0,0.15,130,130
"150","2010-2014","Cyprus",0.211864406779661,0.38135593220339,0.076271186440678,0,0.101694915254237,0,0,0,0,0,0,0,0,0.00847457627118644,0.0423728813559322,0.00847457627118644,0,0,0,0,0,0,0,0,0,0,0,0,0,0,0,0,0,0,0,0,0,0,0,0,0,0,0,0,0,0,0,0,0,0,0,0,0,0,0,0,0,0,0,0,0,0,0,0,0,0,0,0,0,0,0,0,0,0,0,0,0,0,0,0,0,0,0,0,0,0,0,0,0,0,0,0,0,0,0,0,0,0,0,0,0,0,0,0,0,0,0,0,0,0,0,0,0,0,0,0,0,0,0,0,0,0,0,0,0,0,0,0,0,0,0,0,0,0,0,0,0,0,0,0,0,0,0,0,0,0,0,0,0,0,0,0,0,0,0,0,0,0,0,0,0,0,0,0,0,0,0,0,0,0,0,0.0593220338983051,0.11864406779661,0,0.110169491525424,0,0.228813559322034,118,118
"151","2015-2019","Cyprus",0.253731343283582,0.26865671641791,0.0223880597014925,0.00746268656716418,0.0746268656716418,0.0298507462686567,0,0,0,0,0,0,0,0.0223880597014925,0.164179104477612,0.00746268656716418,0.00746268656716418,0,0.0223880597014925,0,0,0,0,0,0,0,0,0,0,0,0,0,0,0,0,0,0,0,0,0,0,0,0,0,0,0,0,0.00746268656716418,0,0,0,0,0,0,0,0,0,0,0,0,0,0,0,0,0,0,0,0,0,0,0,0,0,0,0,0,0,0,0,0,0,0,0,0,0,0,0,0,0,0,0,0,0,0,0,0,0,0,0,0,0,0,0,0,0,0,0,0,0,0,0,0,0,0,0,0,0,0,0,0,0,0,0,0,0,0,0,0,0,0,0,0,0,0,0,0,0,0,0,0,0,0,0,0,0,0,0,0,0,0,0,0,0,0,0,0,0,0,0,0,0,0,0,0,0,0,0,0,0,0,0,0,0.23134328358209,0,0.111940298507463,0,0.343283582089552,134,134
"152","1980-1989","Czechia",0.0880149812734082,0.765917602996255,0.0355805243445693,0.00374531835205993,0.00749063670411985,0.0149812734082397,0,0,0,0,0,0,0,0.0580524344569288,0.0224719101123595,0,0,0,0.00374531835205993,0,0,0,0,0,0,0,0,0,0,0,0,0,0,0,0,0,0,0,0,0,0,0,0,0,0,0,0,0,0,0,0,0,0,0,0,0,0,0,0,0,0,0,0,0,0,0,0,0,0,0,0,0,0,0,0,0,0,0,0,0,0,0,0,0,0,0,0,0,0,0,0,0,0,0,0,0,0,0,0,0,0,0,0,0,0,0,0,0,0,0,0,0,0,0,0,0,0,0,0,0,0,0,0,0,0,0,0,0,0,0,0,0,0,0,0,0,0,0,0,0,0,0,0,0,0,0,0,0,0,0,0,0,0,0,0,0,0,0,0,0,0,0,0,0,0,0,0,0,0,0,0,0,0.0842696629213483,0,0,0,0.0842696629213483,97.0909090909091,97.0909090909091
"153","1990-1994","Czechia",0.0880149812734082,0.765917602996255,0.0355805243445693,0.00374531835205993,0.00749063670411985,0.0149812734082397,0,0,0,0,0,0,0,0.0580524344569288,0.0224719101123595,0,0,0,0.00374531835205993,0,0,0,0,0,0,0,0,0,0,0,0,0,0,0,0,0,0,0,0,0,0,0,0,0,0,0,0,0,0,0,0,0,0,0,0,0,0,0,0,0,0,0,0,0,0,0,0,0,0,0,0,0,0,0,0,0,0,0,0,0,0,0,0,0,0,0,0,0,0,0,0,0,0,0,0,0,0,0,0,0,0,0,0,0,0,0,0,0,0,0,0,0,0,0,0,0,0,0,0,0,0,0,0,0,0,0,0,0,0,0,0,0,0,0,0,0,0,0,0,0,0,0,0,0,0,0,0,0,0,0,0,0,0,0,0,0,0,0,0,0,0,0,0,0,0,0,0,0,0,0,0,0,0.0842696629213483,0,0,0,0.0842696629213483,121.363636363636,121.363636363636
"154","1995-1999","Czechia",0.0728458049886621,0.779195011337868,0.0456349206349206,0.00283446712018141,0.018140589569161,0.0113378684807256,0,0,0,0,0,0,0,0.0501700680272109,0.0170068027210884,0,0,0,0.00283446712018141,0,0,0,0,0,0,0,0,0,0,0,0,0,0,0,0,0,0,0,0,0,0,0,0,0,0,0,0,0,0,0,0,0,0,0,0,0,0,0,0,0,0,0,0,0,0,0,0,0,0,0,0,0,0,0,0,0,0,0,0,0,0,0,0,0,0,0,0,0,0,0,0,0,0,0,0,0,0,0,0,0,0,0,0,0,0,0,0,0,0,0,0,0,0,0,0,0,0,0,0,0,0,0,0,0,0,0,0,0,0,0,0,0,0,0,0,0,0,0,0,0,0,0,0,0,0,0,0,0,0,0,0,0,0,0,0,0,0,0,0,0,0,0,0,0,0,0,0,0,0,0,0,0,0.0700113378684807,0,0,0,0.0700113378684807,160.363636363636,160.363636363636
"155","2000-2004","Czechia",0.0824986821296784,0.742136707081356,0.0740643120716921,0.00281145668599543,0.0133544192584783,0.00931295027235987,0,0,0,0,0,0,0,0.0503426462836057,0.0130029871727289,0.00579862941486558,0,0,0.00281145668599543,0,0,0,0,0,0,0,0,0,0,0,0,0,0,0,0,0,0,0,0,0,0,0,0,0,0,0,0,0,0,0,0,0,0,0,0,0,0,0,0,0,0,0,0,0,0,0,0,0,0,0,0,0,0,0,0,0,0,0,0,0,0,0,0,0,0,0,0,0,0,0,0,0,0,0,0,0,0,0,0,0,0,0,0,0,0,0,0,0,0,0,0,0,0,0,0,0,0,0,0,0,0,0,0,0,0,0,0,0,0,0,0,0,0,0,0,0,0,0,0,0,0,0,0,0,0,0,0,0,0,0,0,0,0,0,0,0,0,0,0,0,0,0,0,0,0,0,0,0,0,0,0,0,0.0719557195571956,0,0.00386575294324372,0,0.0758214725004393,517.363636363636,517.363636363636
"156","2005-2009","Czechia",0.107142857142857,0.758147025388405,0.0241568776051535,0.00890488821523304,0.00113679424024252,0.00644183402804092,0,0,0,0,0,0,0,0.0400719969685487,0.0221674876847291,0,0,0,0.010989010989011,0,0,0,0,0,0,0,0,0,0,0,0,0,0.00208412277377795,0,0,0,0,0,0,0,0,0,0,0,0,0,0,0,0,0,0,0,0,0,0,0,0,0,0,0,0,0,0,0,0,0,0,0,0,0,0,0,0,0,0,0,0,0,0,0,0,0,0,0,0,0,0,0,0,0,0,0,0,0,0,0,0,0,0,0,0,0,0,0,0,0,0,0,0,0,0,0,0,0,0,0,0,0,0,0,0,0,0,0,0,0,0,0,0,0,0,0,0,0,0,0,0,0,0,0,0,0,0,0,0,0,0,0,0,0,0,0,0,0,0,0,0,0,0,0,0,0,0,0,0,0,0,0,0,0,0,0,0.0753126184160667,0,0.0187571049640015,0,0.0940697233800682,479.818181818182,479.818181818182
"157","2010-2014","Czechia",0.112546125461255,0.773062730627306,0.022140221402214,0.003690036900369,0.0018450184501845,0.003690036900369,0,0,0,0,0,0,0,0.0239852398523985,0.0129151291512915,0,0,0,0.003690036900369,0,0,0,0,0,0.0018450184501845,0,0,0,0,0,0,0,0.0018450184501845,0,0,0,0,0,0,0,0,0,0,0,0,0,0,0,0,0,0,0,0,0,0,0,0,0,0,0,0,0,0,0,0,0,0,0,0,0,0,0,0,0,0,0,0,0,0,0,0,0,0,0,0,0,0,0,0,0,0,0,0,0,0,0,0,0,0,0,0,0,0,0,0,0,0,0,0,0,0,0,0,0,0,0,0,0,0,0,0,0,0,0,0,0,0,0,0,0,0,0,0,0,0,0,0,0,0,0,0,0,0,0,0,0,0,0,0,0,0,0,0,0,0,0,0,0,0,0,0,0,0,0,0,0,0,0,0,0,0,0,0.044280442804428,0,0.0387453874538745,0,0.0830258302583026,542,542
"158","2015-2019","Czechia",0.118881118881119,0.713286713286713,0.00699300699300699,0.00699300699300699,0.00699300699300699,0,0,0,0,0,0,0,0,0.013986013986014,0.00699300699300699,0,0,0,0,0,0,0,0,0,0.00699300699300699,0,0,0,0,0,0,0,0,0,0,0,0.00699300699300699,0,0,0,0,0,0,0,0,0,0,0,0,0,0,0,0,0,0,0,0,0,0,0,0,0,0,0,0,0,0,0,0,0,0,0,0,0,0,0,0,0,0,0,0,0,0,0,0,0,0,0,0,0,0,0,0,0,0,0,0,0,0,0,0,0,0,0,0,0,0,0,0,0,0,0,0,0,0,0,0,0,0,0,0,0,0,0,0,0,0,0,0,0,0,0,0,0,0,0,0,0,0,0,0,0,0,0,0,0,0,0,0,0,0,0,0,0,0,0,0,0,0,0,0,0,0,0,0,0,0,0,0,0,0,0,0.034965034965035,0,0.111888111888112,0,0.146853146853147,143,143
"159","1995-1999","Côte d'Ivoire",0.516181710213777,0,0.00534441805225653,0.0160332541567696,0.00890736342042755,0.0213776722090261,0.00356294536817102,0,0,0,0,0,0,0.00178147268408551,0.41478622327791,0,0,0,0.00534441805225653,0,0,0,0,0,0,0,0,0,0,0,0,0,0,0,0,0,0,0,0,0,0,0,0,0,0,0,0,0,0,0,0,0,0,0,0,0,0,0,0,0,0,0,0,0,0,0,0,0,0,0,0,0,0,0,0,0,0,0,0,0,0,0,0,0,0,0,0,0,0,0,0,0,0,0,0,0,0,0,0,0,0,0,0,0,0,0,0,0,0,0,0,0,0,0,0,0,0,0,0,0,0,0,0,0,0,0,0,0,0,0,0,0,0,0,0,0,0,0,0,0,0,0,0,0,0,0,0,0,0,0,0,0,0,0,0,0,0,0,0,0,0,0,0,0,0,0,0,0,0,0,0,0,0.421912114014252,0,0.00668052256532066,0,0.428592636579572,560.583333333333,561.333333333333
"160","2000-2004","Côte d'Ivoire",0.0763473053892215,0,0,0,0,0,0,0,0,0,0,0,0,0,0.850475519549137,0,0.00528355054596689,0,0.0274744628390278,0,0,0,0,0,0,0,0,0,0,0,0,0,0,0,0,0,0,0,0,0,0,0,0,0,0,0,0,0,0,0,0,0,0,0,0,0,0,0,0,0,0,0,0,0,0,0,0,0,0,0,0,0,0,0,0,0,0,0,0,0,0,0,0,0,0,0,0,0,0,0,0,0,0,0,0,0,0,0,0,0,0,0,0,0,0,0,0,0,0,0,0,0,0,0,0,0,0,0,0,0,0,0,0,0,0,0,0,0,0,0,0,0,0,0,0,0,0,0,0,0,0,0,0,0,0,0,0,0,0,0,0,0,0,0,0,0,0,0,0,0,0,0,0,0,0,0,0,0,0,0,0,0,0.883233532934132,0,0.0404191616766467,0,0.923652694610778,190.216666666667,189.266666666667
"161","2005-2009","Côte d'Ivoire",0.101736972704715,0,0.00708968450903935,0.00531726338177951,0,0,0,0,0,0,0,0,0,0,0.844735909252038,0,0,0,0.0148883374689826,0,0,0.0177242112725984,0,0,0,0,0,0,0,0,0,0,0,0,0,0,0,0,0,0,0,0,0,0,0,0,0,0,0,0,0,0,0,0,0,0,0,0,0,0,0,0,0,0,0,0,0,0,0,0,0,0,0,0,0,0,0,0,0,0,0,0,0,0,0,0,0,0,0,0,0,0,0,0,0,0,0,0,0,0,0,0,0,0,0,0,0,0,0,0,0,0,0,0,0,0,0,0,0,0,0,0,0,0,0,0,0,0,0,0,0,0,0,0,0,0,0,0,0,0,0,0,0,0,0,0,0,0,0,0,0,0,0,0,0,0,0,0,0,0,0,0,0,0,0,0,0,0,0,0,0,0,0.877348457993619,0,0.00850762141084722,0,0.885856079404467,193.866666666667,188.066666666667
"162","2010-2014","Côte d'Ivoire",0.08,0,0.02,0,0,0,0,0,0,0,0,0,0,0,0.88,0,0,0,0,0,0,0.02,0,0,0,0,0,0,0,0,0,0,0,0,0,0,0,0,0,0,0,0,0,0,0,0,0,0,0,0,0,0,0,0,0,0,0,0,0,0,0,0,0,0,0,0,0,0,0,0,0,0,0,0,0,0,0,0,0,0,0,0,0,0,0,0,0,0,0,0,0,0,0,0,0,0,0,0,0,0,0,0,0,0,0,0,0,0,0,0,0,0,0,0,0,0,0,0,0,0,0,0,0,0,0,0,0,0,0,0,0,0,0,0,0,0,0,0,0,0,0,0,0,0,0,0,0,0,0,0,0,0,0,0,0,0,0,0,0,0,0,0,0,0,0,0,0,0,0,0,0,0,0.9,0,0,0,0.9,33.3333333333333,33.3333333333333
"163","1990-1994","Denmark",0.37984496124031,0.124031007751938,0.302325581395349,0.0697674418604651,0.00775193798449612,0,0,0.00775193798449612,0,0,0,0,0,0.108527131782946,0,0,0,0,0,0,0,0,0,0,0,0,0,0,0,0,0,0,0,0,0,0,0,0,0,0,0,0,0,0,0,0,0,0,0,0,0,0,0,0,0,0,0,0,0,0,0,0,0,0,0,0,0,0,0,0,0,0,0,0,0,0,0,0,0,0,0,0,0,0,0,0,0,0,0,0,0,0,0,0,0,0,0,0,0,0,0,0,0,0,0,0,0,0,0,0,0,0,0,0,0,0,0,0,0,0,0,0,0,0,0,0,0,0,0,0,0,0,0,0,0,0,0,0,0,0,0,0,0,0,0,0,0,0,0,0,0,0,0,0,0,0,0,0,0,0,0,0,0,0,0,0,0,0,0,0,0,0,0.108527131782946,0,0,0,0.108527131782946,25.8,25.8
"164","1995-1999","Denmark",0.341265235055136,0.211549622751016,0.271619268717353,0.0626813697040046,0.00696459663377829,0,0,0.00696459663377829,0,0,0,0,0,0.0975043528728961,0,0,0,0,0,0,0,0,0,0,0,0.00145095763203714,0,0,0,0,0,0,0,0,0,0,0,0,0,0,0,0,0,0,0,0,0,0,0,0,0,0,0,0,0,0,0,0,0,0,0,0,0,0,0,0,0,0,0,0,0,0,0,0,0,0,0,0,0,0,0,0,0,0,0,0,0,0,0,0,0,0,0,0,0,0,0,0,0,0,0,0,0,0,0,0,0,0,0,0,0,0,0,0,0,0,0,0,0,0,0,0,0,0,0,0,0,0,0,0,0,0,0,0,0,0,0,0,0,0,0,0,0,0,0,0,0,0,0,0,0,0,0,0,0,0,0,0,0,0,0,0,0,0,0,0,0,0,0,0,0,0,0.0989553105049332,0,0,0,0.0989553105049332,114.866666666667,114.866666666667
"165","2000-2004","Denmark",0.0600624837281958,0.663616245769331,0.0851340796667534,0.0189794324394689,0.00164019786513929,0.014917990106743,0,0,0,0,0,0,0,0.0655298099453267,0.0461598542046342,0,0,0,0.00429575631346004,0,0,0,0,0,0,0.000846133819317886,0,0,0,0,0,0,0,0,0,0,0,0,0,0,0,0,0,0,0,0,0,0,0,0,0,0,0,0,0,0,0,0,0,0,0,0,0,0,0,0,0,0,0,0,0,0,0,0,0,0,0,0,0,0,0,0,0,0,0,0,0,0,0,0,0,0,0,0,0,0,0,0,0,0,0,0,0,0,0,0,0,0,0,0,0,0,0,0,0,0,0,0,0,0,0,0,0,0,0,0,0,0,0,0,0,0,0,0,0,0,0,0,0,0,0,0,0,0,0,0,0,0,0,0,0,0,0,0,0,0,0,0,0,0,0,0,0,0,0,0,0,0,0,0,0,0,0.116831554282739,0,0,0.0388180161416298,0.155649570424369,985.333333333333,984.871794871795
"166","2005-2009","Denmark",0.0646503884572697,0.635960044395117,0.0765815760266371,0.0166481687014428,0.00582685904550499,0.0169256381798002,0,0,0,0,0,0,0,0.0785238623751387,0.0516093229744728,0,0,0,0.00305216426193119,0,0,0,0,0,0,0,0,0,0,0,0,0,0,0,0,0,0,0,0,0,0,0,0,0,0,0,0,0,0,0,0,0,0,0,0,0,0,0,0,0,0,0,0,0,0,0,0,0,0,0,0,0,0,0,0,0,0,0,0,0,0,0,0,0,0,0,0,0,0,0,0,0,0,0,0,0,0,0,0,0,0,0,0,0,0,0,0,0,0,0,0,0,0,0,0,0,0,0,0,0,0,0,0,0,0,0,0,0,0,0,0,0,0,0,0,0,0,0,0,0,0,0,0,0,0,0,0,0,0,0,0,0,0,0,0,0,0,0,0,0,0,0,0,0,0,0,0,0,0,0,0,0,0.133185349611543,0,0,0.0502219755826859,0.183407325194229,1388.46153846154,1386.15384615385
"167","2010-2014","Denmark",0.0657657657657658,0.630769230769231,0.0755370755370755,0.0158004158004158,0.00727650727650728,0.0175329175329175,0,0,0,0,0,0,0,0.0805959805959806,0.0526680526680527,0,0,0,0.00228690228690229,0,0,0,0,0,0,0,0,0,0,0,0,0,0,0,0,0,0,0,0,0,0,0,0,0,0,0,0,0,0,0,0,0,0,0,0,0,0,0,0,0,0,0,0,0,0,0,0,0,0,0,0,0,0,0,0,0,0,0,0,0,0,0,0,0,0,0,0,0,0,0,0,0,0,0,0,0,0,0,0,0,0,0,0,0,0,0,0,0,0,0,0,0,0,0,0,0,0,0,0,0,0,0,0,0,0,0,0,0,0,0,0,0,0,0,0,0,0,0,0,0,0,0,0,0,0,0,0,0,0,0,0,0,0,0,0,0,0,0,0,0,0,0,0,0,0,0,0,0,0,0,0,0,0.135550935550936,0,0,0.0517671517671518,0.187318087318087,1112.30769230769,1110
"168","2015-2019","Denmark",0.0690989496959646,0.615257048092869,0.0724156992813709,0.0132669983416252,0.0116086235489221,0.0193477059148701,0,0,0,0,0,0,0,0.0867882808181316,0.0558319513543394,0,0,0,0,0,0,0,0,0,0,0,0,0,0,0,0,0,0,0,0,0,0,0,0,0,0,0,0,0,0,0,0,0,0,0,0,0,0,0,0,0,0,0,0,0,0,0,0,0,0,0,0,0,0,0,0,0,0,0,0,0,0,0,0,0,0,0,0,0,0,0,0,0,0,0,0,0,0,0,0,0,0,0,0,0,0,0,0,0,0,0,0,0,0,0,0,0,0,0,0,0,0,0,0,0,0,0,0,0,0,0,0,0,0,0,0,0,0,0,0,0,0,0,0,0,0,0,0,0,0,0,0,0,0,0,0,0,0,0,0,0,0,0,0,0,0,0,0,0,0,0,0,0,0,0,0,0,0.142620232172471,0,0,0.0563847429519071,0.199004975124378,279.230769230769,278.307692307692
"169","2000-2004","Djibouti",0.0277777777777778,0,0.694444444444444,0.0555555555555556,0,0,0,0,0,0,0,0,0,0,0.166666666666667,0,0,0,0,0,0,0,0,0,0,0,0,0,0,0,0,0,0,0,0,0,0,0,0,0,0,0,0,0,0,0,0,0,0,0,0,0,0,0,0,0,0,0,0,0,0,0,0,0,0,0,0,0,0,0,0,0,0,0,0,0,0,0,0,0,0,0,0,0,0,0,0,0,0,0,0,0,0,0,0,0,0,0,0,0,0,0,0,0,0,0,0,0,0,0,0,0,0,0,0,0,0,0,0,0,0,0,0,0,0,0,0,0,0,0,0,0,0,0,0,0,0,0,0,0,0,0,0,0,0,0,0,0,0,0,0,0,0,0,0,0,0,0,0,0,0,0,0,0,0,0,0,0,0,0,0,0.0555555555555556,0.222222222222222,0,0,0,0.222222222222222,34,36
"170","2005-2009","Djibouti",0,0.0857142857142857,0.657142857142857,0,0,0,0,0,0,0,0,0,0,0,0.2,0,0,0,0,0,0,0,0,0,0,0,0,0,0,0,0,0,0,0,0,0,0,0,0,0,0,0,0,0,0,0,0,0,0,0,0,0,0,0,0,0,0,0,0,0,0,0,0,0,0,0,0,0,0,0,0,0,0,0,0,0,0,0,0,0,0,0,0,0,0,0,0,0,0,0,0,0,0,0,0,0,0,0,0,0,0,0,0,0,0,0,0,0,0,0,0,0,0,0,0,0,0,0,0,0,0,0,0,0,0,0,0,0,0,0,0,0,0,0,0,0,0,0,0,0,0,0,0,0,0,0,0,0,0,0,0,0,0,0,0,0,0,0,0,0,0,0,0,0,0,0,0,0,0,0,0,0,0.2,0,0.0571428571428571,0,0.257142857142857,35,35
"171","2005-2009","Dominican Republic (the)",0,1,0,0,0,0,0,0,0,0,0,0,0,0,0,0,0,0,0,0,0,0,0,0,0,0,0,0,0,0,0,0,0,0,0,0,0,0,0,0,0,0,0,0,0,0,0,0,0,0,0,0,0,0,0,0,0,0,0,0,0,0,0,0,0,0,0,0,0,0,0,0,0,0,0,0,0,0,0,0,0,0,0,0,0,0,0,0,0,0,0,0,0,0,0,0,0,0,0,0,0,0,0,0,0,0,0,0,0,0,0,0,0,0,0,0,0,0,0,0,0,0,0,0,0,0,0,0,0,0,0,0,0,0,0,0,0,0,0,0,0,0,0,0,0,0,0,0,0,0,0,0,0,0,0,0,0,0,0,0,0,0,0,0,0,0,0,0,0,0,0,0,0,0,0,0,0,77.25,77.25
"172","2010-2014","Dominican Republic (the)",0,1,0,0,0,0,0,0,0,0,0,0,0,0,0,0,0,0,0,0,0,0,0,0,0,0,0,0,0,0,0,0,0,0,0,0,0,0,0,0,0,0,0,0,0,0,0,0,0,0,0,0,0,0,0,0,0,0,0,0,0,0,0,0,0,0,0,0,0,0,0,0,0,0,0,0,0,0,0,0,0,0,0,0,0,0,0,0,0,0,0,0,0,0,0,0,0,0,0,0,0,0,0,0,0,0,0,0,0,0,0,0,0,0,0,0,0,0,0,0,0,0,0,0,0,0,0,0,0,0,0,0,0,0,0,0,0,0,0,0,0,0,0,0,0,0,0,0,0,0,0,0,0,0,0,0,0,0,0,0,0,0,0,0,0,0,0,0,0,0,0,0,0,0,0,0,0,25.75,25.75
"173","2015-2019","Dominican Republic (the)",0,0.98,0,0,0,0,0,0,0,0,0,0,0,0,0,0,0,0,0,0,0,0,0,0,0,0,0,0,0,0,0,0,0,0,0,0,0,0,0,0,0,0,0,0,0,0,0,0,0,0,0,0,0,0,0,0,0,0,0,0,0,0,0,0,0,0,0,0,0,0,0,0,0,0,0,0,0,0,0,0,0,0,0,0,0,0,0,0,0,0,0,0,0,0,0,0,0,0,0,0,0,0,0,0,0,0,0,0,0,0,0,0,0,0,0,0,0,0,0,0,0,0,0,0,0,0,0,0,0,0,0,0,0,0,0,0,0,0,0,0,0,0,0,0,0,0,0,0,0,0,0,0,0,0,0,0,0,0,0,0,0,0,0,0,0,0,0,0,0,0,0,0,0,0,0,0.02,0.02,49,50
"174","1995-1999","Ecuador",0,0.978414336139017,0.00610915014933478,0,0.00896008688569101,0,0,0,0,0,0,0,0,0,0,0,0,0,0,0,0,0,0,0,0,0,0,0,0,0,0,0,0,0,0,0,0,0,0,0,0,0,0,0,0,0,0,0,0,0,0,0,0,0,0,0,0,0,0,0,0,0,0,0,0,0,0,0,0,0,0,0,0,0,0,0,0,0,0,0,0,0,0,0,0,0,0,0,0,0,0,0,0,0,0,0,0,0,0,0,0,0,0,0,0,0,0,0,0,0,0,0,0,0,0,0,0,0,0,0,0,0,0,0,0,0,0,0,0,0,0,0,0,0,0,0,0,0,0,0,0,0,0,0,0,0,0,0,0,0,0,0,0,0,0,0,0,0,0,0,0,0,0,0,0,0,0,0,0,0,0,0,0,0,0.0065164268259571,0,0.0065164268259571,306.916666666667,306.916666666667
"175","2000-2004","Ecuador",0,0.977611940298508,0.00300735130318556,0,0.0086879037647583,0,0,0,0,0,0,0,0,0,0,0,0,0,0,0,0,0,0,0,0,0,0,0,0,0,0,0,0,0,0,0,0,0,0,0,0,0,0,0,0,0,0,0,0,0,0,0,0,0,0,0,0,0,0,0,0,0,0,0,0,0,0,0,0,0,0,0,0,0,0,0,0,0,0,0,0,0,0,0,0,0,0,0,0,0,0,0,0,0,0,0,0,0,0,0,0,0,0,0,0,0,0,0,0,0,0,0,0,0,0,0,0,0,0,0,0,0,0,0,0,0,0,0,0,0,0,0,0,0,0,0,0,0,0,0,0,0,0,0,0,0,0,0,0,0,0,0,0,0,0,0,0,0,0,0,0,0,0,0,0,0,0,0,0,0,0,0,0,0,0.0106928046335487,0,0.0106928046335487,374.083333333333,374.083333333333
"176","2005-2009","El Salvador",0,1,0,0,0,0,0,0,0,0,0,0,0,0,0,0,0,0,0,0,0,0,0,0,0,0,0,0,0,0,0,0,0,0,0,0,0,0,0,0,0,0,0,0,0,0,0,0,0,0,0,0,0,0,0,0,0,0,0,0,0,0,0,0,0,0,0,0,0,0,0,0,0,0,0,0,0,0,0,0,0,0,0,0,0,0,0,0,0,0,0,0,0,0,0,0,0,0,0,0,0,0,0,0,0,0,0,0,0,0,0,0,0,0,0,0,0,0,0,0,0,0,0,0,0,0,0,0,0,0,0,0,0,0,0,0,0,0,0,0,0,0,0,0,0,0,0,0,0,0,0,0,0,0,0,0,0,0,0,0,0,0,0,0,0,0,0,0,0,0,0,0,0,0,0,0,0,183,183
"177","2010-2014","El Salvador",0,0.988636363636364,0,0,0,0,0,0,0,0,0,0,0,0,0,0,0,0,0,0,0,0,0,0,0,0,0,0,0,0,0,0,0,0,0,0,0,0,0,0,0,0,0,0,0,0,0,0,0,0,0,0,0,0,0,0,0,0,0,0,0,0,0,0,0,0,0,0,0,0,0,0,0,0,0,0,0,0,0,0,0,0,0,0,0,0,0,0,0,0,0,0,0,0,0,0,0,0,0,0,0,0,0,0,0,0,0,0,0,0,0,0,0,0,0,0,0,0,0,0,0,0,0,0,0,0,0,0,0,0,0,0,0,0,0,0,0,0,0,0,0,0,0,0,0,0,0,0,0,0,0,0,0,0,0,0,0,0,0,0,0,0,0,0,0,0,0,0,0,0,0,0,0,0,0.0113636363636364,0,0.0113636363636364,88,88
"178","2015-2019","El Salvador",0,0.995348837209302,0,0,0,0,0,0,0,0,0,0,0,0,0,0,0,0,0,0,0,0,0,0,0,0,0,0,0,0,0,0,0,0,0,0,0,0,0,0,0,0,0,0,0,0,0,0,0,0,0,0,0,0,0,0,0,0,0,0,0,0,0,0,0,0,0,0,0,0,0,0,0,0,0,0,0,0,0,0,0,0,0,0,0,0,0,0,0,0,0,0,0,0,0,0,0,0,0,0,0,0,0,0,0,0,0,0,0,0,0,0,0,0,0,0,0,0,0,0,0,0,0,0,0,0,0,0,0,0,0,0,0,0,0,0,0,0,0,0,0,0,0,0,0,0,0,0,0,0,0,0,0,0,0,0,0,0,0,0,0,0,0,0,0,0,0,0,0,0,0,0,0,0,0,0.00465116279069767,0.00465116279069767,215,215
"179","1995-1999","Equatorial Guinea",0.202127659574468,0.0303951367781155,0.10790273556231,0.0516717325227964,0.0319148936170213,0.0303951367781155,0.0197568389057751,0,0,0,0,0,0,0,0.46048632218845,0,0,0,0.0212765957446809,0,0,0.00151975683890578,0,0.0106382978723404,0,0.00455927051671733,0,0,0,0,0.00151975683890578,0,0,0,0.00455927051671733,0,0,0,0,0,0,0,0,0,0,0,0,0,0,0,0,0,0,0,0,0,0,0,0,0,0,0,0,0,0,0,0,0,0,0,0,0,0,0,0,0,0,0,0,0,0,0,0,0,0,0,0,0,0,0,0,0,0,0,0,0,0,0,0,0,0,0,0,0,0,0,0,0,0,0,0,0,0,0,0,0,0,0,0,0,0,0,0,0,0,0,0,0,0,0,0,0,0,0,0,0,0,0,0,0,0,0,0,0,0,0,0,0,0,0,0,0,0,0,0,0,0,0,0,0,0,0,0,0,0,0,0,0,0,0,0,0,0.504559270516717,0,0.0212765957446809,0,0.525835866261398,131.6,131.6
"180","2000-2004","Equatorial Guinea",0.136690647482014,0.0719424460431655,0.0575539568345324,0.0503597122302158,0.039568345323741,0.0539568345323741,0.0287769784172662,0,0,0,0,0,0,0,0.47841726618705,0,0,0,0.0143884892086331,0,0,0.00359712230215827,0,0.0251798561151079,0,0.0107913669064748,0,0,0,0,0.00359712230215827,0,0,0,0.0107913669064748,0,0,0,0,0,0,0,0,0,0,0,0,0,0,0,0,0,0,0,0,0,0,0,0,0,0,0,0,0,0,0,0,0,0,0,0,0,0,0,0,0,0,0,0,0,0,0,0,0,0,0,0,0,0,0,0,0,0,0,0,0,0,0,0,0,0,0,0,0,0,0,0,0,0,0,0,0,0,0,0,0,0,0,0,0,0,0,0,0,0,0,0,0,0,0,0,0,0,0,0,0,0,0,0,0,0,0,0,0,0,0,0,0,0,0,0,0,0,0,0,0,0,0,0,0,0,0,0,0,0,0,0,0,0,0,0,0,0.546762589928057,0,0.0143884892086331,0,0.561151079136691,92.6666666666667,92.6666666666667
"181","2005-2009","Equatorial Guinea",0.117206982543641,0.0498753117206982,0.0548628428927681,0.0349127182044888,0.0423940149625935,0.0598503740648379,0.0199501246882793,0,0,0,0,0,0,0,0.496259351620948,0,0,0,0.0174563591022444,0,0,0.00997506234413965,0,0.0249376558603491,0,0.00748129675810474,0,0,0,0,0.00249376558603491,0,0,0,0.0149625935162095,0,0,0,0.0149625935162095,0,0,0,0,0,0,0,0,0,0,0,0,0,0,0,0,0,0,0,0,0,0,0,0,0,0,0,0,0,0,0,0,0,0,0,0,0,0,0,0,0,0,0,0,0,0,0,0,0,0,0,0,0,0,0,0,0,0,0,0,0,0,0,0,0,0,0,0,0,0,0,0,0,0,0,0,0,0,0,0,0,0,0,0,0,0,0,0,0,0,0,0,0,0,0,0,0,0,0,0,0,0,0,0,0,0,0,0,0,0,0,0,0,0,0,0,0,0,0,0,0,0,0,0,0,0,0,0,0,0,0,0,0,0.588528678304239,0,0.0324189526184539,0,0.620947630922693,133.666666666667,133.666666666667
"182","2010-2014","Equatorial Guinea",0.083029197080292,0.0501824817518248,0.0839416058394161,0.0392335766423358,0.0337591240875912,0.0410583941605839,0.0145985401459854,0,0,0,0,0,0,0,0.530109489051095,0.0136861313868613,0,0,0.0072992700729927,0,0.0136861313868613,0.00182481751824818,0,0.0127737226277372,0,0.00547445255474453,0,0,0,0,0.00182481751824818,0.0547445255474453,0,0,0.00547445255474453,0,0,0,0,0,0,0,0,0,0,0,0,0,0,0,0,0,0,0,0,0,0,0,0,0,0,0,0,0,0,0,0,0,0,0,0,0,0,0,0,0,0,0,0,0,0,0,0,0,0,0,0,0,0,0,0,0,0,0,0,0,0,0,0,0,0,0,0,0,0,0,0,0,0,0,0,0,0,0,0,0,0,0,0,0,0,0,0,0,0,0,0,0,0,0,0,0,0,0,0,0,0,0,0,0,0,0,0,0,0,0,0,0,0,0,0,0,0,0,0,0,0,0,0,0,0,0,0,0,0,0,0,0,0,0,0,0,0.646897810218978,0,0.0072992700729927,0,0.654197080291971,75.0666666666667,73.0666666666667
"183","2015-2019","Eritrea",0.0161290322580645,0.00806451612903226,0.959677419354839,0.0161290322580645,0,0,0,0,0,0,0,0,0,0,0,0,0,0,0,0,0,0,0,0,0,0,0,0,0,0,0,0,0,0,0,0,0,0,0,0,0,0,0,0,0,0,0,0,0,0,0,0,0,0,0,0,0,0,0,0,0,0,0,0,0,0,0,0,0,0,0,0,0,0,0,0,0,0,0,0,0,0,0,0,0,0,0,0,0,0,0,0,0,0,0,0,0,0,0,0,0,0,0,0,0,0,0,0,0,0,0,0,0,0,0,0,0,0,0,0,0,0,0,0,0,0,0,0,0,0,0,0,0,0,0,0,0,0,0,0,0,0,0,0,0,0,0,0,0,0,0,0,0,0,0,0,0,0,0,0,0,0,0,0,0,0,0,0,0,0,0,0,0,0,0,0,0,124,124
"184","2000-2004","Estonia",0.0617647058823529,0.0294117647058824,0.0117647058823529,0,0,0,0,0,0,0,0,0,0,0,0.00882352941176471,0,0,0,0.761764705882353,0,0,0,0,0,0,0,0,0,0,0,0,0,0,0,0,0,0,0,0,0,0,0,0,0,0,0,0,0,0,0,0,0,0,0,0,0,0,0,0,0,0,0,0,0,0,0,0,0,0,0,0,0,0,0,0,0,0,0,0,0,0,0,0,0,0,0,0,0,0,0,0,0,0,0,0,0,0,0,0,0,0,0,0,0,0,0,0,0,0,0,0,0,0,0,0,0,0,0,0,0,0,0,0,0,0,0,0,0,0,0,0,0,0,0,0,0,0,0,0,0,0,0,0,0,0,0,0,0,0,0,0,0,0,0,0,0,0,0,0,0,0,0,0,0,0,0,0,0,0,0,0,0,0.770588235294118,0,0.126470588235294,0,0.897058823529412,340,340
"185","2005-2009","Estonia",0.0160771704180064,0.0128617363344051,0,0,0,0,0,0,0,0,0,0,0,0,0,0,0,0,0.951768488745981,0,0,0,0,0,0,0,0,0,0,0,0,0,0,0,0,0,0,0,0,0,0,0,0,0,0,0,0,0,0,0,0,0,0,0,0,0,0,0,0,0,0,0,0,0,0,0,0,0,0,0,0,0,0,0,0,0,0,0,0,0,0,0,0,0,0,0,0,0,0,0,0,0,0,0,0,0,0,0,0,0,0,0,0,0,0,0,0,0,0,0,0,0,0,0,0,0,0,0,0,0,0,0,0,0,0,0,0,0,0,0,0,0,0,0,0,0,0,0,0,0,0,0,0,0,0,0,0,0,0,0,0,0,0,0,0,0,0,0,0,0,0,0,0,0,0,0,0,0,0,0,0,0,0.951768488745981,0,0.0192926045016077,0,0.971061093247588,311,311
"186","2010-2014","Estonia",0.0368852459016393,0.0122950819672131,0.00409836065573771,0,0,0,0,0,0,0,0,0,0,0,0.00409836065573771,0.00409836065573771,0,0,0.877049180327869,0,0,0,0,0,0,0,0,0,0,0,0,0,0,0,0,0,0,0,0,0,0,0,0,0,0,0,0,0,0,0,0,0,0,0,0,0,0,0,0,0,0,0,0,0,0,0,0,0,0,0,0,0,0,0,0,0,0,0,0,0,0,0,0,0,0,0,0,0,0,0,0,0,0,0,0,0,0,0,0,0,0,0,0,0,0,0,0,0,0,0,0,0,0,0,0,0,0,0,0,0,0,0,0,0,0,0,0,0,0,0,0,0,0,0,0,0,0,0,0,0,0,0,0,0,0,0,0,0,0,0,0,0,0,0,0,0,0,0,0,0,0,0,0,0,0,0,0,0,0,0,0,0,0.885245901639344,0,0,0.0614754098360656,0.94672131147541,244,244
"187","2000-2004","Eswatini",0,0,1,0,0,0,0,0,0,0,0,0,0,0,0,0,0,0,0,0,0,0,0,0,0,0,0,0,0,0,0,0,0,0,0,0,0,0,0,0,0,0,0,0,0,0,0,0,0,0,0,0,0,0,0,0,0,0,0,0,0,0,0,0,0,0,0,0,0,0,0,0,0,0,0,0,0,0,0,0,0,0,0,0,0,0,0,0,0,0,0,0,0,0,0,0,0,0,0,0,0,0,0,0,0,0,0,0,0,0,0,0,0,0,0,0,0,0,0,0,0,0,0,0,0,0,0,0,0,0,0,0,0,0,0,0,0,0,0,0,0,0,0,0,0,0,0,0,0,0,0,0,0,0,0,0,0,0,0,0,0,0,0,0,0,0,0,0,0,0,0,0,0,0,0,0,0,47,47
"188","2005-2009","Eswatini",0,0.002460024600246,0.995079950799508,0,0,0,0,0,0,0,0,0,0,0,0,0,0,0,0,0,0,0,0,0,0,0,0,0,0.002460024600246,0,0,0,0,0,0,0,0,0,0,0,0,0,0,0,0,0,0,0,0,0,0,0,0,0,0,0,0,0,0,0,0,0,0,0,0,0,0,0,0,0,0,0,0,0,0,0,0,0,0,0,0,0,0,0,0,0,0,0,0,0,0,0,0,0,0,0,0,0,0,0,0,0,0,0,0,0,0,0,0,0,0,0,0,0,0,0,0,0,0,0,0,0,0,0,0,0,0,0,0,0,0,0,0,0,0,0,0,0,0,0,0,0,0,0,0,0,0,0,0,0,0,0,0,0,0,0,0,0,0,0,0,0,0,0,0,0,0,0,0,0,0,0,0.002460024600246,0,0,0,0.002460024600246,816,813
"189","2010-2014","Eswatini",0.0020746887966805,0.004149377593361,0.989626556016598,0,0,0,0,0,0,0,0,0,0,0,0,0,0,0,0,0,0,0,0,0,0,0,0,0,0.004149377593361,0,0,0,0,0,0,0,0,0,0,0,0,0,0,0,0,0,0,0,0,0,0,0,0,0,0,0,0,0,0,0,0,0,0,0,0,0,0,0,0,0,0,0,0,0,0,0,0,0,0,0,0,0,0,0,0,0,0,0,0,0,0,0,0,0,0,0,0,0,0,0,0,0,0,0,0,0,0,0,0,0,0,0,0,0,0,0,0,0,0,0,0,0,0,0,0,0,0,0,0,0,0,0,0,0,0,0,0,0,0,0,0,0,0,0,0,0,0,0,0,0,0,0,0,0,0,0,0,0,0,0,0,0,0,0,0,0,0,0,0,0,0,0,0.004149377593361,0,0,0,0.004149377593361,482,482
"190","2015-2019","Eswatini",0.0069204152249135,0,0.991349480968858,0,0,0,0,0,0,0,0,0,0,0,0,0,0,0,0,0,0,0,0,0,0,0,0,0,0,0,0,0,0,0,0,0,0,0,0,0,0,0,0,0,0,0,0,0,0,0,0,0,0,0,0,0,0,0,0,0,0,0,0,0,0,0,0,0,0,0,0,0,0,0,0,0,0,0,0,0,0,0,0,0,0,0,0,0,0,0,0,0,0,0,0,0,0,0,0,0,0,0,0,0,0,0,0,0,0,0,0,0,0,0,0,0,0,0,0,0,0,0,0,0,0,0,0,0,0,0,0,0,0,0,0,0,0,0,0,0,0,0,0,0,0,0,0,0,0,0,0,0,0,0,0,0,0,0,0,0,0,0,0,0,0,0,0,0,0,0,0,0,0,0,0,0.00173010380622837,0.00173010380622837,578,578
"191","1980-1989","Ethiopia",0.0106382978723404,0,0.98936170212766,0,0,0,0,0,0,0,0,0,0,0,0,0,0,0,0,0,0,0,0,0,0,0,0,0,0,0,0,0,0,0,0,0,0,0,0,0,0,0,0,0,0,0,0,0,0,0,0,0,0,0,0,0,0,0,0,0,0,0,0,0,0,0,0,0,0,0,0,0,0,0,0,0,0,0,0,0,0,0,0,0,0,0,0,0,0,0,0,0,0,0,0,0,0,0,0,0,0,0,0,0,0,0,0,0,0,0,0,0,0,0,0,0,0,0,0,0,0,0,0,0,0,0,0,0,0,0,0,0,0,0,0,0,0,0,0,0,0,0,0,0,0,0,0,0,0,0,0,0,0,0,0,0,0,0,0,0,0,0,0,0,0,0,0,0,0,0,0,0,0,0,0,0,0,13.4285714285714,13.4285714285714
"192","1990-1994","Ethiopia",0.0106382978723404,0,0.98936170212766,0,0,0,0,0,0,0,0,0,0,0,0,0,0,0,0,0,0,0,0,0,0,0,0,0,0,0,0,0,0,0,0,0,0,0,0,0,0,0,0,0,0,0,0,0,0,0,0,0,0,0,0,0,0,0,0,0,0,0,0,0,0,0,0,0,0,0,0,0,0,0,0,0,0,0,0,0,0,0,0,0,0,0,0,0,0,0,0,0,0,0,0,0,0,0,0,0,0,0,0,0,0,0,0,0,0,0,0,0,0,0,0,0,0,0,0,0,0,0,0,0,0,0,0,0,0,0,0,0,0,0,0,0,0,0,0,0,0,0,0,0,0,0,0,0,0,0,0,0,0,0,0,0,0,0,0,0,0,0,0,0,0,0,0,0,0,0,0,0,0,0,0,0,0,67.1428571428571,67.1428571428571
"193","1995-1999","Ethiopia",0.000678886625933469,0.00475220638153428,0.842498302783435,0.00950441276306857,0,0,0,0,0,0,0,0,0,0,0,0,0,0,0,0,0,0,0,0,0,0,0,0,0,0,0,0,0,0,0,0,0,0,0,0,0,0,0,0,0,0,0,0,0,0,0,0,0,0,0,0,0,0,0,0,0,0,0,0,0,0,0,0,0,0,0,0,0,0,0,0,0,0,0,0,0,0,0,0,0,0,0,0,0,0,0,0,0,0,0,0,0,0,0,0,0,0,0,0,0,0,0,0,0,0,0,0,0,0,0,0,0,0,0,0,0,0,0,0,0,0,0,0,0,0,0,0,0,0,0,0,0,0,0,0,0,0,0,0,0,0,0,0,0,0,0,0,0,0,0,0,0,0,0,0,0,0,0,0,0,0,0,0,0,0,0,0,0,0,0.142566191446029,0,0.142566191446029,180.428571428571,210.428571428571
"194","2000-2004","Ethiopia",0.0126582278481013,0,0.962025316455696,0.00421940928270042,0,0,0,0,0,0,0,0,0,0,0,0,0,0,0,0,0,0,0,0,0,0,0,0,0,0,0,0,0,0,0,0,0,0,0,0,0,0,0,0,0,0,0,0,0,0,0,0,0,0,0,0,0,0,0,0,0,0,0,0,0,0,0,0,0,0,0,0,0,0,0,0,0,0,0,0,0,0,0,0,0,0,0,0,0,0,0,0,0,0,0,0,0,0,0,0,0,0,0,0,0,0,0,0,0,0,0,0,0,0,0,0,0,0,0,0,0,0,0,0,0,0,0,0,0,0,0,0,0,0,0,0,0,0,0,0,0,0,0,0,0,0,0,0,0,0,0,0,0,0,0,0,0,0,0,0,0,0,0,0,0,0,0,0,0,0,0,0,0,0,0.0210970464135021,0,0.0210970464135021,237,237
"195","2005-2009","Ethiopia",0.00189214758751183,0,0.986754966887417,0,0,0,0,0,0,0,0,0,0,0,0.00567644276253548,0,0,0,0,0,0,0,0,0,0,0,0,0,0,0,0,0,0,0,0,0,0,0,0,0,0,0,0,0,0,0,0,0,0,0,0,0,0,0,0,0,0,0,0,0,0,0,0,0,0,0,0,0,0,0,0,0,0,0,0,0,0,0,0,0,0,0,0,0,0,0,0,0,0,0,0,0,0,0,0,0,0,0,0,0,0,0,0,0,0,0,0,0,0,0,0,0,0,0,0,0,0,0,0,0,0,0,0,0,0,0,0,0,0,0,0,0,0,0,0,0,0,0,0,0,0,0,0,0,0,0,0,0,0,0,0,0,0,0,0,0,0,0,0,0,0,0,0,0,0,0,0,0,0,0,0,0,0.00567644276253548,0,0,0.00567644276253548,0.011352885525071,352.333333333333,352.333333333333
"196","2010-2014","Ethiopia",0.00595136881482741,0.00255058663492603,0.986396871280395,0,0,0,0,0,0,0,0,0,0,0,0,0,0,0,0,0,0,0,0,0,0,0,0,0,0,0,0,0,0,0,0,0,0,0,0,0,0,0,0,0,0,0,0,0,0,0,0,0,0,0,0,0,0,0,0,0,0,0,0,0,0,0,0,0,0,0,0,0,0,0,0,0,0,0,0,0,0,0,0,0,0,0,0,0,0,0,0,0,0,0,0,0,0,0,0,0,0,0,0,0,0,0,0,0,0,0,0,0,0,0,0,0,0,0,0,0,0,0,0,0,0,0,0,0,0,0,0,0,0,0,0,0,0,0,0,0,0,0,0,0,0,0,0,0,0,0,0,0,0,0,0,0,0,0,0,0,0,0,0,0,0,0,0,0,0,0,0,0,0,0,0.00510117326985207,0,0.00510117326985207,392.066666666667,392.066666666667
"197","2015-2019","Ethiopia",0.0029385836027035,0.0029385836027035,0.99118424919189,0.00146929180135175,0,0,0,0,0,0,0,0,0,0,0.00146929180135175,0,0,0,0,0,0,0,0,0,0,0,0,0,0,0,0,0,0,0,0,0,0,0,0,0,0,0,0,0,0,0,0,0,0,0,0,0,0,0,0,0,0,0,0,0,0,0,0,0,0,0,0,0,0,0,0,0,0,0,0,0,0,0,0,0,0,0,0,0,0,0,0,0,0,0,0,0,0,0,0,0,0,0,0,0,0,0,0,0,0,0,0,0,0,0,0,0,0,0,0,0,0,0,0,0,0,0,0,0,0,0,0,0,0,0,0,0,0,0,0,0,0,0,0,0,0,0,0,0,0,0,0,0,0,0,0,0,0,0,0,0,0,0,0,0,0,0,0,0,0,0,0,0,0,0,0,0,0.00146929180135175,0,0,0,0.00146929180135175,680.6,680.6
"198","2005-2009","Fiji",0.0172413793103448,0.327586206896552,0.637931034482759,0,0,0.0172413793103448,0,0,0,0,0,0,0,0,0,0,0,0,0,0,0,0,0,0,0,0,0,0,0,0,0,0,0,0,0,0,0,0,0,0,0,0,0,0,0,0,0,0,0,0,0,0,0,0,0,0,0,0,0,0,0,0,0,0,0,0,0,0,0,0,0,0,0,0,0,0,0,0,0,0,0,0,0,0,0,0,0,0,0,0,0,0,0,0,0,0,0,0,0,0,0,0,0,0,0,0,0,0,0,0,0,0,0,0,0,0,0,0,0,0,0,0,0,0,0,0,0,0,0,0,0,0,0,0,0,0,0,0,0,0,0,0,0,0,0,0,0,0,0,0,0,0,0,0,0,0,0,0,0,0,0,0,0,0,0,0,0,0,0,0,0,0,0,0,0,0,0,58,58
"199","1980-1989","Finland",0.0210526315789474,0.736842105263158,0.115789473684211,0.0315789473684211,0.0105263157894737,0.0421052631578947,0,0,0,0,0,0,0,0,0,0,0,0,0,0,0,0,0,0,0,0,0,0,0,0,0,0,0,0,0,0,0,0,0,0,0,0,0,0,0,0,0,0,0,0,0,0,0,0,0,0,0,0,0,0,0,0,0,0,0,0,0,0,0,0,0,0,0,0,0,0,0,0,0,0,0,0,0,0,0,0,0,0,0,0,0,0,0,0,0,0,0,0,0,0,0,0,0,0,0,0,0,0,0,0,0,0,0,0,0,0,0,0,0,0,0,0,0,0,0,0,0,0,0,0,0,0,0,0,0,0,0,0,0,0,0,0,0,0,0,0,0,0,0,0,0,0,0,0,0,0,0,0,0,0,0,0,0,0,0,0,0,0,0,0,0,0,0,0,0.0421052631578947,0,0.0421052631578947,27.1428571428571,27.1428571428571
"200","1990-1994","Finland",0.0210526315789474,0.736842105263158,0.115789473684211,0.031578947368421,0.0105263157894737,0.0421052631578947,0,0,0,0,0,0,0,0,0,0,0,0,0,0,0,0,0,0,0,0,0,0,0,0,0,0,0,0,0,0,0,0,0,0,0,0,0,0,0,0,0,0,0,0,0,0,0,0,0,0,0,0,0,0,0,0,0,0,0,0,0,0,0,0,0,0,0,0,0,0,0,0,0,0,0,0,0,0,0,0,0,0,0,0,0,0,0,0,0,0,0,0,0,0,0,0,0,0,0,0,0,0,0,0,0,0,0,0,0,0,0,0,0,0,0,0,0,0,0,0,0,0,0,0,0,0,0,0,0,0,0,0,0,0,0,0,0,0,0,0,0,0,0,0,0,0,0,0,0,0,0,0,0,0,0,0,0,0,0,0,0,0,0,0,0,0,0,0,0.0421052631578947,0,0.0421052631578947,67.8571428571429,67.8571428571429
"201","1995-1999","Finland",0.173913043478261,0.434782608695652,0.130434782608696,0,0.0434782608695652,0.0869565217391304,0,0,0,0,0,0,0,0.130434782608696,0,0,0,0,0,0,0,0,0,0,0,0,0,0,0,0,0,0,0,0,0,0,0,0,0,0,0,0,0,0,0,0,0,0,0,0,0,0,0,0,0,0,0,0,0,0,0,0,0,0,0,0,0,0,0,0,0,0,0,0,0,0,0,0,0,0,0,0,0,0,0,0,0,0,0,0,0,0,0,0,0,0,0,0,0,0,0,0,0,0,0,0,0,0,0,0,0,0,0,0,0,0,0,0,0,0,0,0,0,0,0,0,0,0,0,0,0,0,0,0,0,0,0,0,0,0,0,0,0,0,0,0,0,0,0,0,0,0,0,0,0,0,0,0,0,0,0,0,0,0,0,0,0,0,0,0,0,0,0.130434782608696,0,0,0,0.130434782608696,23,23
"202","2000-2004","Finland",0.0191897654584222,0.533049040511727,0.070362473347548,0.0170575692963753,0,0.0170575692963753,0,0,0,0,0,0,0,0.219616204690832,0.0426439232409382,0,0,0,0.0618336886993603,0,0,0,0,0,0,0,0,0,0,0,0,0,0,0,0,0,0,0,0,0,0,0,0,0,0,0,0,0,0,0,0,0,0,0,0,0,0,0,0,0,0,0,0,0,0,0,0,0,0,0,0,0,0,0,0,0,0,0,0,0,0,0,0,0,0,0,0,0,0,0,0,0,0,0,0,0,0,0,0,0,0,0,0,0,0,0,0,0,0,0,0,0,0,0,0,0,0,0,0,0,0,0,0,0,0,0,0,0,0,0,0,0,0,0,0,0,0,0,0,0,0,0,0,0,0,0,0,0,0,0,0,0,0,0,0,0,0,0,0,0,0,0,0,0,0,0,0,0,0,0,0,0,0.32409381663113,0,0,0.0191897654584222,0.343283582089552,134,134
"203","2005-2009","Finland",0.0517492711370262,0.483965014577259,0.075801749271137,0.0131195335276968,0,0.0148202137998056,0,0,0,0,0,0,0,0.215257531584062,0.0515063168124393,0,0,0,0.0658406219630709,0,0,0,0,0.00170068027210884,0,0,0,0,0,0,0,0,0,0,0,0,0,0,0,0,0,0,0,0,0,0,0,0,0,0,0,0,0,0,0,0,0,0,0,0,0,0,0,0,0,0,0,0,0,0,0,0,0,0,0,0,0,0,0,0,0,0,0,0,0,0,0,0,0,0,0,0,0,0,0,0,0,0,0,0,0,0,0,0,0,0,0,0,0,0,0,0,0,0,0,0,0,0,0,0,0,0,0,0,0,0,0,0,0,0,0,0,0,0,0,0,0,0,0,0,0,0,0,0,0,0,0,0,0,0,0,0,0,0,0,0,0,0,0,0,0,0,0,0,0,0,0,0,0,0,0,0,0.334305150631681,0,0.0153061224489796,0.010932944606414,0.360544217687075,588,588
"204","2010-2014","Finland",0.122302158273381,0.338129496402878,0.129496402877698,0,0.0179856115107914,0.0107913669064748,0,0,0,0,0,0,0,0.176258992805755,0.0467625899280576,0,0,0,0.0935251798561151,0.00719424460431655,0,0,0,0,0,0,0,0,0,0,0,0,0,0,0,0,0,0,0,0,0,0,0,0,0,0,0,0,0,0,0,0,0,0,0,0,0,0,0,0,0,0,0,0,0,0,0,0,0,0,0,0,0,0,0,0,0,0,0,0,0,0,0,0,0,0,0,0,0,0,0,0,0,0,0,0,0,0,0,0,0,0,0,0,0,0,0,0,0,0,0,0,0,0,0,0,0,0,0,0,0,0,0,0,0,0,0,0,0,0,0,0,0,0,0,0,0,0,0,0,0,0,0,0,0,0,0,0,0,0,0,0,0,0,0,0,0,0,0,0,0,0,0,0,0,0,0,0,0,0,0,0,0.323741007194245,26,0.0575539568345324,0,0.381294964028777,278,278
"205","1980-1989","France",0.111002817256545,0.761052034388956,0.0688021568256647,0.0166029025985676,0.0101295162174088,0.00947975309001159,0.00375795838606597,0,0,0,0,0,0,0.0110750670371286,0.00293363203041279,0,0,0,0,0,0,0,0,0.000800081462839853,0,0,0,0,0,0,0,0,0,0,0,0,0,0,0,0,0,0,0,0,0,0,0,0,0,0,0,0,0,0,0,0,0,0,0,0,0,0,0,0,0,0,0,0,0,0,0,0,0,0,0,0,0,0,0,0,0,0,0,0,0,0,0,0,0,0,0,0,0,0,0,0,0,0,0,0,0,0,0,0,0,0,0,0,0,0,0,0,0,0,0,0,0,0,0,0,0,0,0,0,0,0,0,0,0,0,0,0,0,0,0,0,0,0,0,0,0,0,0,0,0,0,0,0,0,0,0,0,0,0,0,0,0,0,0,0,0,0,0,0,0,0,0,0,0,0,0,0,0.0148087805303813,0,0.0043640807063992,0,0.0191728612367805,312.468181818182,312.468181818182
"206","1990-1994","France",0.0945571195155222,0.785312767009938,0.0536793032633299,0.0150799718187405,0.012156915651092,0.0104180719821319,0.00352265743280718,0,0,0,0,0,0,0.0110326632789195,0.00906896913552488,0,0,0,0,0,0,0,0,0.00247335521877951,0,0,0,0,0,0,0,0,0,0,0,0,0,0,0,0,0,0,0,0,0,0,0,0,0,0,0,0,0,0,0,0,0,0,0,0,0,0,0,0,0,0,0,0,0,0,0,0,0,0,0,0,0,0,0,0,0,0,0,0,0,0,0,0,0,0,0,0,0,0,0,0,0,0,0,0,0,0,0,0,0,0,0,0,0,0,0,0,0,0,0,0,0,0,0,0,0,0,0,0,0,0,0,0,0,0,0,0,0,0,0,0,0,0,0,0,0,0,0,0,0,0,0,0,0,0,0,0,0,0,0,0,0,0,0,0,0,0,0,0,0,0,0,0,0,0,0,0,0.0225749876332239,0,0.00269820569321401,0,0.0252731933264379,505.386363636364,505.386363636364
"207","1995-1999","France",0.0687838178134907,0.826685202427117,0.0182334026885873,0.0113400541846016,0.0109626041611512,0.00943692498734099,0.00153035399948848,0.000675918483884447,4.80510770533967e-05,0,0,0,0,0.00567142187635563,0.0257390192425711,0,0,0,0.00228080913017059,0,0,0.000154928321166103,0,0.000723969560937843,0.000434482896724924,0,9.17185470773607e-05,0,0,0,5.12544821902898e-05,0,4.04640648870709e-05,0,0,0,0,4.04640648870709e-05,0,0.000207347677951627,0,0,0,4.04640648870709e-05,0,0,0,0,0,0,0,0,0,0,0.000418189979688955,0,0,9.17185470773607e-05,0,0,0,0,0,0,0,0,0,0,0,0,0,0,0,0,0,0,0,0,0,0,0,0,0,0,0,0,0,0,0,0,0,0,0,0,0,0,0,0,0,0,0,0,0,0,0,0,0,0,0,0,0,0,0,0,0,0,0,0,0,0,0,0,0,0,0,0,0,0,0,0,0,0,0,0,0,0,0,0,0,0,0,0,0,0,0,0,0,0,0,0,0,0,0,0,0,0,0,0,0,0,0,0,0,0,0,0,0,0,0,0,0,0,0.035986252456573,0,0.0135916111678643,0.00272580655284723,0.0523036701772845,5203.00753588517,5202.79700956938
"208","2000-2004","France",0.0107504566664726,0.816959058190847,0.00788117156501044,0.0441664235176193,0.00427851009515883,0.00771167865710728,1.57309659777076e-05,0.000204502557710198,0.000330350285531859,0,0,0,0,0.0187782035478951,0.0638532508117081,0,0,0.000188771591732491,0.00736048994911144,0,0,0.000589196180255956,0,0.00348777988534316,0.000757570203663285,0,0.000112600598577275,0,0,0,6.29238639108302e-05,0,4.96767346664449e-05,0,7.26044583586502e-05,0,0,4.96767346664449e-05,0,0.000297458265760288,0,0,0,4.96767346664449e-05,0,0,0,0,0,0,0,0,0,0,0.000663560746696028,0,0,0.000112600598577275,0,0,0,0,0,0,0,0,0,0,0,0,0,0,0,0,0,0,0,0,0,0,0,0,0,0,0,0,0,0,0,0,0,0,0,0,0,0,0,0,0,0,0,0,0,0,0,0,0,0,0,0,0,0,0,0,0,0,0,0,0,0,0,0,0,0,0,0,0,0,0,0,0,0,0,0,0,0,0,0,0,0,0,0,0,0,0,0,0,0,0,0,0,0,0,0,0,0,0,0,0,0,0,0,0,0,0,0,0,0,0,0,0,0,0.0964860409055892,0,0.00675420260657144,0.00446187398640432,0.107702117498565,5297.6704151112,5297.40725721647
"209","2005-2009","France",0.0131201468464045,0.628189039960823,0.0128336585534481,0.102300809821422,0.00654169824527469,0.00500450806606665,0.000659084338642749,6.27699370135952e-05,0,0,0.000376619622081571,0.00685158004786858,0.000188309811040785,0.0394781393279587,0.126352460507499,0.000141232358280589,0,0,0.00609095785249352,9.41549055203927e-05,0,0.000694749075582292,0,0.00142646406312214,0.000661562099314338,0,0.000865564394608523,9.41549055203927e-05,0,0,0.000251079748054381,9.41549055203927e-05,4.95552134317856e-05,0,0.000260736661441088,0,0,4.95552134317856e-05,0,0.000322409221933466,9.41549055203927e-05,0,0,4.95552134317856e-05,0,0,0,0,0,0.000188309811040785,0,0,0,0,0.00117550972952733,0,0,0.000394789867006559,0,9.41549055203927e-05,0,0,0,0,0,0,0,0,0,0,0,0,0,0,0,0,0,0,0,0,0,0,0,0,0,0,0,0,0,0,0,0,0,0,0,0,0,0,0,0,0,0,0,0,0,0,0,0,0,0,0,0,0,0,0,0,0,0,0,0,0,0,0,0,0,0,0,0,0,0,0,0,0,0,0,0,0,0,0,0,0,0,0,0,0,0,0,0,0,0,0,0,0,0,0,0,0,0,0,0,0,0,0,0,0,0,0,0,0,0,0,0,0.17892340488576,13,0.0422777943621211,0.00267057550203296,0.223871774749914,5311.2763092171,5310.39776670698
"210","2010-2014","France",0.0313255191963807,0.609751893769029,0.0224522845289896,0.0128505478684523,0.0194448879118319,0.0121643099261991,0.00260746040891489,6.52447644768695e-06,0,0,0,3.7641210275117e-05,0,0.00619035457486593,0.205068461934663,2.44667866788261e-05,9.78671467153042e-05,0,0.00582414993815929,0.000244667866788261,0,0.00142163681454779,0,0.000631368567014629,0.000412329741818953,0,0.000717349015748318,0.000538269306934173,0,9.78671467153042e-05,0.000365370681070469,4.89335733576521e-05,5.83768945319359e-05,0,0.000479298077503157,0,0.000130489528953739,0.000254111187962544,0,6.1982526253026e-05,0.00442033279330791,0,0.00192472055206765,2.57545122935011e-05,0,3.26223822384347e-05,0,0,0.00107653861386835,0.000521958115814956,0,0,0,0,0.0003001259165936,0,0,0.000244324473291014,0,4.89335733576521e-05,0,0,0,0,0,0,0,0,6.52447644768695e-05,0,0,0,0.000260979057907478,0,0,0,0,0,0,0,0,0,0,0,0,0,0,0,0,0,0,0,0,0,0,0,0,0,0,0,0,0,0,0,0,0,0,0,0,0,0,0,0,0,0,0,0,0,0,0,0,0,0,0,0,0,0,0,0,0,0,0,0,0,0,0,0,0,0,0,0,0,0,0,0,0,0,0,0,0,0,0,0,0,0,0,0,0,0,0,0,0,0,0,0,0,0,0,0,0,0,0,0.231588886065499,56.6666666666667,0.0258467134475119,0.0319233311904683,0.28935893070348,10207.8120734529,10217.9335309427
"211","2015-2019","France",0.0345321868068553,0.580508894292727,0.022706493266724,0.0134950750910536,0.0250775440436166,0.0127285805485674,0.00307427581045907,0,0,0,0,6.53439190482191e-05,0,0.0138982885597837,0.208961555475691,0,0,0,0.00659351259348459,0.000566313965084566,0,0.00137533391520537,0,0.000914814866675068,0.000566313965084566,0,0.000566313965084566,0.000849470947626849,0,0,0.000660699625931994,0,0.000471928304237138,0,0.000943856608474277,0,0.000188771321694855,0.000755085286779421,0,0,0.0054743683291508,0,0.00235964152118569,0,0,0.000188771321694855,0,0,0.00283156982542283,0.0010382422693217,0,0,0,0,0.000849470947626849,0,0,0.000377542643389711,0,0,0,0,0,0,0,0,0,0,0.000377542643389711,0,0,0,0.00151017057355884,0,0,0,0,0,0,0,0,0,0,0,0,0,0,0,0,0,0,0,0,0,0,0,0,0,0,0,0,0,0,0,0,0,0,0,0,0,0,0,0,0,0,0,0,0,0,0,0,0,0,0,0,0,0,0,0,0,0,0,0,0,0,0,0,0,0,0,0,0,0,0,0,0,0,0,0,0,0,0,0,0,0,0,0,0,0,0,0,0,0,0,0,0,0,0,0,0,0,0,0.252319579475579,37.3333333333333,0.0184523966956721,0.0370396300496977,0.307811606220949,3653.37912087912,3531.60989010989
"212","2005-2009","French Guiana",0.00327868852459016,0.950819672131147,0.00327868852459016,0,0.0131147540983607,0,0,0,0.00327868852459016,0,0,0,0,0.00655737704918033,0.0163934426229508,0,0,0,0,0,0,0,0,0,0,0,0,0,0,0,0,0,0,0,0,0,0,0,0,0,0,0,0,0,0,0,0,0,0,0,0,0,0,0,0,0,0,0,0,0,0,0,0,0,0,0,0,0,0,0,0,0,0,0,0,0,0,0,0,0,0,0,0,0,0,0,0,0,0,0,0,0,0,0,0,0,0,0,0,0,0,0,0,0,0,0,0,0,0,0,0,0,0,0,0,0,0,0,0,0,0,0,0,0,0,0,0,0,0,0,0,0,0,0,0,0,0,0,0,0,0,0,0,0,0,0,0,0,0,0,0,0,0,0,0,0,0,0,0,0,0,0,0,0,0,0,0,0,0,0,0,0,0.0229508196721311,0,0,0.00327868852459016,0.0262295081967213,174.285714285714,174.285714285714
"213","2010-2014","French Guiana",0.00327868852459016,0.950819672131147,0.00327868852459016,0,0.0131147540983607,0,0,0,0.00327868852459016,0,0,0,0,0.00655737704918033,0.0163934426229508,0,0,0,0,0,0,0,0,0,0,0,0,0,0,0,0,0,0,0,0,0,0,0,0,0,0,0,0,0,0,0,0,0,0,0,0,0,0,0,0,0,0,0,0,0,0,0,0,0,0,0,0,0,0,0,0,0,0,0,0,0,0,0,0,0,0,0,0,0,0,0,0,0,0,0,0,0,0,0,0,0,0,0,0,0,0,0,0,0,0,0,0,0,0,0,0,0,0,0,0,0,0,0,0,0,0,0,0,0,0,0,0,0,0,0,0,0,0,0,0,0,0,0,0,0,0,0,0,0,0,0,0,0,0,0,0,0,0,0,0,0,0,0,0,0,0,0,0,0,0,0,0,0,0,0,0,0,0.0229508196721311,0,0,0.00327868852459016,0.0262295081967213,130.714285714286,130.714285714286
"214","1995-1999","Gabon",0.662650602409639,0.00803212851405622,0.0401606425702811,0.0522088353413655,0.036144578313253,0.0562248995983936,0.0281124497991968,0,0,0,0,0,0,0,0.0321285140562249,0,0,0,0,0,0,0,0,0,0,0,0,0,0,0,0,0,0,0,0,0,0,0,0,0,0,0,0,0,0,0,0,0,0,0,0,0,0,0,0,0,0,0,0,0,0,0,0,0,0,0,0,0,0,0,0,0,0,0,0,0,0,0,0,0,0,0,0,0,0,0,0,0,0,0,0,0,0,0,0,0,0,0,0,0,0,0,0,0,0,0,0,0,0,0,0,0,0,0,0,0,0,0,0,0,0,0,0,0,0,0,0,0,0,0,0,0,0,0,0,0,0,0,0,0,0,0,0,0,0,0,0,0,0,0,0,0,0,0,0,0,0,0,0,0,0,0,0,0,0,0,0,0,0,0,0,0,0.0321285140562249,0,0.0843373493975904,0,0.116465863453815,255,249
"215","2000-2004","Gabon",0.228070175438596,0.0175438596491228,0.0350877192982456,0.105263157894737,0.0175438596491228,0.0701754385964912,0.0175438596491228,0.0350877192982456,0,0,0,0,0,0,0.385964912280702,0,0,0,0,0,0,0,0,0.0526315789473684,0,0,0,0,0,0,0,0,0,0,0,0,0,0,0,0,0,0,0,0,0,0,0,0,0,0,0,0,0,0,0,0,0,0,0,0,0,0,0,0,0,0,0,0,0,0,0,0,0,0,0,0,0,0,0,0,0,0,0,0,0,0,0,0,0,0,0,0,0,0,0,0,0,0,0,0,0,0,0,0,0,0,0,0,0,0,0,0,0,0,0,0,0,0,0,0,0,0,0,0,0,0,0,0,0,0,0,0,0,0,0,0,0,0,0,0,0,0,0,0,0,0,0,0,0,0,0,0,0,0,0,0,0,0,0,0,0,0,0,0,0,0,0,0,0,0,0,0,0.43859649122807,0,0.0350877192982456,0,0.473684210526316,56,57
"216","2005-2009","Gabon",0.196581196581197,0.00854700854700855,0,0.00854700854700855,0.0427350427350427,0.094017094017094,0.0170940170940171,0,0,0,0,0,0,0.00854700854700855,0.538461538461538,0,0,0,0.0170940170940171,0,0,0,0,0.0170940170940171,0,0,0,0,0,0,0,0,0,0,0,0,0,0,0,0,0,0,0,0,0,0,0,0,0,0,0,0,0,0,0,0,0,0,0,0,0,0,0,0,0,0,0,0,0,0,0,0,0,0,0,0,0,0,0,0,0,0,0,0,0,0,0,0,0,0,0,0,0,0,0,0,0,0,0,0,0,0,0,0,0,0,0,0,0,0,0,0,0,0,0,0,0,0,0,0,0,0,0,0,0,0,0,0,0,0,0,0,0,0,0,0,0,0,0,0,0,0,0,0,0,0,0,0,0,0,0,0,0,0,0,0,0,0,0,0,0,0,0,0,0,0,0,0,0,0,0,0,0.581196581196581,0,0.0512820512820513,0,0.632478632478632,117,117
"217","2015-2019","Gabon",0.248275862068966,0,0.00689655172413793,0.0896551724137931,0,0.206896551724138,0.0896551724137931,0,0,0,0,0,0,0,0.0896551724137931,0,0,0,0.0206896551724138,0,0,0.0482758620689655,0,0,0,0,0,0,0,0,0,0,0,0,0,0,0,0,0,0,0,0,0,0,0,0,0,0,0,0,0,0,0,0,0,0,0,0.0206896551724138,0,0,0,0.0206896551724138,0,0,0,0,0,0,0,0,0,0,0,0,0,0,0,0,0,0,0,0,0,0,0,0,0,0,0,0,0,0,0,0,0,0,0,0,0,0,0,0,0,0,0,0,0,0,0,0,0,0,0,0,0,0,0,0,0,0,0,0,0,0,0,0,0,0,0,0,0,0,0,0,0,0,0,0,0,0,0,0,0,0,0,0,0,0,0,0,0,0,0,0,0,0,0,0,0,0,0,0,0,0,0,0,0,0,0,0,0,0,0.2,0,0.158620689655172,0,0.358620689655172,148,145
"218","1990-1994","Gambia (the)",0.210526315789474,0.0263157894736842,0.0789473684210526,0.0526315789473684,0,0,0,0.0789473684210526,0,0,0,0,0,0,0.473684210526316,0,0,0,0,0,0,0,0,0,0,0,0,0,0,0,0,0,0,0,0,0,0,0,0,0,0,0,0,0,0,0,0,0,0,0,0,0,0,0,0,0,0,0,0,0,0,0.0789473684210526,0,0,0,0,0,0,0,0,0,0,0,0,0,0,0,0,0,0,0,0,0,0,0,0,0,0,0,0,0,0,0,0,0,0,0,0,0,0,0,0,0,0,0,0,0,0,0,0,0,0,0,0,0,0,0,0,0,0,0,0,0,0,0,0,0,0,0,0,0,0,0,0,0,0,0,0,0,0,0,0,0,0,0,0,0,0,0,0,0,0,0,0,0,0,0,0,0,0,0,0,0,0,0,0,0,0,0,0,0,0,0.552631578947368,0,0,0,0.552631578947368,8,8
"219","1995-1999","Gambia (the)",0.210526315789474,0.0263157894736842,0.0789473684210526,0.0526315789473684,0,0,0,0.0789473684210526,0,0,0,0,0,0,0.473684210526316,0,0,0,0,0,0,0,0,0,0,0,0,0,0,0,0,0,0,0,0,0,0,0,0,0,0,0,0,0,0,0,0,0,0,0,0,0,0,0,0,0,0,0,0,0,0,0.0789473684210526,0,0,0,0,0,0,0,0,0,0,0,0,0,0,0,0,0,0,0,0,0,0,0,0,0,0,0,0,0,0,0,0,0,0,0,0,0,0,0,0,0,0,0,0,0,0,0,0,0,0,0,0,0,0,0,0,0,0,0,0,0,0,0,0,0,0,0,0,0,0,0,0,0,0,0,0,0,0,0,0,0,0,0,0,0,0,0,0,0,0,0,0,0,0,0,0,0,0,0,0,0,0,0,0,0,0,0,0,0,0,0.552631578947368,0,0,0,0.552631578947368,10,10
"220","2000-2004","Gambia (the)",0.210526315789474,0.0263157894736842,0.0789473684210526,0.0526315789473684,0,0,0,0.0789473684210526,0,0,0,0,0,0,0.473684210526316,0,0,0,0,0,0,0,0,0,0,0,0,0,0,0,0,0,0,0,0,0,0,0,0,0,0,0,0,0,0,0,0,0,0,0,0,0,0,0,0,0,0,0,0,0,0,0.0789473684210526,0,0,0,0,0,0,0,0,0,0,0,0,0,0,0,0,0,0,0,0,0,0,0,0,0,0,0,0,0,0,0,0,0,0,0,0,0,0,0,0,0,0,0,0,0,0,0,0,0,0,0,0,0,0,0,0,0,0,0,0,0,0,0,0,0,0,0,0,0,0,0,0,0,0,0,0,0,0,0,0,0,0,0,0,0,0,0,0,0,0,0,0,0,0,0,0,0,0,0,0,0,0,0,0,0,0,0,0,0,0,0.552631578947368,0,0,0,0.552631578947368,10,10
"221","2005-2009","Gambia (the)",0.210526315789474,0.0263157894736842,0.0789473684210526,0.0526315789473684,0,0,0,0.0789473684210526,0,0,0,0,0,0,0.473684210526316,0,0,0,0,0,0,0,0,0,0,0,0,0,0,0,0,0,0,0,0,0,0,0,0,0,0,0,0,0,0,0,0,0,0,0,0,0,0,0,0,0,0,0,0,0,0,0.0789473684210526,0,0,0,0,0,0,0,0,0,0,0,0,0,0,0,0,0,0,0,0,0,0,0,0,0,0,0,0,0,0,0,0,0,0,0,0,0,0,0,0,0,0,0,0,0,0,0,0,0,0,0,0,0,0,0,0,0,0,0,0,0,0,0,0,0,0,0,0,0,0,0,0,0,0,0,0,0,0,0,0,0,0,0,0,0,0,0,0,0,0,0,0,0,0,0,0,0,0,0,0,0,0,0,0,0,0,0,0,0,0,0.552631578947368,0,0,0,0.552631578947368,10,10
"222","1995-1999","Georgia",0.6875,0.270833333333333,0.0208333333333333,0,0,0,0,0,0,0,0,0,0,0,0,0,0,0,0,0,0,0,0,0,0,0,0,0,0,0,0.0208333333333333,0,0,0,0,0,0,0,0,0,0,0,0,0,0,0,0,0,0,0,0,0,0,0,0,0,0,0,0,0,0,0,0,0,0,0,0,0,0,0,0,0,0,0,0,0,0,0,0,0,0,0,0,0,0,0,0,0,0,0,0,0,0,0,0,0,0,0,0,0,0,0,0,0,0,0,0,0,0,0,0,0,0,0,0,0,0,0,0,0,0,0,0,0,0,0,0,0,0,0,0,0,0,0,0,0,0,0,0,0,0,0,0,0,0,0,0,0,0,0,0,0,0,0,0,0,0,0,0,0,0,0,0,0,0,0,0,0,0,0,0,0,0.0208333333333333,0,0,0,0.0208333333333333,16,16
"223","2000-2004","Georgia",0.6875,0.270833333333333,0.0208333333333333,0,0,0,0,0,0,0,0,0,0,0,0,0,0,0,0,0,0,0,0,0,0,0,0,0,0,0,0.0208333333333333,0,0,0,0,0,0,0,0,0,0,0,0,0,0,0,0,0,0,0,0,0,0,0,0,0,0,0,0,0,0,0,0,0,0,0,0,0,0,0,0,0,0,0,0,0,0,0,0,0,0,0,0,0,0,0,0,0,0,0,0,0,0,0,0,0,0,0,0,0,0,0,0,0,0,0,0,0,0,0,0,0,0,0,0,0,0,0,0,0,0,0,0,0,0,0,0,0,0,0,0,0,0,0,0,0,0,0,0,0,0,0,0,0,0,0,0,0,0,0,0,0,0,0,0,0,0,0,0,0,0,0,0,0,0,0,0,0,0,0,0,0,0.0208333333333333,0,0,0,0.0208333333333333,32,32
"224","2005-2009","Georgia",0.893107576534975,0.0759363776295536,0.0017102787754404,0,0.00410466906105695,0.0193261501624765,0,0,0,0,0,0,0,0.000855139387720198,0,0.00495980844877715,0,0,0,0,0,0,0,0,0,0,0,0,0,0,0,0,0,0,0,0,0,0,0,0,0,0,0,0,0,0,0,0,0,0,0,0,0,0,0,0,0,0,0,0,0,0,0,0,0,0,0,0,0,0,0,0,0,0,0,0,0,0,0,0,0,0,0,0,0,0,0,0,0,0,0,0,0,0,0,0,0,0,0,0,0,0,0,0,0,0,0,0,0,0,0,0,0,0,0,0,0,0,0,0,0,0,0,0,0,0,0,0,0,0,0,0,0,0,0,0,0,0,0,0,0,0,0,0,0,0,0,0,0,0,0,0,0,0,0,0,0,0,0,0,0,0,0,0,0,0,0,0,0,0,0,0,0.00581494783649735,0,0,0,0.00581494783649735,487.25,487.25
"225","2010-2014","Georgia",0.87816091954023,0.0827586206896552,0.00459770114942529,0,0,0.0298850574712644,0,0,0,0,0,0,0,0.00229885057471264,0,0.00229885057471264,0,0,0,0,0,0,0,0,0,0,0,0,0,0,0,0,0,0,0,0,0,0,0,0,0,0,0,0,0,0,0,0,0,0,0,0,0,0,0,0,0,0,0,0,0,0,0,0,0,0,0,0,0,0,0,0,0,0,0,0,0,0,0,0,0,0,0,0,0,0,0,0,0,0,0,0,0,0,0,0,0,0,0,0,0,0,0,0,0,0,0,0,0,0,0,0,0,0,0,0,0,0,0,0,0,0,0,0,0,0,0,0,0,0,0,0,0,0,0,0,0,0,0,0,0,0,0,0,0,0,0,0,0,0,0,0,0,0,0,0,0,0,0,0,0,0,0,0,0,0,0,0,0,0,0,0,0.00459770114942529,0,0,0,0.00459770114942529,181.25,181.25
"226","2015-2019","Georgia",0.87816091954023,0.0827586206896552,0.00459770114942529,0,0,0.0298850574712644,0,0,0,0,0,0,0,0.00229885057471264,0,0.00229885057471264,0,0,0,0,0,0,0,0,0,0,0,0,0,0,0,0,0,0,0,0,0,0,0,0,0,0,0,0,0,0,0,0,0,0,0,0,0,0,0,0,0,0,0,0,0,0,0,0,0,0,0,0,0,0,0,0,0,0,0,0,0,0,0,0,0,0,0,0,0,0,0,0,0,0,0,0,0,0,0,0,0,0,0,0,0,0,0,0,0,0,0,0,0,0,0,0,0,0,0,0,0,0,0,0,0,0,0,0,0,0,0,0,0,0,0,0,0,0,0,0,0,0,0,0,0,0,0,0,0,0,0,0,0,0,0,0,0,0,0,0,0,0,0,0,0,0,0,0,0,0,0,0,0,0,0,0,0.00459770114942529,0,0,0,0.00459770114942529,72.5,72.5
"227","1995-1999","Germany",0.0764140522572187,0.808531285164194,0.0307741542527383,0.00715413918052588,0.00269441605500325,0.0184273281922636,0,0,0,0,0,0,0,0.0112731890117377,0.0294321079418171,0,0,0,0.00660699722299648,0,0,0,0,0,0.000216792096379572,0,0,0,0,0,0,0,0,0,0,0,0,0,0,0,0,0,0,0,0,0,0,0,0,0,0,0,0,0,0,0,0,0,0,0,0,0,0,0,0,0,0,0,0,0,0,0,0,0,0,0,0,0,0,0,0,0,0,0,0,0,0,0,0,0,0,0,0,0,0,0,0,0,0,0,0,0,0,0,0,0,0,0,0,0,0,0,0,0,0,0,0,0,0,0,0,0,0,0,0,0,0,0,0,0,0,0,0,0,0,0,0,0,0,0,0,0,0,0,0,0,0,0,0,0,0,0,0,0,0,0,0,0,0,0,0,0,0,0,0,0,0,0,0,0,0,0,0.0475290862729309,0,0.00847553862512517,0,0.0560046248980561,954.026785714286,864.883928571429
"228","2000-2004","Germany",0.0639971528234858,0.796254647922755,0.0335307918852611,0.0154129156331001,0.0022690224479572,0.0156330286768705,0,0,0,0,0,0,0,0.0175490126715077,0.0432400640042994,0,0,0,0.00571722191611263,0,0,0,0,0,0.000125064229414964,0,0,0,0,0,0,0,0,0,0,0,0,0,0,0,0,0,0,0,0,0,0,0,0,0,0,0,0,0,0,0,0,0,0,0,0,0,0,0,0,0,0,0,0,0,0,0,0,0,0,0,0,0,0,0,0,0,0,0,0,0,0,0,0,0,0,0,0,0,0,0,0,0,0,0,0,0,0,0,0,0,0,0,0,0,0,0,0,0,0,0,0,0,0,0,0,0,0,0,0,0,0,0,0,0,0,0,0,0,0,0,0,0,0,0,0,0,0,0,0,0,0,0,0,0,0,0,0,0,0,0,0,0,0,0,0,0,0,0,0,0,0,0,0,0,0,0,0.0666313628213347,0,0.00627107778923604,0,0.0729024406105707,2721.57321428571,2498.71607142857
"229","2005-2009","Germany",0.0603106576358764,0.834977729513766,0.0285396458531342,0.00762868198597376,0.00204863954203389,0.0151986470590892,0,0,0,0,0,0,0,0.00890690401204277,0.0289229188887147,0,0,0,0.00516192640512476,0,0,0,0,0,0.000112917140112104,0,0,0,0,0,0,0,0,0,0,0,0,0,0,0,0,0,0,0,0,0,0,0,0,0,0,0,0,0,0,0,0,0,0,0,0,0,0,0,0,0,0,0,0,0,0,0,0,0,0,0,0,0,0,0,0,0,0,0,0,0,0,0,0,0,0,0,0,0,0,0,0,0,0,0,0,0,0,0,0,0,0,0,0,0,0,0,0,0,0,0,0,0,0,0,0,0,0,0,0,0,0,0,0,0,0,0,0,0,0,0,0,0,0,0,0,0,0,0,0,0,0,0,0,0,0,0,0,0,0,0,0,0,0,0,0,0,0,0,0,0,0,0,0,0,0,0,0.0431046664459943,0,0.00819133196413236,0,0.0512959984101267,2990.37321428571,2767.51607142857
"230","2010-2014","Germany",0.0477083783878934,0.813627516559122,0.0356027419995675,0.00444761852073516,0.00926237931664596,0.0142581965770269,0,0,0,0,0,0,0,0.016570019396512,0.0338827055871007,0,0,0,0.00304443092109123,0,0,0,0,0,3.52054236469801e-05,0.000375524518901121,0,0,0,0,0,0,0,0,0,0,0,0,0,0,0,0,0,0,0,0,0,0,0,0,0,0,0,0,0,0,0,0,0,0,0,0,0,0,0,0,0,0,0,0,0,0,0,0,0,0,0,0,0,0,0,0,0,0,0,0,0,0,0,0,0,0,0,0,0,0,0,0,0,0,0,0,0,0,0,0,0,0,0,0,0,0,0,0,0,0,0,0,0,0,0,0,0,0,0,0,0,0,0,0,0,0,0,0,0,0,0,0,0,0,0,0,0,0,0,0,0,0,0,0,0,0,0,0,0,0,0,0,0,0,0,0,0,0,0,0,0,0,0,0,0,0.00600839230241794,0.05991627814967,0,0.0151768904893386,0,0.0750931686390086,5446.02678571429,5325.88392857143
"231","2015-2019","Germany",0.0832432432432432,0.699459459459459,0.065945945945946,0.00594594594594595,0.0216216216216216,0.0151351351351351,0,0,0,0,0,0,0,0.0275675675675676,0.0583783783783784,0,0,0,0.0113513513513514,0,0,0,0,0,0,0,0,0,0,0,0,0,0,0,0,0,0,0,0,0,0,0,0,0,0,0,0,0,0,0,0,0,0,0,0,0,0,0,0,0,0,0,0,0,0,0,0,0,0,0,0,0,0,0,0,0,0,0,0,0,0,0,0,0,0,0,0,0,0,0,0,0,0,0,0,0,0,0,0,0,0,0,0,0,0,0,0,0,0,0,0,0,0,0,0,0,0,0,0,0,0,0,0,0,0,0,0,0,0,0,0,0,0,0,0,0,0,0,0,0,0,0,0,0,0,0,0,0,0,0,0,0,0,0,0,0,0,0,0,0,0,0,0,0,0,0,0,0,0,0,0,0,0.0972972972972973,0,0.0113513513513514,0,0.108648648648649,956,925
"232","1995-1999","Ghana",0.168478260869565,0,0.0072463768115942,0,0,0.0126811594202899,0,0,0,0,0,0,0,0,0.532608695652174,0,0,0,0,0,0,0,0,0,0,0,0,0,0,0,0,0,0,0,0,0,0,0,0,0,0,0,0,0,0,0,0,0,0,0,0,0,0,0,0,0,0,0,0,0,0,0,0,0,0,0,0,0,0,0,0,0,0,0,0,0,0,0,0,0,0,0,0,0,0,0,0,0,0,0,0,0,0,0,0,0,0,0,0,0,0,0,0,0,0,0,0,0,0,0,0,0,0,0,0,0,0,0,0,0,0,0,0,0,0,0,0,0,0,0,0,0,0,0,0,0,0,0,0,0,0,0,0,0,0,0,0,0,0,0,0,0,0,0,0,0,0,0,0,0,0,0,0,0,0,0,0,0,0,0,0,0,0.532608695652174,0,0.278985507246377,0,0.811594202898551,157.714285714286,157.714285714286
"233","2000-2004","Ghana",0.0287990196078431,0.00214460784313726,0.00183823529411765,0,0,0.0235906862745098,0,0,0,0,0,0,0,0,0.647671568627451,0,0,0,0.0278799019607843,0,0,0.00428921568627451,0.00428921568627451,0,0,0,0,0,0,0,0,0,0,0,0,0,0,0,0,0,0,0,0,0,0,0,0,0,0,0,0,0,0,0,0,0,0,0,0,0,0,0,0,0,0,0,0,0,0,0,0,0,0,0,0,0,0,0,0,0,0,0,0,0,0,0,0,0,0,0,0,0,0,0,0,0,0,0,0,0,0,0,0,0,0,0,0,0,0,0,0,0,0,0,0,0,0,0,0,0,0,0,0,0,0,0,0,0,0,0,0,0,0,0,0,0,0,0,0,0,0,0,0,0,0,0,0,0,0,0,0,0,0,0,0,0,0,0,0,0,0,0,0,0,0,0,0,0,0,0,0,0,0.684129901960784,0,0.203737745098039,0.0557598039215686,0.943627450980392,468.285714285714,466.285714285714
"234","2005-2009","Ghana",0.0517241379310345,0,0.00574712643678161,0.0028735632183908,0,0.028735632183908,0,0,0,0,0,0,0,0,0.75,0,0,0,0.0431034482758621,0,0,0.0114942528735632,0,0,0,0,0,0,0,0,0,0,0,0,0,0,0,0,0,0,0,0,0,0,0.00574712643678161,0,0,0,0,0,0,0,0,0,0,0,0,0,0,0,0,0,0,0,0,0,0,0,0,0,0,0,0,0,0,0,0,0,0,0,0,0,0,0,0,0,0,0,0,0,0,0,0,0,0,0,0,0,0,0,0,0,0,0,0,0,0,0,0,0,0,0,0,0,0,0,0,0,0,0,0,0,0,0,0,0,0,0,0,0,0,0,0,0,0,0,0,0,0,0,0,0,0,0,0,0,0,0,0,0,0,0,0,0,0,0,0,0,0,0,0,0,0,0,0,0,0,0,0,0,0,0,0.810344827586207,0,0.100574712643678,0,0.910919540229885,174,174
"235","2010-2014","Ghana",0.0279503105590062,0.0186335403726708,0,0.0046583850931677,0,0.0341614906832298,0,0,0,0,0,0,0,0.0217391304347826,0.718944099378882,0,0,0,0.0139751552795031,0,0,0.0093167701863354,0,0,0,0,0,0,0,0,0,0,0,0,0,0,0,0,0,0,0,0,0,0,0,0,0,0,0,0,0,0,0,0,0,0,0,0,0,0,0,0,0,0,0,0,0,0,0,0,0,0,0,0,0,0,0,0,0,0,0,0,0,0,0,0,0,0,0,0,0,0,0,0,0,0,0,0,0,0,0,0,0,0,0,0,0,0,0,0,0,0,0,0,0,0,0,0,0,0,0,0,0,0,0,0,0,0,0,0,0,0,0,0,0,0,0,0,0,0,0,0,0,0,0,0,0,0,0,0,0,0,0,0,0,0,0,0,0,0,0,0,0,0,0,0,0,0,0,0,0,0,0.763975155279503,0,0.150621118012422,0,0.914596273291925,107.333333333333,107.333333333333
"236","2015-2019","Ghana",0.102,0.054,0,0.012,0,0.032,0,0,0,0,0,0,0,0.004,0.674,0,0,0,0.06,0,0,0.03,0,0,0,0,0,0,0,0,0,0,0,0,0,0,0,0,0,0,0,0,0,0,0,0,0,0,0,0,0,0,0,0,0,0,0,0,0,0,0,0,0,0,0,0,0,0,0,0,0,0,0,0,0,0,0,0,0,0,0,0,0,0,0,0,0,0,0,0,0,0,0,0,0,0,0,0,0,0,0,0,0,0,0,0,0,0,0,0,0,0,0,0,0,0,0,0,0,0,0,0,0,0,0,0,0,0,0,0,0,0,0,0,0,0,0,0,0,0,0,0,0,0,0,0,0,0,0,0,0,0,0,0,0,0,0,0,0,0,0,0,0,0,0,0,0,0,0,0,0,0,0.768,0,0.032,0,0.8,166.666666666667,166.666666666667
"237","1990-1994","Greece",0.0172413793103448,0.982758620689655,0,0,0,0,0,0,0,0,0,0,0,0,0,0,0,0,0,0,0,0,0,0,0,0,0,0,0,0,0,0,0,0,0,0,0,0,0,0,0,0,0,0,0,0,0,0,0,0,0,0,0,0,0,0,0,0,0,0,0,0,0,0,0,0,0,0,0,0,0,0,0,0,0,0,0,0,0,0,0,0,0,0,0,0,0,0,0,0,0,0,0,0,0,0,0,0,0,0,0,0,0,0,0,0,0,0,0,0,0,0,0,0,0,0,0,0,0,0,0,0,0,0,0,0,0,0,0,0,0,0,0,0,0,0,0,0,0,0,0,0,0,0,0,0,0,0,0,0,0,0,0,0,0,0,0,0,0,0,0,0,0,0,0,0,0,0,0,0,0,0,0,0,0,0,0,33.1428571428571,33.1428571428571
"238","1995-1999","Greece",0.160303300624442,0.738537020517395,0.0318465655664585,0.00499553969669938,0.0056199821587868,0.00624442462087422,0.000624442462087422,0,0,0,0,0,0,0.00187332738626227,0.0124888492417484,0.000624442462087422,0.00499553969669938,0,0.00187332738626227,0,0,0,0.000624442462087422,0.000624442462087422,0.000624442462087422,0,0.00124888492417484,0,0,0,0,0,0,0,0,0,0,0,0,0,0,0,0,0,0,0,0,0,0,0,0,0,0,0,0,0,0,0,0,0,0,0,0,0,0,0,0,0,0,0,0,0,0,0,0,0,0,0,0,0,0,0,0,0,0,0,0,0,0,0,0,0,0,0,0,0,0,0,0,0,0,0,0,0,0,0,0,0,0,0,0,0,0,0,0,0,0,0,0,0,0,0,0,0,0,0,0,0,0,0,0,0,0,0,0,0,0,0,0,0,0,0,0,0,0,0,0,0,0,0,0,0,0,0,0,0,0,0,0,0,0,0,0,0,0,0,0,0,0,0,0,0,0.0249776984834969,0,0.0268510258697591,0,0.051828724353256,400.357142857143,400.357142857143
"239","2000-2004","Greece",0.22922373868285,0.563449750009213,0.0290099873469037,0.00319398547965063,0.00359323366460696,0.0089063056644104,0.000399248184956328,0,0,0,0,0,0,0.0140719629497684,0.0249867940984976,0.00103804528088645,0.0121371448226724,0,0.00119774455486899,0,0,0,0.000399248184956328,0.000399248184956328,0.000399248184956328,0,0.0459073989902092,0,0,0,0,0,0,0,0,0,0,0,0,0,0,0,0,0,0,0,0,0.0152328538260261,0,0,0,0,0,0,0,0,0,0,0,0,0,0,0,0,0,0,0,0,0.0117931771556331,0,0,0,0,0,0,0,0,0,0,0,0,0,0,0,0,0,0,0,0,0,0,0,0,0,0,0,0,0,0,0,0,0,0,0,0,0,0,0,0,0,0,0,0,0,0,0,0,0,0,0,0,0,0,0,0,0,0,0,0,0,0,0,0,0,0,0,0,0,0,0,0,0,0,0,0,0,0,0,0,0,0,0,0,0,0,0,0,0,0,0,0,0,0,0,0,0,0,0,0,0,0,0,0.127562866233431,0,0.0346608847339779,0,0.162223750967409,1565.44230769231,1565.44230769231
"240","2005-2009","Greece",0.303168162539235,0.403798119684507,0.0231290566814416,0.000535132790849817,0.00205452767915555,0.0117244066127123,6.68915988562272e-05,0,0,0,0,0,0,0.0218500305055094,0.0357598077050301,6.68915988562272e-05,0.00214053116339927,0,0.000200674796568681,0,0,0,6.68915988562272e-05,6.68915988562272e-05,6.68915988562272e-05,0,0.0952168831455223,0,0,0,0,0,0,0,0,0,0,0,0,0,0,0,0,0,0,0,0,0.0325137274792158,0,0,0,0,0,0,0,0,0,0,0,0,0,0,0,0,0,0,0,0,0.0246984365007608,0,0,0,0,0,0,0,0,0,0,0,0,0,0,0,0,0,0,0,0,0,0,0,0,0,0,0,0,0,0,0,0,0,0,0,0,0,0,0,0,0,0,0,0,0,0,0,0,0,0,0,0,0,0,0,0,0,0,0,0,0,0,0,0,0,0,0,0,0,0,0,0,0,0,0,0,0,0,0,0,0,0,0,0,0,0,0,0,0,0,0,0,0,0,0,0,0,0,0,0,0,0,0,0.212647657691431,0,0.0428760447218118,0,0.255523702413243,1868.69505494506,1868.69505494506
"241","2010-2014","Greece",0.237039432099966,0.290238245733457,0.0129673749209899,0,0.00379248310400156,0.0105664413866874,0,0,0,0,0,0,0,0.0112330432245831,0.0214377400690426,0,0.00132736908640054,0,0.000265473817280109,0,0,0,0,0,0,0,0.26646375261341,0,0,0,0,0.000265473817280109,0,0,0,0,0,0,0,0,0,0,0,0,0,0,0,0.0884144503330578,0,0,0,0,0,0,0,0,0,0,0,0,0,0,0,0,0,0,0,0,0.0124296202654738,0,0,0,0,0,0,0,0,0,0,0,0,0,0,0,0,0,0,0,0,0,0,0,0,0,0,0,0,0,0,0,0,0,0,0,0,0,0,0,0,0,0,0,0,0,0,0,0,0,0,0,0,0,0,0,0,0,0,0,0,0,0,0,0,0,0,0,0,0,0,0,0,0,0,0,0,0,0,0,0,0,0,0,0,0,0,0,0,0,0,0,0,0,0,0,0,0,0,0,0,0,0,0,0.401836923226528,0,0.0417892740798366,0.00176982544853406,0.445396022754899,3768.84981684982,3766.84981684982
"242","2015-2019","Greece",0.336478513593144,0.328803497770244,0.0174161022559454,0,0.00595814024545501,0.0155828283342669,0,0,0,0,0,0,0,0.0140551000662016,0.0304017925345012,0,0,0,0,0,0,0,0,0,0.00397209349697001,0,0.135000254621378,0,0,0,0,0,0,0,0,0,0,0,0,0,0,0,0,0,0,0,0,0.0412704879273092,0,0,0,0,0,0,0,0,0,0,0,0,0,0,0,0,0,0,0,0,0.018994754799613,0,0,0,0,0,0,0,0,0,0,0,0,0,0,0,0,0,0,0,0,0,0,0,0,0,0,0,0,0,0,0,0,0,0,0,0,0,0,0,0,0,0,0,0,0,0,0,0,0,0,0,0,0,0,0,0,0,0,0,0,0,0,0,0,0,0,0,0,0,0,0,0,0,0,0,0,0,0,0,0,0,0,0,0,0,0,0,0,0,0,0,0,0,0,0,0,0,0,0,0,0,0,0,0.243694483445973,0,0.051404418772143,0.000662015582828334,0.295760917800944,503.512820512821,503.512820512821
"243","2020-2022","Greece",0.114285714285714,0.0571428571428571,0,0,0,0,0,0,0,0,0,0,0,0,0,0,0,0,0,0,0,0,0,0,0,0,0.6,0,0,0,0,0,0,0,0,0,0,0,0,0,0,0,0,0,0,0,0,0.114285714285714,0,0,0,0,0,0,0,0,0,0,0,0,0,0,0,0,0,0,0,0,0,0,0,0,0,0,0,0,0,0,0,0,0,0,0,0,0,0,0,0,0,0,0,0,0,0,0,0,0,0,0,0,0,0,0,0,0,0,0,0,0,0,0,0,0,0,0,0,0,0,0,0,0,0,0,0,0,0,0,0,0,0,0,0,0,0,0,0,0,0,0,0,0,0,0,0,0,0,0,0,0,0,0,0,0,0,0,0,0,0,0,0,0,0,0,0,0,0,0,0,0,0,0,0,0.714285714285714,0,0.114285714285714,0,0.828571428571429,5,5
"244","1980-1989","Greenland",0.0204081632653061,0.959183673469388,0,0,0,0,0,0,0,0,0,0,0,0,0,0,0,0,0,0,0,0,0,0,0,0.0204081632653061,0,0,0,0,0,0,0,0,0,0,0,0,0,0,0,0,0,0,0,0,0,0,0,0,0,0,0,0,0,0,0,0,0,0,0,0,0,0,0,0,0,0,0,0,0,0,0,0,0,0,0,0,0,0,0,0,0,0,0,0,0,0,0,0,0,0,0,0,0,0,0,0,0,0,0,0,0,0,0,0,0,0,0,0,0,0,0,0,0,0,0,0,0,0,0,0,0,0,0,0,0,0,0,0,0,0,0,0,0,0,0,0,0,0,0,0,0,0,0,0,0,0,0,0,0,0,0,0,0,0,0,0,0,0,0,0,0,0,0,0,0,0,0,0,0,0,0.0204081632653061,0,0,0,0.0204081632653061,30.625,30.625
"245","1990-1994","Greenland",0.0204081632653061,0.959183673469388,0,0,0,0,0,0,0,0,0,0,0,0,0,0,0,0,0,0,0,0,0,0,0,0.0204081632653061,0,0,0,0,0,0,0,0,0,0,0,0,0,0,0,0,0,0,0,0,0,0,0,0,0,0,0,0,0,0,0,0,0,0,0,0,0,0,0,0,0,0,0,0,0,0,0,0,0,0,0,0,0,0,0,0,0,0,0,0,0,0,0,0,0,0,0,0,0,0,0,0,0,0,0,0,0,0,0,0,0,0,0,0,0,0,0,0,0,0,0,0,0,0,0,0,0,0,0,0,0,0,0,0,0,0,0,0,0,0,0,0,0,0,0,0,0,0,0,0,0,0,0,0,0,0,0,0,0,0,0,0,0,0,0,0,0,0,0,0,0,0,0,0,0,0,0.0204081632653061,0,0,0,0.0204081632653061,15.3125,15.3125
"246","1995-1999","Greenland",0.0204081632653061,0.959183673469388,0,0,0,0,0,0,0,0,0,0,0,0,0,0,0,0,0,0,0,0,0,0,0,0.0204081632653061,0,0,0,0,0,0,0,0,0,0,0,0,0,0,0,0,0,0,0,0,0,0,0,0,0,0,0,0,0,0,0,0,0,0,0,0,0,0,0,0,0,0,0,0,0,0,0,0,0,0,0,0,0,0,0,0,0,0,0,0,0,0,0,0,0,0,0,0,0,0,0,0,0,0,0,0,0,0,0,0,0,0,0,0,0,0,0,0,0,0,0,0,0,0,0,0,0,0,0,0,0,0,0,0,0,0,0,0,0,0,0,0,0,0,0,0,0,0,0,0,0,0,0,0,0,0,0,0,0,0,0,0,0,0,0,0,0,0,0,0,0,0,0,0,0,0,0.0204081632653061,0,0,0,0.0204081632653061,15.3125,15.3125
"247","2000-2004","Greenland",0.0204081632653061,0.959183673469388,0,0,0,0,0,0,0,0,0,0,0,0,0,0,0,0,0,0,0,0,0,0,0,0.0204081632653061,0,0,0,0,0,0,0,0,0,0,0,0,0,0,0,0,0,0,0,0,0,0,0,0,0,0,0,0,0,0,0,0,0,0,0,0,0,0,0,0,0,0,0,0,0,0,0,0,0,0,0,0,0,0,0,0,0,0,0,0,0,0,0,0,0,0,0,0,0,0,0,0,0,0,0,0,0,0,0,0,0,0,0,0,0,0,0,0,0,0,0,0,0,0,0,0,0,0,0,0,0,0,0,0,0,0,0,0,0,0,0,0,0,0,0,0,0,0,0,0,0,0,0,0,0,0,0,0,0,0,0,0,0,0,0,0,0,0,0,0,0,0,0,0,0,0,0.0204081632653061,0,0,0,0.0204081632653061,15.3125,15.3125
"248","2005-2009","Greenland",0.0204081632653061,0.959183673469388,0,0,0,0,0,0,0,0,0,0,0,0,0,0,0,0,0,0,0,0,0,0,0,0.0204081632653061,0,0,0,0,0,0,0,0,0,0,0,0,0,0,0,0,0,0,0,0,0,0,0,0,0,0,0,0,0,0,0,0,0,0,0,0,0,0,0,0,0,0,0,0,0,0,0,0,0,0,0,0,0,0,0,0,0,0,0,0,0,0,0,0,0,0,0,0,0,0,0,0,0,0,0,0,0,0,0,0,0,0,0,0,0,0,0,0,0,0,0,0,0,0,0,0,0,0,0,0,0,0,0,0,0,0,0,0,0,0,0,0,0,0,0,0,0,0,0,0,0,0,0,0,0,0,0,0,0,0,0,0,0,0,0,0,0,0,0,0,0,0,0,0,0,0,0.0204081632653061,0,0,0,0.0204081632653061,15.3125,15.3125
"249","2010-2014","Greenland",0.0204081632653061,0.959183673469388,0,0,0,0,0,0,0,0,0,0,0,0,0,0,0,0,0,0,0,0,0,0,0,0.0204081632653061,0,0,0,0,0,0,0,0,0,0,0,0,0,0,0,0,0,0,0,0,0,0,0,0,0,0,0,0,0,0,0,0,0,0,0,0,0,0,0,0,0,0,0,0,0,0,0,0,0,0,0,0,0,0,0,0,0,0,0,0,0,0,0,0,0,0,0,0,0,0,0,0,0,0,0,0,0,0,0,0,0,0,0,0,0,0,0,0,0,0,0,0,0,0,0,0,0,0,0,0,0,0,0,0,0,0,0,0,0,0,0,0,0,0,0,0,0,0,0,0,0,0,0,0,0,0,0,0,0,0,0,0,0,0,0,0,0,0,0,0,0,0,0,0,0,0,0.0204081632653061,0,0,0,0.0204081632653061,6.125,6.125
"250","1995-1999","Guadeloupe",0.00292682926829268,0.873170731707317,0.00975609756097561,0.0136585365853659,0.00195121951219512,0.00390243902439024,0,0,0,0,0,0,0,0.00195121951219512,0.0439024390243902,0,0,0,0,0,0,0.000975609756097561,0,0,0,0.000975609756097561,0,0,0,0,0,0.00390243902439024,0,0,0,0,0,0.00292682926829268,0,0,0,0,0,0,0,0,0,0,0,0.000975609756097561,0,0,0,0,0,0,0,0,0,0,0,0,0,0,0,0,0,0,0,0,0,0,0,0,0,0,0,0,0,0,0,0,0,0,0,0,0,0,0,0,0,0,0,0,0,0,0,0,0,0,0,0,0,0,0,0,0,0,0,0,0,0,0,0,0,0,0,0,0,0,0,0,0,0,0,0,0,0,0,0,0,0,0,0,0,0,0,0,0,0,0,0,0,0,0,0,0,0,0,0,0,0,0,0,0,0,0,0,0,0,0,0,0,0,0,0,0,0,0,0,0,0,0.055609756097561,0,0.0390243902439024,0,0.0946341463414634,64.0625,64.0625
"251","2000-2004","Guadeloupe",0.00292682926829268,0.873170731707317,0.00975609756097561,0.0136585365853659,0.00195121951219512,0.00390243902439024,0,0,0,0,0,0,0,0.00195121951219512,0.0439024390243902,0,0,0,0,0,0,0.000975609756097561,0,0,0,0.000975609756097561,0,0,0,0,0,0.00390243902439024,0,0,0,0,0,0.00292682926829268,0,0,0,0,0,0,0,0,0,0,0,0.000975609756097561,0,0,0,0,0,0,0,0,0,0,0,0,0,0,0,0,0,0,0,0,0,0,0,0,0,0,0,0,0,0,0,0,0,0,0,0,0,0,0,0,0,0,0,0,0,0,0,0,0,0,0,0,0,0,0,0,0,0,0,0,0,0,0,0,0,0,0,0,0,0,0,0,0,0,0,0,0,0,0,0,0,0,0,0,0,0,0,0,0,0,0,0,0,0,0,0,0,0,0,0,0,0,0,0,0,0,0,0,0,0,0,0,0,0,0,0,0,0,0,0,0,0,0.055609756097561,0,0.0390243902439024,0,0.0946341463414634,320.3125,320.3125
"252","2005-2009","Guadeloupe",0.00292682926829268,0.873170731707317,0.00975609756097561,0.0136585365853659,0.00195121951219512,0.00390243902439024,0,0,0,0,0,0,0,0.00195121951219512,0.0439024390243902,0,0,0,0,0,0,0.000975609756097561,0,0,0,0.000975609756097561,0,0,0,0,0,0.00390243902439024,0,0,0,0,0,0.00292682926829268,0,0,0,0,0,0,0,0,0,0,0,0.000975609756097561,0,0,0,0,0,0,0,0,0,0,0,0,0,0,0,0,0,0,0,0,0,0,0,0,0,0,0,0,0,0,0,0,0,0,0,0,0,0,0,0,0,0,0,0,0,0,0,0,0,0,0,0,0,0,0,0,0,0,0,0,0,0,0,0,0,0,0,0,0,0,0,0,0,0,0,0,0,0,0,0,0,0,0,0,0,0,0,0,0,0,0,0,0,0,0,0,0,0,0,0,0,0,0,0,0,0,0,0,0,0,0,0,0,0,0,0,0,0,0,0,0,0,0.055609756097561,0,0.0390243902439024,0,0.0946341463414634,320.3125,320.3125
"253","2010-2014","Guadeloupe",0.00292682926829268,0.873170731707317,0.00975609756097561,0.0136585365853659,0.00195121951219512,0.00390243902439024,0,0,0,0,0,0,0,0.00195121951219512,0.0439024390243902,0,0,0,0,0,0,0.000975609756097561,0,0,0,0.000975609756097561,0,0,0,0,0,0.00390243902439024,0,0,0,0,0,0.00292682926829268,0,0,0,0,0,0,0,0,0,0,0,0.000975609756097561,0,0,0,0,0,0,0,0,0,0,0,0,0,0,0,0,0,0,0,0,0,0,0,0,0,0,0,0,0,0,0,0,0,0,0,0,0,0,0,0,0,0,0,0,0,0,0,0,0,0,0,0,0,0,0,0,0,0,0,0,0,0,0,0,0,0,0,0,0,0,0,0,0,0,0,0,0,0,0,0,0,0,0,0,0,0,0,0,0,0,0,0,0,0,0,0,0,0,0,0,0,0,0,0,0,0,0,0,0,0,0,0,0,0,0,0,0,0,0,0,0,0,0.055609756097561,0,0.0390243902439024,0,0.0946341463414634,320.3125,320.3125
"254","2010-2014","Guatemala",0,0.978030919446705,0.0081366965012205,0,0,0,0,0,0,0,0,0,0,0,0.0016273393002441,0,0,0,0,0,0,0,0,0,0,0,0,0,0,0,0,0,0,0,0,0,0,0,0,0,0,0,0,0,0,0,0,0,0,0,0,0,0,0,0,0,0,0,0,0,0,0,0,0,0,0,0,0,0,0,0,0,0,0,0,0,0,0,0,0,0,0,0,0,0,0,0,0,0,0,0,0,0,0,0,0,0,0,0,0,0,0,0,0,0,0,0,0,0,0,0,0,0,0,0,0,0,0,0,0,0,0,0,0,0,0,0,0,0,0,0,0,0,0,0,0,0,0,0,0,0,0,0,0,0,0,0,0,0,0,0,0,0,0,0,0,0,0,0,0,0,0,0,0,0,0,0,0,0,0,0,0,0.0016273393002441,0,0.0122050447518308,0,0.0138323840520749,1229,1229
"255","2015-2019","Guatemala",0,0.989110707803993,0,0.00181488203266788,0,0,0,0,0,0,0,0,0,0,0,0,0,0,0,0,0,0,0,0,0,0,0,0,0,0,0.00181488203266788,0,0.00181488203266788,0,0,0,0,0,0,0,0,0,0,0,0,0,0,0,0,0,0,0,0,0,0,0,0,0,0,0,0,0,0,0,0,0,0,0,0,0,0,0,0,0,0,0,0,0,0,0,0,0,0,0,0,0,0,0,0,0,0,0,0,0,0,0,0,0,0,0,0,0,0,0,0,0,0,0,0,0,0,0,0,0,0,0,0,0,0,0,0,0,0,0,0,0,0,0,0,0,0,0,0,0,0,0,0,0,0,0,0,0,0,0,0,0,0,0,0,0,0,0,0,0,0,0,0,0,0,0,0,0,0,0,0,0,0,0,0,0,0,0,0.00362976406533575,0,0,0.00544464609800363,0.00907441016333938,551,551
"256","1995-1999","Guinea",0.878048780487805,0,0,0.024390243902439,0,0,0,0,0,0,0,0,0,0,0,0,0,0,0.0975609756097561,0,0,0,0,0,0,0,0,0,0,0,0,0,0,0,0,0,0,0,0,0,0,0,0,0,0,0,0,0,0,0,0,0,0,0,0,0,0,0,0,0,0,0,0,0,0,0,0,0,0,0,0,0,0,0,0,0,0,0,0,0,0,0,0,0,0,0,0,0,0,0,0,0,0,0,0,0,0,0,0,0,0,0,0,0,0,0,0,0,0,0,0,0,0,0,0,0,0,0,0,0,0,0,0,0,0,0,0,0,0,0,0,0,0,0,0,0,0,0,0,0,0,0,0,0,0,0,0,0,0,0,0,0,0,0,0,0,0,0,0,0,0,0,0,0,0,0,0,0,0,0,0,0,0.0975609756097561,0,0,0,0.0975609756097561,29.2857142857143,29.2857142857143
"257","2000-2004","Guinea",0.878048780487805,0,0,0.024390243902439,0,0,0,0,0,0,0,0,0,0,0,0,0,0,0.0975609756097561,0,0,0,0,0,0,0,0,0,0,0,0,0,0,0,0,0,0,0,0,0,0,0,0,0,0,0,0,0,0,0,0,0,0,0,0,0,0,0,0,0,0,0,0,0,0,0,0,0,0,0,0,0,0,0,0,0,0,0,0,0,0,0,0,0,0,0,0,0,0,0,0,0,0,0,0,0,0,0,0,0,0,0,0,0,0,0,0,0,0,0,0,0,0,0,0,0,0,0,0,0,0,0,0,0,0,0,0,0,0,0,0,0,0,0,0,0,0,0,0,0,0,0,0,0,0,0,0,0,0,0,0,0,0,0,0,0,0,0,0,0,0,0,0,0,0,0,0,0,0,0,0,0,0.0975609756097561,0,0,0,0.0975609756097561,11.7142857142857,11.7142857142857
"258","2005-2009","Guinea",0.0205479452054795,0.00684931506849315,0,0.0616438356164384,0.0547945205479452,0.00684931506849315,0,0,0,0,0,0,0,0,0.801369863013699,0,0,0,0,0,0,0.0273972602739726,0,0,0,0,0,0,0,0,0,0,0,0,0,0,0,0,0,0,0,0,0,0,0,0,0,0,0,0,0,0,0,0,0,0,0,0,0,0,0,0,0,0,0,0,0,0,0,0,0,0,0,0,0,0,0,0,0,0,0,0,0,0,0,0,0,0,0,0,0,0,0,0,0,0,0,0,0,0,0,0,0,0,0,0,0,0,0,0,0,0,0,0,0,0,0,0,0,0,0,0,0,0,0,0,0,0,0,0,0,0,0,0,0,0,0,0,0,0,0,0,0,0,0,0,0,0,0,0,0,0,0,0,0,0,0,0,0,0,0,0,0,0,0,0,0,0,0,0,0,0,0.828767123287671,0,0.0205479452054795,0,0.849315068493151,146,146
"259","2015-2019","Guinea",0.0333333333333333,0,0,0.0333333333333333,0,0,0,0,0,0,0,0,0,0,0.8,0,0,0,0.0666666666666667,0,0,0,0,0,0,0,0,0,0,0,0,0,0,0,0,0,0,0,0,0,0,0,0,0,0,0,0,0,0,0,0,0,0,0,0,0,0,0,0,0,0,0,0,0,0,0,0,0,0,0,0,0,0,0,0,0,0,0,0,0,0,0,0,0,0,0,0,0,0,0,0,0,0,0,0,0,0,0,0,0,0,0,0,0,0,0,0,0,0,0,0,0,0,0,0,0,0,0,0,0,0,0,0,0,0,0,0,0,0,0,0,0,0,0,0,0,0,0,0,0,0,0,0,0,0,0,0,0,0,0,0,0,0,0,0,0,0,0,0,0,0,0,0,0,0,0,0,0,0,0,0,0,0.866666666666667,0,0.0666666666666667,0,0.933333333333333,50,30
"260","2010-2014","Guinea-Bissau",0,0,0,0,0,0,0,0,0,0,0,0,0,0,0.928571428571429,0,0,0,0,0,0,0,0,0,0,0,0,0,0,0,0,0,0,0,0,0,0,0,0,0,0,0,0,0,0,0,0,0,0,0,0,0,0,0,0,0,0,0,0,0,0,0,0,0,0,0,0,0,0,0,0,0,0,0,0,0,0,0,0,0,0,0,0,0,0,0,0,0,0,0,0,0,0,0,0,0,0,0,0,0,0,0,0,0,0,0,0,0,0,0,0,0,0,0,0,0,0,0,0,0,0,0,0,0,0,0,0,0,0,0,0,0,0,0,0,0,0,0,0,0,0,0,0,0,0,0,0,0,0,0,0,0,0,0,0,0,0,0,0,0,0,0,0,0,0,0,0,0,0,0,0,0,0.928571428571429,0,0.0714285714285714,0,1,56,56
"261","2015-2019","Guinea-Bissau",0.0416666666666667,0.0208333333333333,0,0,0,0.0208333333333333,0,0,0,0,0,0,0,0,0.875,0,0,0,0.0208333333333333,0,0,0,0,0,0,0,0,0,0,0,0,0,0,0,0,0,0,0,0,0,0,0,0,0,0,0,0,0,0,0,0,0,0,0,0,0,0,0,0,0,0,0,0,0,0,0,0,0,0,0,0,0,0,0,0,0,0,0,0,0,0,0,0,0,0,0,0,0,0,0,0,0,0,0,0,0,0,0,0,0,0,0,0,0,0,0,0,0,0,0,0,0,0,0,0,0,0,0,0,0,0,0,0,0,0,0,0,0,0,0,0,0,0,0,0,0,0,0,0,0,0,0,0,0,0,0,0,0,0,0,0,0,0,0,0,0,0,0,0,0,0,0,0,0,0,0,0,0,0,0,0,0,0.895833333333333,0,0.0208333333333333,0,0.916666666666667,48,48
"262","2000-2004","Haiti",0,1,0,0,0,0,0,0,0,0,0,0,0,0,0,0,0,0,0,0,0,0,0,0,0,0,0,0,0,0,0,0,0,0,0,0,0,0,0,0,0,0,0,0,0,0,0,0,0,0,0,0,0,0,0,0,0,0,0,0,0,0,0,0,0,0,0,0,0,0,0,0,0,0,0,0,0,0,0,0,0,0,0,0,0,0,0,0,0,0,0,0,0,0,0,0,0,0,0,0,0,0,0,0,0,0,0,0,0,0,0,0,0,0,0,0,0,0,0,0,0,0,0,0,0,0,0,0,0,0,0,0,0,0,0,0,0,0,0,0,0,0,0,0,0,0,0,0,0,0,0,0,0,0,0,0,0,0,0,0,0,0,0,0,0,0,0,0,0,0,0,0,0,0,0,0,0,103,103
"263","2005-2009","Haiti",0,1,0,0,0,0,0,0,0,0,0,0,0,0,0,0,0,0,0,0,0,0,0,0,0,0,0,0,0,0,0,0,0,0,0,0,0,0,0,0,0,0,0,0,0,0,0,0,0,0,0,0,0,0,0,0,0,0,0,0,0,0,0,0,0,0,0,0,0,0,0,0,0,0,0,0,0,0,0,0,0,0,0,0,0,0,0,0,0,0,0,0,0,0,0,0,0,0,0,0,0,0,0,0,0,0,0,0,0,0,0,0,0,0,0,0,0,0,0,0,0,0,0,0,0,0,0,0,0,0,0,0,0,0,0,0,0,0,0,0,0,0,0,0,0,0,0,0,0,0,0,0,0,0,0,0,0,0,0,0,0,0,0,0,0,0,0,0,0,0,0,0,0,0,0,0,0,307,307
"264","2015-2019","Haiti",0,1,0,0,0,0,0,0,0,0,0,0,0,0,0,0,0,0,0,0,0,0,0,0,0,0,0,0,0,0,0,0,0,0,0,0,0,0,0,0,0,0,0,0,0,0,0,0,0,0,0,0,0,0,0,0,0,0,0,0,0,0,0,0,0,0,0,0,0,0,0,0,0,0,0,0,0,0,0,0,0,0,0,0,0,0,0,0,0,0,0,0,0,0,0,0,0,0,0,0,0,0,0,0,0,0,0,0,0,0,0,0,0,0,0,0,0,0,0,0,0,0,0,0,0,0,0,0,0,0,0,0,0,0,0,0,0,0,0,0,0,0,0,0,0,0,0,0,0,0,0,0,0,0,0,0,0,0,0,0,0,0,0,0,0,0,0,0,0,0,0,0,0,0,0,0,0,246,246
"265","1990-1994","Honduras",0.0104166666666667,0.989583333333333,0,0,0,0,0,0,0,0,0,0,0,0,0,0,0,0,0,0,0,0,0,0,0,0,0,0,0,0,0,0,0,0,0,0,0,0,0,0,0,0,0,0,0,0,0,0,0,0,0,0,0,0,0,0,0,0,0,0,0,0,0,0,0,0,0,0,0,0,0,0,0,0,0,0,0,0,0,0,0,0,0,0,0,0,0,0,0,0,0,0,0,0,0,0,0,0,0,0,0,0,0,0,0,0,0,0,0,0,0,0,0,0,0,0,0,0,0,0,0,0,0,0,0,0,0,0,0,0,0,0,0,0,0,0,0,0,0,0,0,0,0,0,0,0,0,0,0,0,0,0,0,0,0,0,0,0,0,0,0,0,0,0,0,0,0,0,0,0,0,0,0,0,0,0,0,96,96
"266","1995-1999","Honduras",0,1,0,0,0,0,0,0,0,0,0,0,0,0,0,0,0,0,0,0,0,0,0,0,0,0,0,0,0,0,0,0,0,0,0,0,0,0,0,0,0,0,0,0,0,0,0,0,0,0,0,0,0,0,0,0,0,0,0,0,0,0,0,0,0,0,0,0,0,0,0,0,0,0,0,0,0,0,0,0,0,0,0,0,0,0,0,0,0,0,0,0,0,0,0,0,0,0,0,0,0,0,0,0,0,0,0,0,0,0,0,0,0,0,0,0,0,0,0,0,0,0,0,0,0,0,0,0,0,0,0,0,0,0,0,0,0,0,0,0,0,0,0,0,0,0,0,0,0,0,0,0,0,0,0,0,0,0,0,0,0,0,0,0,0,0,0,0,0,0,0,0,0,0,0,0,0,98,98
"267","2000-2004","Honduras",0,0.994322789943228,0,0,0.0032441200324412,0,0,0,0,0,0,0,0,0,0,0,0,0,0,0,0,0,0,0,0,0,0,0,0,0,0,0,0,0,0,0,0,0,0,0,0,0,0,0,0,0,0,0,0,0,0,0,0,0,0,0,0,0,0,0,0,0,0,0,0,0,0,0,0,0,0,0,0,0,0,0,0,0,0,0,0,0,0,0,0,0,0,0,0,0,0,0,0,0,0,0,0,0,0,0,0,0,0,0,0,0,0,0,0,0,0,0,0,0,0,0,0,0,0,0,0,0,0,0,0,0,0,0,0,0,0,0,0,0,0,0,0,0,0,0,0,0,0,0,0,0,0,0,0,0,0,0,0,0,0,0,0,0,0,0,0,0,0,0,0,0,0,0,0,0,0,0,0,0,0.0024330900243309,0,0.0024330900243309,616.5,616.5
"268","2005-2009","Honduras",0,0.996245306633292,0,0,0,0,0,0,0,0,0,0,0,0,0,0,0,0,0,0,0,0,0,0,0,0,0,0,0,0,0,0,0,0,0,0,0,0,0,0,0,0,0,0,0,0,0,0,0,0,0,0,0,0,0,0,0,0,0,0,0,0,0,0,0,0,0,0,0,0,0,0,0,0,0,0,0,0,0,0,0,0,0,0,0,0,0,0,0,0,0,0,0,0,0,0,0,0,0,0,0,0,0,0,0,0,0,0,0,0,0,0,0,0,0,0,0,0,0,0,0,0,0,0,0,0,0,0,0,0,0,0,0,0,0,0,0,0,0,0,0,0,0,0,0,0,0,0,0,0,0,0,0,0,0,0,0,0,0,0,0,0,0,0,0,0,0,0,0,0,0,0,0,0,0.00375469336670839,0,0.00375469336670839,399.5,399.5
"269","2010-2014","Honduras",0.00134408602150538,0.989247311827957,0.00134408602150538,0,0,0,0,0,0,0,0,0,0,0,0,0,0,0,0,0,0,0,0,0,0.00134408602150538,0,0,0,0,0,0,0,0,0,0,0,0,0,0,0,0,0,0,0,0,0,0,0,0,0,0,0,0,0,0,0,0,0,0,0,0,0,0,0,0,0,0,0,0,0,0,0,0,0,0,0,0,0,0,0,0,0,0,0,0,0,0,0,0,0,0,0,0,0,0,0,0,0,0,0,0,0,0,0,0,0,0,0,0,0,0,0,0,0,0,0,0,0,0,0,0,0,0,0,0,0,0,0,0,0,0,0,0,0,0,0,0,0,0,0,0,0,0,0,0,0,0,0,0,0,0,0,0,0,0,0,0,0,0,0,0,0,0,0,0,0,0,0,0,0,0,0,0.00134408602150538,0,0.00672043010752688,0,0.00806451612903226,496,496
"270","2015-2019","Honduras",0.000454132606721163,0.986830154405086,0.0072661217075386,0,0,0,0,0,0,0,0,0,0,0,0.00272479564032698,0,0,0,0,0,0,0,0,0,0.000454132606721163,0,0,0,0,0,0,0,0,0,0,0,0,0,0,0,0,0,0,0,0,0,0,0,0,0,0,0,0,0,0,0,0,0,0,0,0,0,0,0,0,0,0,0,0,0,0,0,0,0,0,0,0,0,0,0,0,0,0,0,0,0,0,0,0,0,0,0,0,0,0,0,0,0,0,0,0,0,0,0,0,0,0,0,0,0,0,0,0,0,0,0,0,0,0,0,0,0,0,0,0,0,0,0,0,0,0,0,0,0,0,0,0,0,0,0,0,0,0,0,0,0,0,0,0,0,0,0,0,0,0,0,0,0,0,0,0,0,0,0,0,0,0,0,0,0,0,0,0.00317892824704814,0,0.00227066303360581,0,0.00544959128065395,734,734
"271","1990-1994","Hong Kong",0.008207343412527,0.416414686825054,0.0444924406047516,0.00345572354211663,0.000863930885529158,0.00345572354211663,0,0,0,0,0,0,0,0.405183585313175,0.0107991360691145,0,0,0,0.00345572354211663,0.0505399568034557,0.008207343412527,0,0,0,0.000431965442764579,0,0,0,0,0,0,0,0,0,0,0,0,0,0,0,0,0,0,0,0,0,0,0,0,0,0,0,0,0,0,0,0,0,0,0,0,0,0,0,0,0,0,0,0,0,0,0,0,0,0,0,0,0,0,0,0,0,0,0,0,0,0,0,0,0,0,0,0,0,0,0,0,0,0,0,0,0,0,0,0,0,0,0,0,0,0,0,0,0,0,0,0,0,0,0,0,0,0,0,0,0,0,0,0,0,0,0,0,0,0,0,0,0,0,0,0,0,0,0,0,0,0,0,0,0,0,0,0,0,0,0,0,0,0,0,0,0,0,0,0,0,0,0,0,0,0,0,0.478617710583153,1.4,0,0.0444924406047516,0.523110151187905,115.75,115.75
"272","1995-1999","Hong Kong",0.008207343412527,0.416414686825054,0.0444924406047516,0.00345572354211663,0.000863930885529158,0.00345572354211663,0,0,0,0,0,0,0,0.405183585313175,0.0107991360691145,0,0,0,0.00345572354211663,0.0505399568034557,0.008207343412527,0,0,0,0.000431965442764579,0,0,0,0,0,0,0,0,0,0,0,0,0,0,0,0,0,0,0,0,0,0,0,0,0,0,0,0,0,0,0,0,0,0,0,0,0,0,0,0,0,0,0,0,0,0,0,0,0,0,0,0,0,0,0,0,0,0,0,0,0,0,0,0,0,0,0,0,0,0,0,0,0,0,0,0,0,0,0,0,0,0,0,0,0,0,0,0,0,0,0,0,0,0,0,0,0,0,0,0,0,0,0,0,0,0,0,0,0,0,0,0,0,0,0,0,0,0,0,0,0,0,0,0,0,0,0,0,0,0,0,0,0,0,0,0,0,0,0,0,0,0,0,0,0,0,0,0.478617710583153,7,0,0.0444924406047516,0.523110151187905,578.75,578.75
"273","2000-2004","Hong Kong",0.008207343412527,0.416414686825054,0.0444924406047516,0.00345572354211663,0.000863930885529158,0.00345572354211663,0,0,0,0,0,0,0,0.405183585313175,0.0107991360691145,0,0,0,0.00345572354211663,0.0505399568034557,0.008207343412527,0,0,0,0.000431965442764579,0,0,0,0,0,0,0,0,0,0,0,0,0,0,0,0,0,0,0,0,0,0,0,0,0,0,0,0,0,0,0,0,0,0,0,0,0,0,0,0,0,0,0,0,0,0,0,0,0,0,0,0,0,0,0,0,0,0,0,0,0,0,0,0,0,0,0,0,0,0,0,0,0,0,0,0,0,0,0,0,0,0,0,0,0,0,0,0,0,0,0,0,0,0,0,0,0,0,0,0,0,0,0,0,0,0,0,0,0,0,0,0,0,0,0,0,0,0,0,0,0,0,0,0,0,0,0,0,0,0,0,0,0,0,0,0,0,0,0,0,0,0,0,0,0,0,0,0.478617710583153,7,0,0.0444924406047516,0.523110151187905,578.75,578.75
"274","2005-2009","Hong Kong",0.008207343412527,0.416414686825054,0.0444924406047516,0.00345572354211663,0.000863930885529158,0.00345572354211663,0,0,0,0,0,0,0,0.405183585313175,0.0107991360691145,0,0,0,0.00345572354211663,0.0505399568034557,0.008207343412527,0,0,0,0.000431965442764579,0,0,0,0,0,0,0,0,0,0,0,0,0,0,0,0,0,0,0,0,0,0,0,0,0,0,0,0,0,0,0,0,0,0,0,0,0,0,0,0,0,0,0,0,0,0,0,0,0,0,0,0,0,0,0,0,0,0,0,0,0,0,0,0,0,0,0,0,0,0,0,0,0,0,0,0,0,0,0,0,0,0,0,0,0,0,0,0,0,0,0,0,0,0,0,0,0,0,0,0,0,0,0,0,0,0,0,0,0,0,0,0,0,0,0,0,0,0,0,0,0,0,0,0,0,0,0,0,0,0,0,0,0,0,0,0,0,0,0,0,0,0,0,0,0,0,0,0.478617710583153,7,0,0.0444924406047516,0.523110151187905,578.75,578.75
"275","2010-2014","Hong Kong",0.008207343412527,0.416414686825054,0.0444924406047516,0.00345572354211663,0.000863930885529158,0.00345572354211663,0,0,0,0,0,0,0,0.405183585313175,0.0107991360691145,0,0,0,0.00345572354211663,0.0505399568034557,0.008207343412527,0,0,0,0.000431965442764579,0,0,0,0,0,0,0,0,0,0,0,0,0,0,0,0,0,0,0,0,0,0,0,0,0,0,0,0,0,0,0,0,0,0,0,0,0,0,0,0,0,0,0,0,0,0,0,0,0,0,0,0,0,0,0,0,0,0,0,0,0,0,0,0,0,0,0,0,0,0,0,0,0,0,0,0,0,0,0,0,0,0,0,0,0,0,0,0,0,0,0,0,0,0,0,0,0,0,0,0,0,0,0,0,0,0,0,0,0,0,0,0,0,0,0,0,0,0,0,0,0,0,0,0,0,0,0,0,0,0,0,0,0,0,0,0,0,0,0,0,0,0,0,0,0,0,0,0.478617710583153,5.6,0,0.0444924406047516,0.523110151187905,463,463
"276","1995-1999","Hungary",0,0.865384615384615,0,0,0,0,0,0,0,0,0,0,0,0,0,0,0,0,0,0,0,0,0,0,0,0,0,0,0,0,0,0,0,0,0,0,0,0,0,0,0,0,0,0,0,0,0,0,0,0,0,0,0,0,0,0,0,0,0,0,0,0,0,0,0,0,0,0,0,0,0,0,0,0,0,0,0,0,0,0,0,0,0,0,0,0,0,0,0,0,0,0,0,0,0,0,0,0,0,0,0,0,0,0,0,0,0,0,0,0,0,0,0,0,0,0,0,0,0,0,0,0,0,0,0,0,0,0,0,0,0,0,0,0,0,0,0,0,0,0,0,0,0,0,0,0,0,0,0,0,0,0,0,0,0,0,0,0,0,0,0,0,0,0,0,0,0,0,0,0,0,0,0,0,0.134615384615385,0,0.134615384615385,52,52
"277","2005-2009","Hungary",0.0333333333333333,0.966666666666667,0,0,0,0,0,0,0,0,0,0,0,0,0,0,0,0,0,0,0,0,0,0,0,0,0,0,0,0,0,0,0,0,0,0,0,0,0,0,0,0,0,0,0,0,0,0,0,0,0,0,0,0,0,0,0,0,0,0,0,0,0,0,0,0,0,0,0,0,0,0,0,0,0,0,0,0,0,0,0,0,0,0,0,0,0,0,0,0,0,0,0,0,0,0,0,0,0,0,0,0,0,0,0,0,0,0,0,0,0,0,0,0,0,0,0,0,0,0,0,0,0,0,0,0,0,0,0,0,0,0,0,0,0,0,0,0,0,0,0,0,0,0,0,0,0,0,0,0,0,0,0,0,0,0,0,0,0,0,0,0,0,0,0,0,0,0,0,0,0,0,0,0,0,0,0,20,20
"278","2010-2014","Hungary",0.0355493998153278,0.88134810710988,0,0.00554016620498615,0.038781163434903,0.00554016620498615,0,0,0,0,0,0,0,0.0166204986149584,0.0166204986149584,0,0,0,0,0,0,0,0,0,0,0,0,0,0,0,0,0,0,0,0,0,0,0,0,0,0,0,0,0,0,0,0,0,0,0,0,0,0,0,0,0,0,0,0,0,0,0,0,0,0,0,0,0,0,0,0,0,0,0,0,0,0,0,0,0,0,0,0,0,0,0,0,0,0,0,0,0,0,0,0,0,0,0,0,0,0,0,0,0,0,0,0,0,0,0,0,0,0,0,0,0,0,0,0,0,0,0,0,0,0,0,0,0,0,0,0,0,0,0,0,0,0,0,0,0,0,0,0,0,0,0,0,0,0,0,0,0,0,0,0,0,0,0,0,0,0,0,0,0,0,0,0,0,0,0,0,0,0.0332409972299169,0,0,0,0.0332409972299169,144.4,144.4
"279","2015-2019","Hungary",0.0432461292044848,0.825947677522691,0.00266951414842499,0.00320341697810998,0.0704751735184197,0.00320341697810998,0,0,0,0,0,0,0,0.0256273358248799,0.0149492792311799,0,0,0,0.00266951414842499,0,0,0,0,0,0,0,0,0,0,0,0,0,0,0,0,0,0,0,0,0,0,0,0,0,0,0,0,0,0,0,0,0,0,0,0,0,0,0,0,0,0,0,0,0,0,0,0,0,0,0,0,0,0,0,0,0,0,0,0,0,0,0,0,0,0,0,0,0,0,0,0,0,0,0,0,0,0,0,0,0,0,0,0,0,0,0,0,0,0,0,0,0,0,0,0,0,0,0,0,0,0,0,0,0,0,0,0,0,0,0,0,0,0,0,0,0,0,0,0,0,0,0,0,0,0,0,0,0,0,0,0,0,0,0,0,0,0,0,0,0,0,0,0,0,0,0,0,0,0,0,0,0,0.0432461292044848,0,0,0.00800854244527496,0.0512546716497597,371.6,374.6
"280","1990-1994","Iceland",0.0652173913043478,0.630434782608696,0.1,0.0130434782608696,0,0,0,0,0,0,0,0,0,0.0956521739130435,0.0652173913043478,0,0,0,0.00434782608695652,0,0,0,0,0,0,0,0.00434782608695652,0,0.00869565217391304,0,0,0,0,0,0,0,0,0,0,0,0,0,0,0,0,0,0,0,0,0,0,0,0.00434782608695652,0,0,0,0,0.00869565217391304,0,0,0,0,0,0,0,0,0,0,0,0,0,0,0,0,0,0,0,0,0,0,0,0,0,0,0,0,0,0,0,0,0,0,0,0,0,0,0,0,0,0,0,0,0,0,0,0,0,0,0,0,0,0,0,0,0,0,0,0,0,0,0,0,0,0,0,0,0,0,0,0,0,0,0,0,0,0,0,0,0,0,0,0,0,0,0,0,0,0,0,0,0,0,0,0,0,0,0,0,0,0,0,0,0,0,0,0,0,0,0,0,0,0,0.191304347826087,0,0,0,0.191304347826087,21.9047619047619,21.9047619047619
"281","1995-1999","Iceland",0.0652173913043478,0.630434782608696,0.1,0.0130434782608696,0,0,0,0,0,0,0,0,0,0.0956521739130435,0.0652173913043478,0,0,0,0.00434782608695652,0,0,0,0,0,0,0,0.00434782608695652,0,0.00869565217391304,0,0,0,0,0,0,0,0,0,0,0,0,0,0,0,0,0,0,0,0,0,0,0,0.00434782608695652,0,0,0,0,0.00869565217391304,0,0,0,0,0,0,0,0,0,0,0,0,0,0,0,0,0,0,0,0,0,0,0,0,0,0,0,0,0,0,0,0,0,0,0,0,0,0,0,0,0,0,0,0,0,0,0,0,0,0,0,0,0,0,0,0,0,0,0,0,0,0,0,0,0,0,0,0,0,0,0,0,0,0,0,0,0,0,0,0,0,0,0,0,0,0,0,0,0,0,0,0,0,0,0,0,0,0,0,0,0,0,0,0,0,0,0,0,0,0,0,0,0,0,0.191304347826087,0,0,0,0.191304347826087,54.7619047619048,54.7619047619048
"282","2000-2004","Iceland",0.0652173913043478,0.630434782608696,0.1,0.0130434782608696,0,0,0,0,0,0,0,0,0,0.0956521739130435,0.0652173913043478,0,0,0,0.00434782608695652,0,0,0,0,0,0,0,0.00434782608695652,0,0.00869565217391304,0,0,0,0,0,0,0,0,0,0,0,0,0,0,0,0,0,0,0,0,0,0,0,0.00434782608695652,0,0,0,0,0.00869565217391304,0,0,0,0,0,0,0,0,0,0,0,0,0,0,0,0,0,0,0,0,0,0,0,0,0,0,0,0,0,0,0,0,0,0,0,0,0,0,0,0,0,0,0,0,0,0,0,0,0,0,0,0,0,0,0,0,0,0,0,0,0,0,0,0,0,0,0,0,0,0,0,0,0,0,0,0,0,0,0,0,0,0,0,0,0,0,0,0,0,0,0,0,0,0,0,0,0,0,0,0,0,0,0,0,0,0,0,0,0,0,0,0,0,0,0.191304347826087,0,0,0,0.191304347826087,54.7619047619048,54.7619047619048
"283","2005-2009","Iceland",0.0652173913043478,0.630434782608696,0.1,0.0130434782608696,0,0,0,0,0,0,0,0,0,0.0956521739130435,0.0652173913043478,0,0,0,0.00434782608695652,0,0,0,0,0,0,0,0.00434782608695652,0,0.00869565217391304,0,0,0,0,0,0,0,0,0,0,0,0,0,0,0,0,0,0,0,0,0,0,0,0.00434782608695652,0,0,0,0,0.00869565217391304,0,0,0,0,0,0,0,0,0,0,0,0,0,0,0,0,0,0,0,0,0,0,0,0,0,0,0,0,0,0,0,0,0,0,0,0,0,0,0,0,0,0,0,0,0,0,0,0,0,0,0,0,0,0,0,0,0,0,0,0,0,0,0,0,0,0,0,0,0,0,0,0,0,0,0,0,0,0,0,0,0,0,0,0,0,0,0,0,0,0,0,0,0,0,0,0,0,0,0,0,0,0,0,0,0,0,0,0,0,0,0,0,0,0,0.191304347826087,0,0,0,0.191304347826087,54.7619047619048,54.7619047619048
"284","2010-2014","Iceland",0.0652173913043478,0.630434782608696,0.1,0.0130434782608696,0,0,0,0,0,0,0,0,0,0.0956521739130435,0.0652173913043478,0,0,0,0.00434782608695652,0,0,0,0,0,0,0,0.00434782608695652,0,0.00869565217391304,0,0,0,0,0,0,0,0,0,0,0,0,0,0,0,0,0,0,0,0,0,0,0,0.00434782608695652,0,0,0,0,0.00869565217391304,0,0,0,0,0,0,0,0,0,0,0,0,0,0,0,0,0,0,0,0,0,0,0,0,0,0,0,0,0,0,0,0,0,0,0,0,0,0,0,0,0,0,0,0,0,0,0,0,0,0,0,0,0,0,0,0,0,0,0,0,0,0,0,0,0,0,0,0,0,0,0,0,0,0,0,0,0,0,0,0,0,0,0,0,0,0,0,0,0,0,0,0,0,0,0,0,0,0,0,0,0,0,0,0,0,0,0,0,0,0,0,0,0,0,0.191304347826087,0,0,0,0.191304347826087,43.8095238095238,43.8095238095238
"285","1990-1994","India",0.0217391304347826,0.0217391304347826,0.956521739130435,0,0,0,0,0,0,0,0,0,0,0,0,0,0,0,0,0,0,0,0,0,0,0,0,0,0,0,0,0,0,0,0,0,0,0,0,0,0,0,0,0,0,0,0,0,0,0,0,0,0,0,0,0,0,0,0,0,0,0,0,0,0,0,0,0,0,0,0,0,0,0,0,0,0,0,0,0,0,0,0,0,0,0,0,0,0,0,0,0,0,0,0,0,0,0,0,0,0,0,0,0,0,0,0,0,0,0,0,0,0,0,0,0,0,0,0,0,0,0,0,0,0,0,0,0,0,0,0,0,0,0,0,0,0,0,0,0,0,0,0,0,0,0,0,0,0,0,0,0,0,0,0,0,0,0,0,0,0,0,0,0,0,0,0,0,0,0,0,0,0,0,0,0,0,23,23
"286","1995-1999","India",0.00752508361204013,0.0989409141583055,0.884057971014493,0,0,0,0,0,0,0,0,0,0,0,0,0,0,0,0,0,0,0,0,0,0,0,0,0,0,0,0,0,0,0,0,0,0,0,0,0,0,0,0,0,0,0,0,0,0,0,0,0,0,0,0,0,0,0,0,0,0,0,0,0,0,0,0,0,0,0,0,0,0,0,0,0,0,0,0,0,0,0,0,0,0,0,0,0,0,0,0,0,0,0,0,0,0,0,0,0,0,0,0,0,0,0,0,0,0,0,0,0,0,0,0,0,0,0,0,0,0,0,0,0,0,0,0,0,0,0,0,0,0,0,0,0,0,0,0,0,0,0,0,0,0,0,0,0,0,0,0,0,0,0,0,0,0,0,0,0,0,0,0,0,0,0,0,0,0,0,0,0,0,0,0.00947603121516165,0,0.00947603121516165,358.8,358.8
"287","2000-2004","India",0.0127225775049687,0.00456985249381447,0.977069615889026,0,0,0,0,0,0,0,0,0,0,0.00182523694279572,0,0,0,0,0.00040560820951016,0,0,0,0,0,0,0,0,0,0,0,0,0,0,0,0,0,0,0,0,0,0,0,0,0,0,0,0,0,0,0,0,0,0,0,0,0,0,0,0,0,0,0,0,0,0,0,0,0,0,0,0,0,0,0,0,0,0,0,0,0,0,0,0,0,0,0,0,0,0,0,0,0,0,0,0,0,0,0,0,0,0,0,0,0,0,0,0,0,0,0,0,0,0,0,0,0,0,0,0,0,0,0,0,0,0,0,0,0,0,0,0,0,0,0,0,0,0,0,0,0,0,0,0,0,0,0,0,0,0,0,0,0,0,0,0,0,0,0,0,0,0,0,0,0,0,0,0,0,0,0,0,0,0.00223084515230588,0,0.00340710895988535,0,0.00563795411219123,1065.61428571429,1056.61428571429
"288","2005-2009","India",0.0105234562032022,0.00965753773536852,0.970932305550368,0,0,0,0,0,0,0,0,0,0,0.000967791228755285,0,0,0,0,0.000407491043686436,0,0,0,0,0,0,0,0,0,0,0,0,0,0,0,0,0,0,0,0,0,0,0,0,0,0,0,0,0,0,0,0,0,0,0,0,0,0,0,0,0,0,0,0,0,0,0,0,0,0,0,0,0,0,0,0,0,0,0,0,0,0,0,0,0,0,0,0,0,0,0,0,0,0,0,0,0,0,0,0,0,0,0,0,0,0,0,0,0,0,0,0,0,0,0,0,0,0,0,0,0,0,0,0,0,0,0,0,0,0,0,0,0,0,0,0,0,0,0,0,0,0,0,0,0,0,0,0,0,0,0,0,0,0,0,0,0,0,0,0,0,0,0,0,0,0,0,0,0,0,0,0,0,0.00137528227244172,0,0.00751141823861996,0,0.00888670051106168,1411.30952380952,1402.30952380952
"289","2010-2014","India",0.0122606737853968,0.0272451755489892,0.914023576627487,0,0,0,0,0,0,0,0,0,0,0.000517182527505491,0,0,0,0,0,0,0,0,0,0,0,0,0,0,0,0,0,0,0,0,0,0,0,0,0,0,0,0,0,0,0,0,0,0,0,0,0,0,0,0,0,0,0,0,0,0,0,0,0,0,0,0,0,0,0,0,0,0,0,0,0,0,0,0,0,0,0,0,0,0,0,0,0,0,0,0,0,0,0,0,0,0,0,0,0,0,0,0,0,0,0,0,0,0,0,0,0,0,0,0,0,0,0,0,0,0,0,0,0,0,0,0,0,0,0,0,0,0,0,0,0,0,0,0,0,0,0,0,0,0,0,0,0,0,0,0,0,0,0,0,0,0,0,0,0,0,0,0,0,0,0,0,0,0,0,0,0,0,0.000517182527505491,0,0.039436891664052,0.00651649984656918,0.0464705740381267,1413.60952380952,1381.10952380952
"290","2015-2019","India",0.00689878193381481,0.00194028241888542,0.971758111458446,0,0,0,0,0,0,0,0,0,0,0.00323380403147569,0,0,0,0,0,0,0,0,0,0,0,0,0,0,0,0,0,0,0,0,0,0,0,0,0,0,0,0,0,0,0,0,0,0,0,0,0,0,0,0,0,0,0,0,0,0,0,0,0,0,0,0,0,0,0,0,0,0,0,0,0,0,0,0,0,0,0,0,0,0,0,0,0,0,0,0,0,0,0,0,0,0,0,0,0,0,0,0,0,0,0,0,0,0,0,0,0,0,0,0,0,0,0,0,0,0,0,0,0,0,0,0,0,0,0,0,0,0,0,0,0,0,0,0,0,0,0,0,0,0,0,0,0,0,0,0,0,0,0,0,0,0,0,0,0,0,0,0,0,0,0,0,0,0,0,0,0,0,0.00323380403147569,0,0.0135819769321979,0.00258704322518055,0.0194028241888542,1546.66666666667,1546.16666666667
"291","2005-2009","Indonesia",0.0035650623885918,0,0.0053475935828877,0,0,0,0,0,0,0,0,0,0,0.985739750445633,0.0053475935828877,0,0,0,0,0,0,0,0,0,0,0,0,0,0,0,0,0,0,0,0,0,0,0,0,0,0,0,0,0,0,0,0,0,0,0,0,0,0,0,0,0,0,0,0,0,0,0,0,0,0,0,0,0,0,0,0,0,0,0,0,0,0,0,0,0,0,0,0,0,0,0,0,0,0,0,0,0,0,0,0,0,0,0,0,0,0,0,0,0,0,0,0,0,0,0,0,0,0,0,0,0,0,0,0,0,0,0,0,0,0,0,0,0,0,0,0,0,0,0,0,0,0,0,0,0,0,0,0,0,0,0,0,0,0,0,0,0,0,0,0,0,0,0,0,0,0,0,0,0,0,0,0,0,0,0,0,0,0.991087344028521,0,0,0,0.991087344028521,187,187
"292","2010-2014","Indonesia",0.00125549278091651,0.273069679849341,0,0,0,0,0,0,0,0,0,0,0,0.650345260514752,0.0188323917137476,0,0,0,0,0,0,0,0,0,0,0,0,0,0,0,0,0,0,0,0,0,0,0,0,0,0,0,0,0,0,0,0,0,0,0,0,0,0,0,0,0,0,0,0,0,0,0,0,0,0,0,0,0,0,0,0,0,0,0,0,0,0,0,0,0,0,0,0,0,0,0,0,0,0,0,0,0,0,0,0,0,0,0,0,0,0,0,0,0,0,0,0,0,0,0,0,0,0,0,0,0,0,0,0,0,0,0,0,0,0,0,0,0,0,0,0,0,0,0,0,0,0,0,0,0,0,0,0,0,0,0,0,0,0,0,0,0,0,0,0,0,0,0,0,0,0,0,0,0,0,0,0,0,0,0,0,0.0112994350282486,0.680477087256748,0,0.0414312617702448,0.00376647834274953,0.725674827369743,274,265.5
"293","2015-2019","Indonesia",0.00696459663377829,0.0737086477074869,0.00232153221125943,0,0,0,0,0,0,0,0,0,0,0.871735345327916,0.0116076610562972,0,0,0,0,0,0,0,0,0,0,0,0,0,0,0,0,0,0,0,0,0,0,0,0,0,0,0,0,0,0,0,0,0,0,0,0,0,0,0,0,0,0,0,0,0,0,0,0,0,0.00348229831688915,0,0,0,0,0,0,0,0,0,0,0,0,0,0,0,0,0,0,0,0,0,0,0,0,0,0,0,0,0,0,0,0,0,0,0,0,0,0,0,0,0,0,0,0,0,0,0,0,0,0,0,0,0,0,0,0,0,0,0,0,0,0,0,0,0,0,0,0,0,0,0,0,0,0,0,0,0,0,0,0,0,0,0,0,0,0,0,0,0,0,0,0,0,0,0,0,0,0,0,0,0,0,0,0,0,0,0,0.886825304701103,0,0.0139291932675566,0.016250725478816,0.917005223447475,869,861.5
"294","2000-2004","Iran (Islamic Republic of)",0.754098360655738,0.245901639344262,0,0,0,0,0,0,0,0,0,0,0,0,0,0,0,0,0,0,0,0,0,0,0,0,0,0,0,0,0,0,0,0,0,0,0,0,0,0,0,0,0,0,0,0,0,0,0,0,0,0,0,0,0,0,0,0,0,0,0,0,0,0,0,0,0,0,0,0,0,0,0,0,0,0,0,0,0,0,0,0,0,0,0,0,0,0,0,0,0,0,0,0,0,0,0,0,0,0,0,0,0,0,0,0,0,0,0,0,0,0,0,0,0,0,0,0,0,0,0,0,0,0,0,0,0,0,0,0,0,0,0,0,0,0,0,0,0,0,0,0,0,0,0,0,0,0,0,0,0,0,0,0,0,0,0,0,0,0,0,0,0,0,0,0,0,0,0,0,0,0,0,0,0,0,0,61,61
"295","2005-2009","Iran (Islamic Republic of)",0.16036308623298,0.21482602118003,0.010590015128593,0,0,0.00302571860816944,0,0,0,0,0,0,0,0.0121028744326778,0,0,0,0,0,0,0,0,0,0,0,0,0,0,0,0,0,0,0,0,0,0,0,0,0,0,0,0.00302571860816944,0,0,0,0,0,0.535552193645991,0,0,0,0,0,0,0,0,0,0,0,0,0,0,0,0,0,0,0,0,0,0,0,0,0,0,0,0,0,0,0,0,0,0,0,0,0,0,0,0,0,0,0,0,0,0,0,0,0,0,0,0,0,0,0,0,0,0,0,0,0,0,0,0,0,0,0,0,0,0,0,0,0,0,0,0,0,0,0,0,0,0,0,0,0,0,0,0,0,0,0,0,0,0,0,0,0,0,0,0,0,0,0,0,0,0,0,0,0,0,0,0,0,0,0,0,0,0,0,0,0,0,0,0,0.550680786686838,0,0,0.0605143721633888,0.611195158850227,330.5,330.5
"296","2010-2014","Iran (Islamic Republic of)",0.00663067159230842,0.0888509993369328,0.00464147011461589,0,0,0,0,0,0,0,0,0,0,0.00397840295538505,0,0,0,0,0,0,0,0,0,0,0,0,0,0,0,0,0,0,0,0,0,0,0,0,0,0,0.00265226863692337,0.00265226863692337,0,0,0,0,0,0.890593918726911,0,0,0,0,0,0,0,0,0,0,0,0,0,0,0,0,0,0,0,0,0,0,0,0,0,0,0,0,0,0,0,0,0,0,0,0,0,0,0,0,0,0,0,0,0,0,0,0,0,0,0,0,0,0,0,0,0,0,0,0,0,0,0,0,0,0,0,0,0,0,0,0,0,0,0,0,0,0,0,0,0,0,0,0,0,0,0,0,0,0,0,0,0,0,0,0,0,0,0,0,0,0,0,0,0,0,0,0,0,0,0,0,0,0,0,0,0,0,0,0,0,0,0,0,0.899876858956143,0,0,0,0.899876858956143,754.071428571429,754.071428571429
"297","2015-2019","Iran (Islamic Republic of)",0.0119072932170955,0.0267914097384648,0.00595364660854774,0,0,0,0,0,0,0,0,0,0,0.0089304699128216,0,0,0,0,0,0,0,0,0,0,0,0,0,0,0,0,0,0,0,0,0,0,0,0,0,0,0,0,0,0,0,0,0,0.94641718052307,0,0,0,0,0,0,0,0,0,0,0,0,0,0,0,0,0,0,0,0,0,0,0,0,0,0,0,0,0,0,0,0,0,0,0,0,0,0,0,0,0,0,0,0,0,0,0,0,0,0,0,0,0,0,0,0,0,0,0,0,0,0,0,0,0,0,0,0,0,0,0,0,0,0,0,0,0,0,0,0,0,0,0,0,0,0,0,0,0,0,0,0,0,0,0,0,0,0,0,0,0,0,0,0,0,0,0,0,0,0,0,0,0,0,0,0,0,0,0,0,0,0,0,0,0.955347650435892,0,0,0,0.955347650435892,335.928571428571,335.928571428571
"298","2020-2022","Iran (Islamic Republic of)",0.0512820512820513,0,0,0,0,0,0,0,0,0,0,0,0,0,0,0,0,0,0,0,0,0,0,0,0,0,0,0,0,0,0,0,0,0,0,0,0,0,0,0,0,0,0,0,0,0,0,0.948717948717949,0,0,0,0,0,0,0,0,0,0,0,0,0,0,0,0,0,0,0,0,0,0,0,0,0,0,0,0,0,0,0,0,0,0,0,0,0,0,0,0,0,0,0,0,0,0,0,0,0,0,0,0,0,0,0,0,0,0,0,0,0,0,0,0,0,0,0,0,0,0,0,0,0,0,0,0,0,0,0,0,0,0,0,0,0,0,0,0,0,0,0,0,0,0,0,0,0,0,0,0,0,0,0,0,0,0,0,0,0,0,0,0,0,0,0,0,0,0,0,0,0,0,0,0,0.948717948717949,0,0,0,0.948717948717949,19.5,19.5
"299","2000-2004","Ireland",0.0311320754716981,0.516981132075472,0.257547169811321,0.010377358490566,0.00660377358490566,0.0339622641509434,0.000943396226415094,0,0,0,0,0,0,0.0330188679245283,0.0556603773584906,0,0,0,0.0141509433962264,0,0,0,0,0,0,0,0.00377358490566038,0,0,0,0.000943396226415094,0,0,0,0,0,0,0,0,0,0,0,0,0,0,0,0,0,0,0,0,0,0,0,0,0,0,0,0,0,0,0,0,0,0,0,0,0,0,0,0,0,0,0,0,0,0,0,0,0,0,0,0,0,0,0,0,0,0,0,0,0,0,0,0,0,0,0,0,0,0,0,0,0,0,0,0,0,0,0,0,0,0,0,0,0,0,0,0,0,0,0,0,0,0,0,0,0,0,0,0,0,0,0,0,0,0,0,0,0,0,0,0,0,0,0,0,0,0,0,0,0,0,0,0,0,0,0,0,0,0,0,0,0,0,0,0,0,0,0,0,0,0.107547169811321,0,0,0.0349056603773585,0.142452830188679,212,212
"300","2005-2009","Ireland",0.0311320754716981,0.516981132075472,0.257547169811321,0.010377358490566,0.00660377358490566,0.0339622641509434,0.000943396226415094,0,0,0,0,0,0,0.0330188679245283,0.0556603773584906,0,0,0,0.0141509433962264,0,0,0,0,0,0,0,0.00377358490566038,0,0,0,0.000943396226415094,0,0,0,0,0,0,0,0,0,0,0,0,0,0,0,0,0,0,0,0,0,0,0,0,0,0,0,0,0,0,0,0,0,0,0,0,0,0,0,0,0,0,0,0,0,0,0,0,0,0,0,0,0,0,0,0,0,0,0,0,0,0,0,0,0,0,0,0,0,0,0,0,0,0,0,0,0,0,0,0,0,0,0,0,0,0,0,0,0,0,0,0,0,0,0,0,0,0,0,0,0,0,0,0,0,0,0,0,0,0,0,0,0,0,0,0,0,0,0,0,0,0,0,0,0,0,0,0,0,0,0,0,0,0,0,0,0,0,0,0,0,0.107547169811321,0,0,0.0349056603773585,0.142452830188679,848,848
"301","2010-2014","Ireland",0.0264285714285714,0.504285714285714,0.224285714285714,0.00357142857142857,0.0157142857142857,0.0592857142857143,0.000714285714285714,0.00142857142857143,0.00214285714285714,0,0,0,0,0.0792857142857143,0.0828571428571429,0,0,0,0,0,0,0,0,0,0,0,0,0,0,0,0,0,0,0,0,0,0,0,0,0,0,0,0,0,0,0,0,0,0,0,0,0,0,0,0,0,0,0,0,0,0,0,0,0,0,0,0,0,0,0,0,0,0,0,0,0,0,0,0,0,0,0,0,0,0,0,0,0,0,0,0,0,0,0,0,0,0,0,0,0,0,0,0,0,0,0,0,0,0,0,0,0,0,0,0,0,0,0,0,0,0,0,0,0,0,0,0,0,0,0,0,0,0,0,0,0,0,0,0,0,0,0,0,0,0,0,0,0,0,0,0,0,0,0,0,0,0,0,0,0,0,0,0,0,0,0,0,0,0,0,0,0,0.162142857142857,0,0,0,0.162142857142857,1400,1400
"302","2015-2019","Ireland",0.0136986301369863,0.555772994129158,0.209393346379648,0.00587084148727984,0.0195694716242661,0.0332681017612524,0.00195694716242661,0.00391389432485323,0.00391389432485323,0,0,0,0,0.0782778864970646,0.0743639921722113,0,0,0,0,0,0,0,0,0,0,0,0,0,0,0,0,0,0,0,0,0,0,0,0,0,0,0,0,0,0,0,0,0,0,0,0,0,0,0,0,0,0,0,0,0,0,0,0,0,0,0,0,0,0,0,0,0,0,0,0,0,0,0,0,0,0,0,0,0,0,0,0,0,0,0,0,0,0,0,0,0,0,0,0,0,0,0,0,0,0,0,0,0,0,0,0,0,0,0,0,0,0,0,0,0,0,0,0,0,0,0,0,0,0,0,0,0,0,0,0,0,0,0,0,0,0,0,0,0,0,0,0,0,0,0,0,0,0,0,0,0,0,0,0,0,0,0,0,0,0,0,0,0,0,0,0,0,0.152641878669276,0,0,0,0.152641878669276,511,511
"303","1980-1989","Israel",0.0287698412698413,0.249007936507936,0.620039682539683,0.00396825396825397,0.00496031746031746,0.00297619047619048,0,0,0,0,0,0,0,0.0228174603174603,0.0158730158730159,0,0,0,0,0,0,0,0,0,0,0,0,0,0,0,0,0,0,0,0,0,0,0,0,0,0,0,0,0,0,0,0,0,0,0,0,0,0,0,0,0,0,0,0,0,0,0,0,0,0,0,0,0,0,0,0,0,0,0,0,0,0,0,0,0,0,0,0,0,0,0,0,0,0,0,0,0,0,0,0,0,0,0,0,0,0,0,0,0,0,0,0,0,0,0,0,0,0,0,0,0,0,0,0,0,0,0,0,0,0,0,0,0,0,0,0,0,0,0,0,0,0,0,0,0,0,0,0,0,0,0,0,0,0,0,0,0,0,0,0,0,0,0,0,0,0,0,0,0,0,0,0,0,0,0,0,0,0.0386904761904762,0,0.0515873015873016,0,0.0902777777777778,183.272727272727,183.272727272727
"304","1990-1994","Israel",0.0287698412698413,0.249007936507936,0.620039682539683,0.00396825396825397,0.00496031746031746,0.00297619047619048,0,0,0,0,0,0,0,0.0228174603174603,0.0158730158730159,0,0,0,0,0,0,0,0,0,0,0,0,0,0,0,0,0,0,0,0,0,0,0,0,0,0,0,0,0,0,0,0,0,0,0,0,0,0,0,0,0,0,0,0,0,0,0,0,0,0,0,0,0,0,0,0,0,0,0,0,0,0,0,0,0,0,0,0,0,0,0,0,0,0,0,0,0,0,0,0,0,0,0,0,0,0,0,0,0,0,0,0,0,0,0,0,0,0,0,0,0,0,0,0,0,0,0,0,0,0,0,0,0,0,0,0,0,0,0,0,0,0,0,0,0,0,0,0,0,0,0,0,0,0,0,0,0,0,0,0,0,0,0,0,0,0,0,0,0,0,0,0,0,0,0,0,0,0.0386904761904762,0,0.0515873015873016,0,0.0902777777777778,229.090909090909,229.090909090909
"305","1995-1999","Israel",0.0723738891375232,0.429521313032597,0.453181656269694,0.00287705389680967,0.00321956031309653,0.0010275192488606,0,0,0,0,0,0,0,0.0139057605012467,0.00548010266058984,0,0,0,0,0,0,0,0,0,0,0,0,0,0,0,0,0,0,0,0,0,0,0,0,0,0,0,0,0,0,0,0,0,0,0,0,0,0,0,0,0,0,0,0,0,0,0,0,0,0,0,0,0,0,0,0,0,0,0,0,0,0,0,0,0,0,0,0,0,0,0,0,0,0,0,0,0,0,0,0,0,0,0,0,0,0,0,0,0,0,0,0,0,0,0,0,0,0,0,0,0,0,0,0,0,0,0,0,0,0,0,0,0,0,0,0,0,0,0,0,0,0,0,0,0,0,0,0,0,0,0,0,0,0,0,0,0,0,0,0,0,0,0,0,0,0,0,0,0,0,0,0,0,0,0,0,0,0.0193858631618366,0,0.0184131449395819,0,0.0377990081014184,663.557575757576,663.557575757576
"306","2000-2004","Israel",0.0900692095917964,0.346785603437504,0.45140414451382,0.00126971586580514,0.00674158662082253,0.00111855921511405,0,0,0,0,0,0,0,0.0799618682155857,0.00640904198930214,0,0,0,0,0,0,0,0,0,0,0,0,0,0,0,0,0,0,0,0,0,0,0,0,0,0,0,0,0,0,0,0,0,0,0,0,0,0,0,0,0,0,0,0,0,0,0,0,0,0,0,0,0,0,0,0,0,0,0,0,0,0,0,0,0,0,0,0,0,0,0,0,0,0,0,0,0,0,0,0,0,0,0,0,0,0,0,0,0,0,0,0,0,0,0,0,0,0,0,0,0,0,0,0,0,0,0,0,0,0,0,0,0,0,0,0,0,0,0,0,0,0,0,0,0,0,0,0,0,0,0,0,0,0,0,0,0,0,0,0,0,0,0,0,0,0,0,0,0,0,0,0,0,0,0,0,0,0.0863709102048878,0,0.0162402705502505,0,0.102611180755138,1503.55757575758,1503.55757575758
"307","2005-2009","Israel",0.0750415187867241,0.511637905598503,0.282449987776195,0.00197266925755136,0.000935753365761543,0.0041223729356522,0,0,0,0,0,0,0,0.0952192276241138,0.010672646495983,0.000556393893155512,0,0,0,0,0,0,0,0,0,0,0,0,0.000556393893155512,0,0,0,0,0,0,0,0,0,0,0,0,0,0,0,0,0,0,0,0,0,0,0,0,0,0,0,0,0,0,0,0,0,0,0,0,0,0,0,0,0,0,0,0,0,0,0,0,0,0,0,0,0,0,0,0,0,0,0,0,0,0,0,0,0,0,0,0,0,0,0,0,0,0,0,0,0,0,0,0,0,0,0,0,0,0,0,0,0,0,0,0,0,0,0,0,0,0,0,0,0,0,0,0,0,0,0,0,0,0,0,0,0,0,0,0,0,0,0,0,0,0,0,0,0,0,0,0,0,0,0,0,0,0,0,0,0,0,0,0,0,0,0,0.107004661906408,0,0.0168351303732054,0,0.123839792279613,1797.28787878788,1797.28787878788
"308","2010-2014","Israel",0.180994802215078,0.483851931583743,0.21932433516979,0,0,0.00042488705085898,0,0,0,0,0,0,0,0.0603339612219752,0.0224245943508906,0,0,0,0,0,0,0,0,0,0,0,0,0,0,0,0,0,0,0,0,0,0,0,0,0,0,0,0,0,0,0,0,0,0,0,0,0,0,0,0,0,0,0,0,0,0,0,0,0,0,0,0,0,0,0,0,0,0,0,0,0,0,0,0,0,0,0,0,0,0,0,0,0,0,0,0,0,0,0,0,0,0,0,0,0,0,0,0,0,0,0,0,0,0,0,0,0,0,0,0,0,0,0,0,0,0,0,0,0,0,0,0,0,0,0,0,0,0,0,0,0,0,0,0,0,0,0,0,0,0,0,0,0,0,0,0,0,0,0,0,0,0,0,0,0,0,0,0,0,0,0,0,0,0,0,0,0.00896983774035624,0.091728393313222,0,0.0236756506673087,0,0.115404043980531,2368.78888888889,2353.56666666667
"309","2015-2019","Israel",0.269558359621451,0.43869610935857,0.192166140904311,0,0,0,0,0,0,0,0,0,0,0.0151419558359621,0.041850683491062,0,0,0,0,0,0,0,0,0,0,0,0,0,0,0,0,0,0,0,0,0,0,0,0,0,0,0,0,0,0,0,0,0,0,0,0,0,0,0,0,0,0,0,0,0,0,0,0,0,0,0,0,0,0,0,0,0,0,0,0,0,0,0,0,0,0,0,0,0,0,0,0,0,0,0,0,0,0,0,0,0,0,0,0,0,0,0,0,0,0,0,0,0,0,0,0,0,0,0,0,0,0,0,0,0,0,0,0,0,0,0,0,0,0,0,0,0,0,0,0,0,0,0,0,0,0,0,0,0,0,0,0,0,0,0,0,0,0,0,0,0,0,0,0,0,0,0,0,0,0,0,0,0,0,0,0,0.0159831756046267,0.0729758149316509,0,0.0266035751840168,0,0.0995793901156677,1069.44444444444,1056.66666666667
"310","1980-1989","Italy",0.014441416893733,0.886376021798365,0.0128065395095368,0,0.0269754768392371,0.00626702997275204,0,0,0,0,0,0,0,0.00572207084468665,0.0291553133514986,0,0,0,0,0,0,0,0,0,0,0,0,0,0,0,0,0,0,0,0,0,0,0,0,0,0,0,0,0,0,0,0,0,0,0,0,0,0,0,0,0,0,0,0,0,0,0,0,0,0,0,0,0,0,0,0,0,0,0,0,0,0,0,0,0,0,0,0,0,0,0,0,0,0,0,0,0,0,0,0,0,0,0,0,0,0,0,0,0,0,0,0,0,0,0,0,0,0,0,0,0,0,0,0,0,0,0,0,0,0,0,0,0,0,0,0,0,0,0,0,0,0,0,0,0,0,0,0,0,0,0,0,0,0,0,0,0,0,0,0,0,0,0,0,0,0,0,0,0,0,0,0,0,0,0,0,0,0.0348773841961853,0,0.0182561307901907,0,0.053133514986376,1265.51724137931,1265.51724137931
"311","1990-1994","Italy",0.0151306402953701,0.8876351873836,0.0126311031726151,0.000236884237123844,0.0267924240609038,0.00713375518694795,0,0,0,0,0,0,0,0.00543200060990884,0.0276773364409641,0,0,0,0,0,0,0,0,0,0,0,0,0,0,0,0,0,0,0,0,0,0,0,0,0,0,0,0,0,0,0,0,0,0,0,0,0,0,0,0,0,0,0,0,0,0,0,0,0,0,0,0,0,0,0,0,0,0,0,0,0,0,0,0,0,0,0,0,0,0,0,0,0,0,0,0,0,0,0,0,0,0,0,0,0,0,0,0,0,0,0,0,0,0,0,0,0,0,0,0,0,0,0,0,0,0,0,0,0,0,0,0,0,0,0,0,0,0,0,0,0,0,0,0,0,0,0,0,0,0,0,0,0,0,0,0,0,0,0,0,0,0,0,0,0,0,0,0,0,0,0,0,0,0,0,0,0,0.0331093370508729,0,0.0173306686125663,0,0.0504400056634392,666.548094373866,666.548094373866
"312","1995-1999","Italy",0.0163614201088482,0.849272036445146,0.0192702420454858,0.00118614523339819,0.0367022178952559,0.0129137910361248,0,0,0,0,0,0,0,0.00706068453982791,0.0320474727109214,0.000212277168928404,0,0,0.00127366301357043,7.07590563094682e-05,0,0.000212277168928404,7.07590563094682e-05,0.000141518112618936,0.00463263703955518,0.000141518112618936,0,0,7.07590563094682e-05,0.000707590563094682,7.07590563094682e-05,0,0.000636831506785213,0,7.07590563094682e-05,0,0.000566072450475745,7.07590563094682e-05,0,0,7.07590563094682e-05,0.000326740348252544,0,0.000141518112618936,7.07590563094682e-05,7.07590563094682e-05,0,0,0,0.000141518112618936,0,0,0,0,0,0,0,0,0,0.000353795281547341,0,0.000141518112618936,7.07590563094682e-05,0,0.000141518112618936,0,0,0,0,0,0,0,0.00452857960380596,0,0,0.000141518112618936,0,0,0,0,0,0,7.07590563094682e-05,0.000495313394166277,0.000353795281547341,0,0,0,0,0,0,0,0,0,0,0,0,0,0,0,0,0,0,0,0,0,0.000141518112618936,0,0,0,0,0,0,0,0,0,0,0,0,0,0,0,0,0,0,0,0,0,0,0,0,0,0,0,0,0,0,0,0,0,0,0,0,0,0,0,0,0,0,0,0,0,0,0,0,0,0,0,0,0,0,0,0,0,0,0,0,0,0,0,0,0,0.0553182245917625,19.4285714285714,0.00897592264397874,0,0.0642941472357412,1346.38897598967,1345.94920007931
"313","2000-2004","Italy",0.00969574445071121,0.818404814272601,0.0381432371055875,0.000855817275568667,0.0471782996440162,0.00710259239934395,0,0.000237958949792263,0,0,0,0,0,0.00513777115632032,0.0537361529852345,0.000169970678423045,0,0,0.00157506162005355,5.66568928076818e-05,0,0.000368269803249932,5.66568928076818e-05,0.000113313785615364,0.00353205735279889,0.000113313785615364,0.000158639299861509,0,5.66568928076818e-05,0.000566568928076818,5.66568928076818e-05,0,0.000509912035269136,0,5.66568928076818e-05,0,0.000453255142461454,5.66568928076818e-05,0,0,5.66568928076818e-05,0.000296615497640216,0,0.000113313785615364,5.66568928076818e-05,5.66568928076818e-05,0,0,0,0.000113313785615364,0,0,0,0,0,0,0,0,0,0.000283284464038409,0,0.000113313785615364,5.66568928076818e-05,0,0.000113313785615364,0,0,0,0,0,0,0,0.00362604113969163,0,0,0.000113313785615364,0,0,0,0,0,0,5.66568928076818e-05,0.000396598249653772,0.000283284464038409,0,0,0,0,0,0,0,0,0,0,0,0,0,0,0,0,0,0,0,0,0,0.000113313785615364,0,0,0,0,0,0,0,0,0,0,0,0,0,0,0,0,0,0,0,0,0,0,0,0,0,0,0,0,0,0,0,0,0,0,0,0,0,0,0,0,0,0,0,0,0,0,0,0,0,0,0,0,0,0,0,0,0,0,0,0,0,0,0,0,0,0.072623218922619,48.5714285714286,0.00575831697976005,0,0.078381535902379,4234.15200119975,4202.40550260031
"314","2005-2009","Italy",0.0131152489629998,0.761339547318927,0.0531405666359981,0.00116006034487902,0.0567070739427367,0.0085372967877621,0,0,0,0,0,0,0,0.00514903387576802,0.0688086332813913,0.000189254448345983,0,0,0.00194805912164132,0.00255367335634846,0,0.000604352538384838,0.000116076061652203,0.000285143368841281,0.00400343664810941,0.000126169632230655,0.000353274970245834,0,6.30848161153276e-05,0.000630848161153276,0.000116076061652203,0,0.000567763345037948,0,6.30848161153276e-05,0,0.000610661019996371,0.000116076061652203,0,0,6.30848161153276e-05,0.000330267566721421,0,0.000126169632230655,6.30848161153276e-05,6.30848161153276e-05,0,0,0,0.000126169632230655,0,0,0,0,0,5.29912455368752e-05,0.00010598249107375,5.29912455368752e-05,0,0.000315424080576638,0,0.000126169632230655,6.30848161153276e-05,0,0.000126169632230655,0,0,0,0,0,0,0,0.00403742823138096,0,0,0.000126169632230655,0,0,0,0,0,0,6.30848161153276e-05,0.000441593712807293,0.000315424080576638,0,0,0,0,0,0,0,0,5.29912455368752e-05,0,0,0,0,0,0,0,0,0,0,0,0,0.000126169632230655,0,0,0,0,0,0,0,0,0,0,0,0,0,0,0,0,0,0,0,0,0,0,0,0,0,0,0,0,0,0,0,0,0,0,0,0,0,0,0,0,0,0,0,0,0,0,0,0,0,0,0,0,0,0,0,0,0,0,0,0,0,0,0,0,0,0.0930822373583899,51.3714285714286,0.0129179686483077,0,0.106000206006698,3806.75482251637,3774.20832391693
"315","2010-2014","Italy",0.0193688778616779,0.683629114509856,0.051797482490726,0.0028905660969597,0.0710860929266191,0.0163367353133808,0.000268755297454075,0,0.00151174854817917,0,0,0,0,0.0101088127008776,0.0876217080786235,0.0012525916542056,0,0,0.00533671233515948,0.00518793708121169,0,0.00102222997067353,0.000148775253947791,0.000398333744440861,0.0109081620966142,9.59840348050267e-05,0.000806265892362224,0.000100783236545278,4.79920174025133e-05,0.00249558490493069,0.000148775253947791,0,0.000532711393167898,0,4.79920174025133e-05,0,0.000585502612310663,0.000148775253947791,0,0,0.00075347467321946,0.000251252326401393,0,0.00301869789461809,4.79920174025133e-05,4.79920174025133e-05,0,0,0.000201566473090556,9.59840348050267e-05,0,0,0,0,0,0.000100783236545278,0.000201566473090556,0.000100783236545278,0.000201566473090556,0.000239960087012567,0,9.59840348050267e-05,4.79920174025133e-05,0,9.59840348050267e-05,0,0,0,0,0,0,0,0.00307148911376085,0,0,9.59840348050267e-05,0,0,0,0,0,0,4.79920174025133e-05,0.000335944121817593,0.000239960087012567,0,0,0,0,0,0,0,0,0.000100783236545278,0,0,0,0,0,0,0,0,0,0,0,0,9.59840348050267e-05,0,0,0,0,0,0,0,0,0,0,0,0,0,0,0,0,0,0,0,0,0,0,0,0,0,0,0,0,0,0,0,0,0,0,0,0,0,0,0,0,0,0,0,0,0,0,0,0,0,0,0,0,0,0,0,0,0,0,0,0,0,0,0,0,0,0.136485345208962,60.2380952380952,0.0166252817461848,0,0.153110626955147,4935.38901732942,4961.14251872998
"316","2015-2019","Italy",0.0241175732680416,0.646687540271509,0.0369476591837941,0.00293201372173055,0.0692297681989923,0.016223780722746,0.000329608083178702,0,0.000247206062384027,0,0,0,0,0.0111039146609672,0.0885234522587856,0.00151855152607331,0,0,0.0063473099446413,0.00755979682204867,0,0.00188582910447243,0.000242497375481474,0.000633318388393364,0.00868673101316039,0.000188347476102116,0,0.000247206062384027,9.41737380510578e-05,0.000941737380510578,0.000242497375481474,0,0.00109476970484355,0,9.41737380510578e-05,0,0.00105003717926929,0.000242497375481474,0,0,0.000341379800435085,0.000405778018367058,0,0.000435553538486142,9.41737380510578e-05,9.41737380510578e-05,0,0,0.000494412124768053,0.000188347476102116,0,0,0,0,0,0.000148323637430416,0.000296647274860832,0.000148323637430416,0.000494412124768053,0.000470868690255289,0,0.000188347476102116,9.41737380510578e-05,0,0.000188347476102116,0,0,0,0,0,0,0,0.0060271192352677,0,0,0.000188347476102116,0,0,0,0,0,0,9.41737380510578e-05,0.000659216166357405,0.000470868690255289,0,0,0,0,0,0,0,0,0.000148323637430416,0,0,0,0,0,0,0,0,0,0,0,0,0.000188347476102116,0,0,0,0,0,0,0,0,0,0,0,0,0,0,0,0,0,0,0,0,0,0,0,0,0,0,0,0,0,0,0,0,0,0,0,0,0,0,0,0,0,0,0,0,0,0,0,0,0,0,0,0,0,0,0,0,0,0,0,0,0,0,0,0,0,0.142556500033025,45.3904761904762,0.0607283504545984,0,0.203284850487624,2050.62484721161,2022.6041189203
"317","2020-2022","Italy",0.0585365853658537,0.634146341463415,0.0731707317073171,0,0.102439024390244,0,0,0,0,0,0,0,0,0,0.0878048780487805,0,0,0,0,0,0,0,0,0,0.0439024390243902,0,0,0,0,0,0,0,0,0,0,0,0,0,0,0,0,0,0,0,0,0,0,0,0,0,0,0,0,0,0,0,0,0,0,0,0,0,0,0,0,0,0,0,0,0,0,0,0,0,0,0,0,0,0,0,0,0,0,0,0,0,0,0,0,0,0,0,0,0,0,0,0,0,0,0,0,0,0,0,0,0,0,0,0,0,0,0,0,0,0,0,0,0,0,0,0,0,0,0,0,0,0,0,0,0,0,0,0,0,0,0,0,0,0,0,0,0,0,0,0,0,0,0,0,0,0,0,0,0,0,0,0,0,0,0,0,0,0,0,0,0,0,0,0,0,0,0,0.131707317073171,0,0,0,0.131707317073171,28.625,25.625
"318","2005-2009","Jamaica",0,1,0,0,0,0,0,0,0,0,0,0,0,0,0,0,0,0,0,0,0,0,0,0,0,0,0,0,0,0,0,0,0,0,0,0,0,0,0,0,0,0,0,0,0,0,0,0,0,0,0,0,0,0,0,0,0,0,0,0,0,0,0,0,0,0,0,0,0,0,0,0,0,0,0,0,0,0,0,0,0,0,0,0,0,0,0,0,0,0,0,0,0,0,0,0,0,0,0,0,0,0,0,0,0,0,0,0,0,0,0,0,0,0,0,0,0,0,0,0,0,0,0,0,0,0,0,0,0,0,0,0,0,0,0,0,0,0,0,0,0,0,0,0,0,0,0,0,0,0,0,0,0,0,0,0,0,0,0,0,0,0,0,0,0,0,0,0,0,0,0,0,0,0,0,0,0,92,92
"319","2010-2014","Jamaica",0,1,0,0,0,0,0,0,0,0,0,0,0,0,0,0,0,0,0,0,0,0,0,0,0,0,0,0,0,0,0,0,0,0,0,0,0,0,0,0,0,0,0,0,0,0,0,0,0,0,0,0,0,0,0,0,0,0,0,0,0,0,0,0,0,0,0,0,0,0,0,0,0,0,0,0,0,0,0,0,0,0,0,0,0,0,0,0,0,0,0,0,0,0,0,0,0,0,0,0,0,0,0,0,0,0,0,0,0,0,0,0,0,0,0,0,0,0,0,0,0,0,0,0,0,0,0,0,0,0,0,0,0,0,0,0,0,0,0,0,0,0,0,0,0,0,0,0,0,0,0,0,0,0,0,0,0,0,0,0,0,0,0,0,0,0,0,0,0,0,0,0,0,0,0,0,0,65,65
"320","2015-2019","Jamaica",0,0.935483870967742,0,0,0,0,0,0,0,0,0,0,0,0,0,0,0,0,0,0,0,0,0,0,0,0,0,0,0,0,0,0,0,0,0,0,0,0,0,0,0,0,0,0,0,0,0,0,0,0,0,0,0,0,0,0,0,0,0,0,0,0,0,0,0,0,0,0,0,0,0,0,0,0,0,0,0,0,0,0,0,0,0,0,0,0,0,0,0,0,0,0,0,0,0,0,0,0,0,0,0,0,0,0,0,0,0,0,0,0,0,0,0,0,0,0,0,0,0,0,0,0,0,0,0,0,0,0,0,0,0,0,0,0,0,0,0,0,0,0,0,0,0,0,0,0,0,0,0,0,0,0,0,0,0,0,0,0,0,0,0,0,0,0,0,0,0,0,0,0,0,0,0,0,0.0645161290322581,0,0.0645161290322581,62,62
"321","1990-1994","Japan",0,0.925925925925926,0,0,0,0,0,0,0,0,0,0,0,0.0740740740740741,0,0,0,0,0,0,0,0,0,0,0,0,0,0,0,0,0,0,0,0,0,0,0,0,0,0,0,0,0,0,0,0,0,0,0,0,0,0,0,0,0,0,0,0,0,0,0,0,0,0,0,0,0,0,0,0,0,0,0,0,0,0,0,0,0,0,0,0,0,0,0,0,0,0,0,0,0,0,0,0,0,0,0,0,0,0,0,0,0,0,0,0,0,0,0,0,0,0,0,0,0,0,0,0,0,0,0,0,0,0,0,0,0,0,0,0,0,0,0,0,0,0,0,0,0,0,0,0,0,0,0,0,0,0,0,0,0,0,0,0,0,0,0,0,0,0,0,0,0,0,0,0,0,0,0,0,0,0,0.0740740740740741,0,0,0,0.0740740740740741,12.4615384615385,12.4615384615385
"322","1995-1999","Japan",0.02127473486604,0.81830411645156,0.0179106307852942,0.00773626722401453,0.00644688935334544,0.00128937787066909,0,0,0,0,0,0,0,0.121235783031066,0,0,0,0,0,0,0,0,0,0,0,0,0,0,0,0,0,0,0,0,0,0,0,0,0,0,0,0,0,0,0,0,0,0,0,0,0,0,0,0,0,0,0,0,0,0,0,0,0,0,0,0,0,0,0,0,0,0,0,0,0,0,0,0,0,0,0,0,0,0,0,0,0,0,0,0,0,0,0,0,0,0,0,0,0,0,0,0,0,0,0,0,0,0,0,0,0,0,0,0,0,0,0,0,0,0,0,0,0,0,0,0,0,0,0,0,0,0,0,0,0,0,0,0,0,0,0,0,0,0,0,0,0,0,0,0,0,0,0,0,0,0,0,0,0,0,0,0,0,0,0,0,0,0,0,0,0,0,0.121235783031066,0,0.0058022004180109,0,0.127037983449077,194.891958041958,193.891958041958
"323","2000-2004","Japan",0.0150619731464809,0.845733206832491,0.0179241524701352,0.0026268420114819,0.00233026307470169,0.00419447353446304,0,0,0,0,0,0,0,0.0987618525653663,0.0037284209195227,0,0,0,0,0,0.000169473678160123,0,0,0,0,0,0,0,0,0,0,0,0,0,0,0,0,0,0,0,0,0,0,0,0,0,0,0,0,0,0,0,0,0,0,0,0,0,0,0,0,0,0,0,0,0,0,0,0,0,0,0,0,0,0,0,0,0,0,0,0,0,0,0,0,0,0,0,0,0,0,0,0,0,0,0,0,0,0,0,0,0,0,0,0,0,0,0,0,0,0,0,0,0,0,0,0,0,0,0,0,0,0,0,0,0,0,0,0,0,0,0,0,0,0,0,0,0,0,0,0,0,0,0,0,0,0,0,0,0,0,0,0,0,0,0,0,0,0,0,0,0,0,0,0,0,0,0,0,0,0,0,0.102659747163049,0,0.00946934176719685,0,0.112129088930246,1966.87377622378,1966.87377622378
"324","2005-2009","Japan",0.00585224345332766,0.886546747011342,0.012018099952958,0.00156059825422071,0.00398363238577391,0.00344974350932999,0,0,0,0,0,0,0,0.0752335297148361,0.00755658102043712,0,0,0,0,0,0.000410683751110713,0,0,0,0,0,0,0,0,0,0,0,0,0,0,0,0,0,0,0,0,0,0,0,0,0,0,0,0,0,0,0,0,0,0,0,0,0,0,0,0,0,0,0,0,0,0,0,0,0,0,0,0,0,0,0,0,0,0,0,0,0,0,0,0,0,0,0,0,0,0,0,0,0,0,0,0,0,0,0,0,0,0,0,0,0,0,0,0,0,0,0,0,0,0,0,0,0,0,0,0,0,0,0,0,0,0,0,0,0,0,0,0,0,0,0,0,0,0,0,0,0,0,0,0,0,0,0,0,0,0,0,0,0,0,0,0,0,0,0,0,0,0,0,0,0,0,0,0,0,0,0,0.083200794486384,0,0.00227929481866446,0.00110884612799892,0.0865889354330474,4058.27272727273,4058.27272727273
"325","2010-2014","Japan",0.00382222888405906,0.892527917259986,0.0113167953233905,0.000899347972719778,0.00359739189087911,0.00427190287041895,0,0,0,0,0,0,0,0.0701491418721427,0.0103425016862774,0,0,0,0,0.000299782657573259,0,0,0,0.000449673986359889,0,0,0,0,0,0,0,0,0,0,0,0,0,0,0,0,0,0,0,0,0,0,0,0,0,0,0,0,0,0,0,0,0,0,0,0,0,0,0,0,0,0,0,0,0,0,0,0,0,0,0,0,0,0,0,0,0,0,0,0,0,0,0,0,0,0,0,0,0,0,0,0,0,0,0,0,0,0,0,0,0,0,0,0,0,0,0,0,0,0,0,0,0,0,0,0,0,0,0,0,0,0,0,0,0,0,0,0,0,0,0,0,0,0,0,0,0,0,0,0,0,0,0,0,0,0,0,0,0,0,0,0,0,0,0,0,0,0,0,0,0,0,0,0,0,0,0,0,0.0812411002023533,0,0.000299782657573259,0.0020235329386195,0.0835644157985461,2223.83333333333,2223.83333333333
"326","2015-2019","Japan",0,0.865168539325843,0.0112359550561798,0,0,0,0,0,0,0,0,0,0,0.0674157303370786,0.0337078651685393,0,0,0,0,0.0112359550561798,0,0,0,0,0,0,0,0,0,0,0,0,0,0,0,0,0,0,0,0,0,0,0,0,0,0,0,0,0,0,0,0,0,0,0,0,0,0,0,0,0,0,0,0,0,0,0,0,0,0,0,0,0,0,0,0,0,0,0,0,0,0,0,0,0,0,0,0,0,0,0,0,0,0,0,0,0,0,0,0,0,0,0,0,0,0,0,0,0,0,0,0,0,0,0,0,0,0,0,0,0,0,0,0,0,0,0,0,0,0,0,0,0,0,0,0,0,0,0,0,0,0,0,0,0,0,0,0,0,0,0,0,0,0,0,0,0,0,0,0,0,0,0,0,0,0,0,0,0,0,0,0,0.112359550561798,0,0.0112359550561798,0,0.123595505617978,29.6666666666667,29.6666666666667
"327","1995-1999","Kazakhstan",0.723608445297505,0,0,0,0,0,0,0,0,0,0,0,0,0,0.245681381957774,0.0307101727447217,0,0,0,0,0,0,0,0,0,0,0,0,0,0,0,0,0,0,0,0,0,0,0,0,0,0,0,0,0,0,0,0,0,0,0,0,0,0,0,0,0,0,0,0,0,0,0,0,0,0,0,0,0,0,0,0,0,0,0,0,0,0,0,0,0,0,0,0,0,0,0,0,0,0,0,0,0,0,0,0,0,0,0,0,0,0,0,0,0,0,0,0,0,0,0,0,0,0,0,0,0,0,0,0,0,0,0,0,0,0,0,0,0,0,0,0,0,0,0,0,0,0,0,0,0,0,0,0,0,0,0,0,0,0,0,0,0,0,0,0,0,0,0,0,0,0,0,0,0,0,0,0,0,0,0,0,0.276391554702495,0,0,0,0.276391554702495,22.9852941176471,22.9852941176471
"328","2000-2004","Kazakhstan",0.929106581809393,0,0.00547812776927415,0,0,0,0,0,0,0,0,0,0,0,0.0605816482719729,0.00483364214935954,0,0,0,0,0,0,0,0,0,0,0,0,0,0,0,0,0,0,0,0,0,0,0,0,0,0,0,0,0,0,0,0,0,0,0,0,0,0,0,0,0,0,0,0,0,0,0,0,0,0,0,0,0,0,0,0,0,0,0,0,0,0,0,0,0,0,0,0,0,0,0,0,0,0,0,0,0,0,0,0,0,0,0,0,0,0,0,0,0,0,0,0,0,0,0,0,0,0,0,0,0,0,0,0,0,0,0,0,0,0,0,0,0,0,0,0,0,0,0,0,0,0,0,0,0,0,0,0,0,0,0,0,0,0,0,0,0,0,0,0,0,0,0,0,0,0,0,0,0,0,0,0,0,0,0,0,0.0654152904213325,0,0,0,0.0654152904213325,182.544117647059,182.544117647059
"329","2005-2009","Kazakhstan",0.48018018018018,0,0,0,0,0,0,0,0,0,0,0,0,0,0.475675675675676,0.0441441441441441,0,0,0,0,0,0,0,0,0,0,0,0,0,0,0,0,0,0,0,0,0,0,0,0,0,0,0,0,0,0,0,0,0,0,0,0,0,0,0,0,0,0,0,0,0,0,0,0,0,0,0,0,0,0,0,0,0,0,0,0,0,0,0,0,0,0,0,0,0,0,0,0,0,0,0,0,0,0,0,0,0,0,0,0,0,0,0,0,0,0,0,0,0,0,0,0,0,0,0,0,0,0,0,0,0,0,0,0,0,0,0,0,0,0,0,0,0,0,0,0,0,0,0,0,0,0,0,0,0,0,0,0,0,0,0,0,0,0,0,0,0,0,0,0,0,0,0,0,0,0,0,0,0,0,0,0,0.51981981981982,0,0,0,0.51981981981982,65.2941176470588,65.2941176470588
"330","2010-2014","Kazakhstan",0.629881762809029,0.0121820136151917,0,0,0,0,0,0,0,0,0,0,0,0,0.336438552490147,0.0093156574704407,0,0,0,0.00609100680759584,0,0,0,0,0,0,0,0,0,0,0,0,0,0,0,0,0,0,0,0,0,0,0,0,0,0,0,0,0,0,0,0,0,0,0,0,0,0,0,0,0,0,0,0,0,0,0,0,0,0,0,0,0,0,0,0.00609100680759584,0,0,0,0,0,0,0,0,0,0,0,0,0,0,0,0,0,0,0,0,0,0,0,0,0,0,0,0,0,0,0,0,0,0,0,0,0,0,0,0,0,0,0,0,0,0,0,0,0,0,0,0,0,0,0,0,0,0,0,0,0,0,0,0,0,0,0,0,0,0,0,0,0,0,0,0,0,0,0,0,0,0,0,0,0,0,0,0,0,0,0,0,0,0,0,0,0.357936223575779,2,0,0,0.357936223575779,164.176470588235,164.176470588235
"331","1980-1989","Kenya",0.574712643678161,0.00383141762452107,0.053639846743295,0.0957854406130268,0,0.00383141762452107,0,0,0,0,0,0,0,0,0,0,0,0,0,0,0,0,0,0,0,0,0,0,0,0,0,0,0,0,0,0,0,0,0,0,0,0,0,0,0,0,0,0,0,0,0,0,0,0,0,0,0,0,0,0,0,0,0,0,0,0,0,0,0,0,0,0,0,0,0,0,0,0,0,0,0,0,0,0,0,0,0,0,0,0,0,0,0,0,0,0,0,0,0,0,0,0,0,0,0,0,0,0,0,0,0,0,0,0,0,0,0,0,0,0,0,0,0,0,0,0,0,0,0,0,0,0,0,0,0,0,0,0,0,0,0,0,0,0,0,0,0,0,0,0,0,0,0,0,0,0,0,0,0,0,0,0,0,0,0,0,0,0,0,0,0,0,0,0,0,0.268199233716475,0.268199233716475,33.25,32.625
"332","1990-1994","Kenya",0.65863453815261,0.00223114680946006,0.0606871932173137,0.112003569834895,0,0.00223114680946006,0,0,0,0,0,0,0,0,0,0,0,0,0,0,0,0,0,0,0,0,0,0,0,0,0,0,0,0,0,0,0,0,0,0,0,0,0,0,0,0,0,0,0,0,0,0,0,0,0,0,0,0,0,0,0,0,0,0,0,0,0,0,0,0,0,0,0,0,0,0,0,0,0,0,0,0,0,0,0,0,0,0,0,0,0,0,0,0,0,0,0,0,0,0,0,0,0,0,0,0,0,0,0,0,0,0,0,0,0,0,0,0,0,0,0,0,0,0,0,0,0,0,0,0,0,0,0,0,0,0,0,0,0,0,0,0,0,0,0,0,0,0,0,0,0,0,0,0,0,0,0,0,0,0,0,0,0,0,0,0,0,0,0,0,0,0,0,0,0.00803212851405622,0.156180276662204,0.164212405176261,94.4166666666667,93.375
"333","1995-1999","Kenya",0.717337656489237,0.000150109579993395,0.0711099102344712,0.171869464709238,0.00144105196793659,0.0170104176048515,0.00108078897595245,0.000720525983968297,0.000360262991984148,0,0,0,0,0.000720525983968297,0,0,0,0,0,0,0,0,0,0,0,0,0,0,0,0,0,0,0,0,0,0,0,0,0,0,0,0,0,0,0,0,0,0,0,0,0,0,0,0,0,0,0,0,0,0,0,0,0,0,0,0,0,0,0,0,0,0,0,0,0,0,0,0,0,0,0,0,0,0,0,0,0,0,0,0,0,0,0,0,0,0,0,0,0,0,0,0,0,0,0,0,0,0,0,0,0,0,0,0,0,0,0,0,0,0,0,0,0,0,0,0,0,0,0,0,0,0,0,0,0,0,0,0,0,0,0,0,0,0,0,0,0,0,0,0,0,0,0,0,0,0,0,0,0,0,0,0,0,0,0,0,0,0,0,0,0,0,0.000720525983968297,0,0.00769161487886157,0.0105076705995377,0.0189198114623675,1409.61666666667,1387.875
"334","2000-2004","Kenya",0.655801210172217,0.000185122498201667,0.11704925316295,0.115079549782084,0.001777175982736,0.0168609571362078,0.001332881987052,0.000888587991368002,0.000444293995684001,0,0,0,0,0.000888587991368002,0.00410971946007701,0,0,0,0,0,0,0,0.00562772394533068,0,0,0,0,0,0,0,0,0,0,0,0,0,0,0,0,0,0,0,0,0,0,0,0,0,0,0,0,0,0,0,0,0,0,0,0,0,0,0,0,0,0,0,0,0,0,0,0,0,0,0,0,0,0,0,0,0,0,0,0,0,0,0,0,0,0,0,0,0,0,0,0,0,0,0,0,0,0,0,0,0,0,0,0,0,0,0,0,0,0,0,0,0,0,0,0,0,0,0,0,0,0,0,0,0,0,0,0,0,0,0,0,0,0,0,0,0,0,0,0,0,0,0,0,0,0,0,0,0,0,0,0,0,0,0,0,0,0,0,0,0,0,0,0,0,0,0,0,0,0.0106260313967757,0,0.0381172513011467,0.0418376845935768,0.0905809672914992,1209.72261904762,1125.38095238095
"335","2005-2009","Kenya",0.650159299104742,0.000217703575726623,0.0844034578775305,0.133636502638343,0.000454337897168605,0.0106601941545602,0,0,0,0,0,0,0,0.00632286906892976,0.000766695201472022,0,0,0,0,0.000227168948584303,0,0,0.00673934547466765,0,0,0,0,0,0.0088595889947878,0,0,0,0,0.000416476405737888,0,0,0,0,0,0,0,0,0,0,0,0,0,0,0,0,0,0,0,0,0,0,0,0,0,0,0,0,0.000227168948584303,0,0,0,0,0,0,0,0,0,0,0,0,0,0,0,0,0,0,0,0,0,0,0,0,0,0,0,0,0,0,0,0,0,0,0,0,0,0,0,0,0,0,0,0,0,0,0,0,0,0,0,0,0,0,0,0,0,0,0,0,0,0,0,0,0,0,0,0,0,0,0,0,0,0,0,0,0,0,0,0,0,0,0,0,0,0,0,0,0,0,0,0,0,0,0,0,0,0,0,0,0,0,0,0,0,0,0,0,0,0.0235593130427637,3,0.0732646903106827,0.0236445013984828,0.120468504751929,4477.71840659341,4402.01007326007
"336","2010-2014","Kenya",0.63993589474142,0.000685418945018516,0.0799619800225039,0.153168173527376,0,0.00663187171367614,0,0,0.000530646925175625,0,0,0,0,0.0122933204332353,0.000530646925175625,0,0,0,0,0,0,0,0,0,0,0,0,0,0.00159194077552687,0,0,0,0,0.000619088079371562,0,0,0,0,0,0,0,0,0,0,0,0,0,0.004245175401405,0,0,0,0,0,0,0,0,0,0,0,0,0,0,0.00106129385035125,0,0,0,0,0,0,0,0,0,0,0,0,0,0,0,0,0,0,0,0,0,0,0,0,0,0,0,0,0,0,0,0,0,0,0,0,0,0,0,0,0,0,0,0,0,0,0,0,0,0,0,0,0,0,0,0,0,0,0,0,0,0,0,0,0,0,0,0,0,0,0,0,0,0,0,0,0,0,0,0,0,0,0,0,0,0,0,0,0,0,0,0,0,0,0,0,0,0,0,0,0,0,0,0,0,0,0,0,0.00106129385035125,0.0214027593154169,0,0.0743790106787834,0.0233042441306295,0.11908601412483,1894.17673992674,1884.49221611722
"337","2015-2019","Kenya",0.704473353631273,0.0125939489428748,0.0629058700789916,0.12832414248302,0,0.0112951646901016,0,0.00096876530329806,0.00387506121319224,0,0,0,0,0.0125939489428748,0,0,0,0,0,0,0,0,0,0,0,0,0,0,0,0,0,0,0,0.00290629590989418,0,0,0,0,0,0,0,0,0,0,0,0,0,0,0,0,0,0,0,0,0,0,0,0,0,0,0,0,0,0,0,0,0,0,0,0,0,0,0,0,0,0,0,0,0,0,0,0,0,0,0,0,0,0,0,0,0,0,0,0,0,0,0,0,0,0,0,0,0,0,0,0,0,0,0,0,0,0,0,0,0,0,0,0,0,0,0,0,0,0,0,0,0,0,0,0,0,0,0,0,0,0,0,0,0,0,0,0,0,0,0,0,0,0,0,0,0,0,0,0,0,0,0,0,0,0,0,0,0,0,0,0,0,0,0,0,0,0,0.015500244852769,0,0.0232503672791534,0.0368130815253263,0.0755636936572487,1037.0989010989,1032.24175824176
"338","1980-1989","Korea (the Republic of)",0.0751173708920188,0.507042253521127,0.0140845070422535,0.028169014084507,0.00938967136150235,0.028169014084507,0.00469483568075117,0,0,0,0,0,0,0.0704225352112676,0.183098591549296,0,0,0,0.00938967136150235,0,0,0.00469483568075117,0,0,0.00469483568075117,0,0,0,0,0,0,0,0,0,0,0,0,0,0,0,0,0,0,0,0,0,0,0,0,0,0,0,0,0,0,0,0,0,0,0,0,0,0,0,0,0,0,0,0,0,0,0,0,0,0,0,0,0,0,0,0,0,0,0,0,0,0,0,0,0,0,0,0,0,0,0,0,0,0,0,0,0,0,0,0,0,0,0,0,0,0,0,0,0,0,0,0,0,0,0,0,0,0,0,0,0,0,0,0,0,0,0,0,0,0,0,0,0,0,0,0,0,0,0,0,0,0,0,0,0,0,0,0,0,0,0,0,0,0,0,0,0,0,0,0,0,0,0,0,0,0,0,0.272300469483568,0,0.0610328638497653,0,0.333333333333333,12.5294117647059,12.5294117647059
"339","1990-1994","Korea (the Republic of)",0.0728697924227029,0.594280737407461,0.0108869211786907,0.0267092466250544,0.00725794745246044,0.0217738423573813,0.00362897372623022,0,0,0,0,0,0,0.0544346058934533,0.141529975322979,0,0,0,0.00725794745246044,0,0,0.00362897372623022,0,0,0.00362897372623022,0,0,0,0,0,0,0,0,0,0,0,0,0,0,0,0,0,0,0,0,0,0,0,0,0,0,0,0,0,0,0,0,0,0,0,0,0,0,0,0,0,0,0,0,0,0,0,0,0,0,0,0,0,0,0,0,0,0,0,0,0,0,0,0,0,0,0,0,0,0,0,0,0,0,0,0,0,0,0,0,0,0,0,0,0,0,0,0,0,0,0,0,0,0,0,0,0,0,0,0,0,0,0,0,0,0,0,0,0,0,0,0,0,0,0,0,0,0,0,0,0,0,0,0,0,0,0,0,0,0,0,0,0,0,0,0,0,0,0,0,0,0,0,0,0,0,0,0.210480476121353,0,0.052112062708666,0,0.262592538830019,81.0470588235294,81.0470588235294
"340","1995-1999","Korea (the Republic of)",0.0336843822321001,0.855999435874955,0.00310948443728527,0.0107107295903976,0.00178413041483581,0.00808211077920622,0.000892065207417905,0,0,0,0,0,0,0.0224800432269312,0.0382568536095507,0,0,0,0.00286735245241469,0,0,0.000892065207417905,0,0,0.000892065207417905,0,0,0,0,0,0,0,0,0,0,0,0,0,0,0,0,0,0,0,0,0,0,0,0,0,0,0,0,0,0,0,0,0,0,0,0,0,0,0,0,0,0,0,0,0,0,0,0,0,0,0,0,0,0,0,0,0,0,0,0,0,0,0,0,0,0,0,0,0,0,0,0,0,0,0,0,0,0,0,0,0,0,0,0,0,0,0,0,0,0,0,0,0,0,0,0,0,0,0,0,0,0,0,0,0,0,0,0,0,0,0,0,0,0,0,0,0,0,0,0,0,0,0,0,0,0,0,0,0,0,0,0,0,0,0,0,0,0,0,0,0,0,0,0,0,0,0,0.0653883797037324,0,0.0203492817600701,0,0.0857376614638025,330.675630252101,329.704201680672
"341","2000-2004","Korea (the Republic of)",0.00759717028766107,0.92076772508354,0.00170702738251609,0.00277766297769065,0.000628904825137506,0.00520104290388717,0.000314452412568753,0,0,0,0,0,0,0.0207538592295377,0.01837300524866,0,0,0,0.00253808018716208,0,0,0.000314452412568753,0,0,0.000314452412568753,0,0,0,0,0,0,0,0,0,0,0,0,0,0,0,0,0,0,0,0,0,0,0,0,0,0,0,0,0,0,0,0,0,0,0,0,0,0,0,0,0,0,0,0,0,0,0,0,0,0,0,0,0,0,0,0,0,0,0,0,0,0,0,0,0,0,0,0,0,0,0,0,0,0,0,0,0,0,0,0,0,0,0,0,0,0,0,0,0,0,0,0,0,0,0,0,0,0,0,0,0,0,0,0,0,0,0,0,0,0,0,0,0,0,0,0,0,0,0,0,0,0,0,0,0,0,0,0,0,0,0,0,0,0,0,0,0,0,0,0,0,0,0,0,0,0,0,0.0422938494904972,0,0.018712164636502,0,0.0610060141269992,938.789915966387,935.332773109244
"342","2005-2009","Korea (the Republic of)",0.00504838595084861,0.910966231043418,0.0041341535508277,0.000337810212324443,0.000112603404108148,0.00250274470797514,0.000375344680360492,0,0,0,0,0,0,0.0327488233614529,0.0142282444190938,0,0,0,0.00277889115138321,0.00159521489153209,0,5.63017020540738e-05,0,0,5.63017020540738e-05,0.000638085956612836,0,0,0,0,0,0,0,0,0,0,0,0,0,0,0,0,0,0,0,0.000319042978306418,0,0,0,0,0,0,0,0,0,0,0,0,0,0,0,0,0,0,0,0,0,0,0.000638085956612836,0,0,0,0,0,0,0,0,0,0,0,0,0,0,0,0,0,0,0,0,0,0,0,0,0,0,0,0,0,0,0,0,0,0,0,0,0,0,0,0,0,0,0,0,0,0,0,0,0,0,0,0,0,0,0,0,0,0,0,0,0,0,0,0,0,0,0,0,0,0,0,0,0,0,0,0,0,0,0,0,0,0,0,0,0,0,0,0,0,0,0,0,0,0,0,0,0,0,0,0,0,0,0,0.0530589921191022,2.66666666666667,0.0234637343310352,0,0.0765227264501375,1047.64845938375,1044.79131652661
"343","2010-2014","Korea (the Republic of)",0.00485615799856917,0.901966310403885,0.00364211849892688,0,0,0.00218960695471199,0.000303509874910573,0,0,0,0,0,0,0.0394562837383745,0.00962559889002103,0,0,0,0.00188609707980142,0.0033386086240163,0,0,0,0,0,0.000607019749821146,0,0,0,0,0,0,0,0,0,0,0,0,0,0,0,0,0,0,0,0.000303509874910573,0,0,0,0,0,0,0,0,0,0,0,0,0,0,0,0,0,0,0,0,0,0,0.000607019749821146,0,0,0,0,0,0,0,0,0,0,0,0,0,0,0,0,0,0,0,0,0,0,0,0,0,0,0,0,0,0,0,0,0,0,0,0,0,0,0,0,0,0,0,0,0,0,0,0,0,0,0,0,0,0,0,0,0,0,0,0,0,0,0,0,0,0,0,0,0,0,0,0,0,0,0,0,0,0,0,0,0,0,0,0,0,0,0,0,0,0,0,0,0,0,0,0,0,0,0,0,0,0,0,0.0558241377067661,2.66666666666667,0.0312181585622304,0,0.0870422962689965,1099.97619047619,1098.2619047619
"344","2015-2019","Korea (the Republic of)",0.0251450676982592,0.787234042553192,0.011605415860735,0,0,0.00193423597678917,0.00193423597678917,0,0,0,0,0,0,0.112185686653772,0.034816247582205,0,0,0,0.00580270793036751,0.00967117988394584,0,0,0,0,0,0.00386847195357834,0,0,0,0,0,0,0,0,0,0,0,0,0,0,0,0,0,0,0,0.00193423597678917,0,0,0,0,0,0,0,0,0,0,0,0,0,0,0,0,0,0,0,0,0,0,0.00386847195357834,0,0,0,0,0,0,0,0,0,0,0,0,0,0,0,0,0,0,0,0,0,0,0,0,0,0,0,0,0,0,0,0,0,0,0,0,0,0,0,0,0,0,0,0,0,0,0,0,0,0,0,0,0,0,0,0,0,0,0,0,0,0,0,0,0,0,0,0,0,0,0,0,0,0,0,0,0,0,0,0,0,0,0,0,0,0,0,0,0,0,0,0,0,0,0,0,0,0,0,0,0,0,0,0.172147001934236,2.66666666666667,0,0,0.172147001934236,172.333333333333,172.333333333333
"345","2010-2014","Kuwait",0.0423280423280423,0.206349206349206,0.28042328042328,0,0,0.0211640211640212,0,0,0,0,0,0,0,0.243386243386243,0.0740740740740741,0,0,0,0,0,0,0,0,0,0,0,0,0.0158730158730159,0,0,0,0,0,0,0,0,0,0,0,0,0,0,0,0,0,0,0,0.0423280423280423,0,0,0,0,0,0,0,0,0,0,0,0,0,0,0.0158730158730159,0,0,0.0317460317460317,0,0.0158730158730159,0,0,0,0,0,0,0,0.0105820105820106,0,0,0,0,0,0,0,0,0,0,0,0,0,0,0,0,0,0,0,0,0,0,0,0,0,0,0,0,0,0,0,0,0,0,0,0,0,0,0,0,0,0,0,0,0,0,0,0,0,0,0,0,0,0,0,0,0,0,0,0,0,0,0,0,0,0,0,0,0,0,0,0,0,0,0,0,0,0,0,0,0,0,0,0,0,0,0,0,0,0,0,0,0,0,0,0,0.44973544973545,0,0,0,0.44973544973545,63,63
"346","2015-2019","Kuwait",0.0238095238095238,0.142857142857143,0.309523809523809,0,0,0.0476190476190476,0,0,0,0,0,0,0,0.333333333333333,0.0952380952380952,0,0,0,0,0,0,0,0,0,0,0,0,0,0,0,0,0,0,0,0,0,0,0,0,0,0,0,0,0,0,0,0,0.0238095238095238,0,0,0,0,0,0,0,0,0,0,0,0,0,0,0,0,0,0,0,0,0,0,0,0,0,0,0,0.0238095238095238,0,0,0,0,0,0,0,0,0,0,0,0,0,0,0,0,0,0,0,0,0,0,0,0,0,0,0,0,0,0,0,0,0,0,0,0,0,0,0,0,0,0,0,0,0,0,0,0,0,0,0,0,0,0,0,0,0,0,0,0,0,0,0,0,0,0,0,0,0,0,0,0,0,0,0,0,0,0,0,0,0,0,0,0,0,0,0,0,0,0,0,0,0,0,0,0,0.476190476190476,0,0,0,0.476190476190476,14,14
"347","2005-2009","Kyrgyzstan",0.526315789473684,0,0,0,0,0,0,0,0,0,0,0,0,0,0.456140350877193,0,0,0,0,0,0,0,0,0,0,0,0,0,0,0,0,0,0,0,0,0,0,0,0,0,0,0,0,0,0,0,0,0,0,0,0,0,0,0,0,0,0,0,0,0,0,0,0,0,0,0,0,0,0,0,0,0,0,0,0,0,0,0,0,0,0,0,0,0,0,0,0,0,0,0,0,0,0,0,0,0,0,0,0,0,0,0,0,0,0,0,0,0,0,0,0,0,0,0,0,0,0,0,0,0,0,0,0,0,0,0,0,0,0,0,0,0,0,0,0,0,0,0,0,0,0,0,0,0,0,0,0,0,0,0,0,0,0,0,0,0,0,0,0,0,0,0,0,0,0,0,0,0,0,0,0,0,0.456140350877193,0,0.0175438596491228,0,0.473684210526316,28.5,28.5
"348","2010-2014","Kyrgyzstan",0.613861386138614,0,0,0,0,0,0,0,0,0,0,0,0,0,0.356435643564356,0,0,0,0,0,0,0,0,0,0,0,0,0,0,0,0,0,0,0,0,0,0,0,0,0,0,0,0,0,0,0,0,0,0,0,0,0,0,0,0,0,0,0,0,0,0,0,0,0,0,0,0,0,0,0,0,0,0,0,0,0,0,0,0,0,0,0,0,0,0,0,0,0,0,0,0,0,0,0,0,0,0,0,0,0,0,0,0,0,0,0,0,0,0,0,0,0,0,0,0,0,0,0,0,0,0,0,0,0,0,0,0,0,0,0,0,0,0,0,0,0,0,0,0,0,0,0,0,0,0,0,0,0,0,0,0,0,0,0,0,0,0,0,0,0,0,0,0,0,0,0,0,0,0,0,0,0,0.356435643564356,0,0.0297029702970297,0,0.386138613861386,50.5,50.5
"349","2015-2019","Kyrgyzstan",0.331531531531532,0.00900900900900901,0,0,0,0.00900900900900901,0,0,0,0,0,0,0,0,0.598198198198198,0,0,0,0,0,0,0,0,0,0,0,0,0,0,0,0,0,0,0,0,0,0,0,0,0,0,0,0,0,0,0,0,0,0,0,0,0,0,0,0,0,0,0,0,0,0,0,0,0,0,0,0,0,0,0,0,0,0,0,0,0.018018018018018,0,0,0,0,0,0,0,0,0,0,0,0,0,0,0,0,0,0,0,0,0,0,0,0,0,0,0,0,0,0,0,0,0,0,0,0,0,0,0,0,0,0,0,0,0,0,0,0,0,0,0,0,0,0,0,0,0,0,0,0,0,0,0,0,0,0,0,0,0,0,0,0,0,0,0,0,0,0,0,0,0,0,0,0,0,0,0,0,0,0,0,0,0,0,0,0,0.616216216216216,0,0.0342342342342342,0,0.65045045045045,555,555
"350","2010-2014","Lao People's Democratic Republic (the)",0,0,0,0,0,0,0,0,0,0,0,0,0,0.918032786885246,0,0,0,0,0,0,0,0,0,0,0,0,0,0,0,0,0,0,0,0,0,0,0,0,0,0,0,0,0,0,0,0,0,0,0,0,0,0,0,0,0,0,0,0,0,0,0,0,0,0,0,0,0,0,0,0,0,0,0,0,0,0,0,0,0,0,0,0,0,0,0,0,0,0,0,0,0,0,0,0,0,0,0,0,0,0,0,0,0,0,0,0,0,0,0,0.0819672131147541,0,0,0,0,0,0,0,0,0,0,0,0,0,0,0,0,0,0,0,0,0,0,0,0,0,0,0,0,0,0,0,0,0,0,0,0,0,0,0,0,0,0,0,0,0,0,0,0,0,0,0,0,0,0,0,0,0,0,0,0,0,0,1,0,0,0,1,61,61
"351","1990-1994","Latvia",0.758730158730159,0.215873015873016,0.00634920634920635,0,0,0.00317460317460317,0,0,0,0,0,0,0,0,0.0126984126984127,0.00317460317460317,0,0,0,0,0,0,0,0,0,0,0,0,0,0,0,0,0,0,0,0,0,0,0,0,0,0,0,0,0,0,0,0,0,0,0,0,0,0,0,0,0,0,0,0,0,0,0,0,0,0,0,0,0,0,0,0,0,0,0,0,0,0,0,0,0,0,0,0,0,0,0,0,0,0,0,0,0,0,0,0,0,0,0,0,0,0,0,0,0,0,0,0,0,0,0,0,0,0,0,0,0,0,0,0,0,0,0,0,0,0,0,0,0,0,0,0,0,0,0,0,0,0,0,0,0,0,0,0,0,0,0,0,0,0,0,0,0,0,0,0,0,0,0,0,0,0,0,0,0,0,0,0,0,0,0,0,0.0158730158730159,0,0,0,0.0158730158730159,98.4375,98.4375
"352","1995-1999","Latvia",0.758730158730159,0.215873015873016,0.00634920634920635,0,0,0.00317460317460317,0,0,0,0,0,0,0,0,0.0126984126984127,0.00317460317460317,0,0,0,0,0,0,0,0,0,0,0,0,0,0,0,0,0,0,0,0,0,0,0,0,0,0,0,0,0,0,0,0,0,0,0,0,0,0,0,0,0,0,0,0,0,0,0,0,0,0,0,0,0,0,0,0,0,0,0,0,0,0,0,0,0,0,0,0,0,0,0,0,0,0,0,0,0,0,0,0,0,0,0,0,0,0,0,0,0,0,0,0,0,0,0,0,0,0,0,0,0,0,0,0,0,0,0,0,0,0,0,0,0,0,0,0,0,0,0,0,0,0,0,0,0,0,0,0,0,0,0,0,0,0,0,0,0,0,0,0,0,0,0,0,0,0,0,0,0,0,0,0,0,0,0,0,0.0158730158730159,0,0,0,0.0158730158730159,98.4375,98.4375
"353","2000-2004","Latvia",0.870398642917727,0.111959287531807,0.00169635284139101,0,0,0.00356234096692112,0,0,0,0,0,0,0,0,0.00610687022900763,0.00627650551314673,0,0,0,0,0,0,0,0,0,0,0,0,0,0,0,0,0,0,0,0,0,0,0,0,0,0,0,0,0,0,0,0,0,0,0,0,0,0,0,0,0,0,0,0,0,0,0,0,0,0,0,0,0,0,0,0,0,0,0,0,0,0,0,0,0,0,0,0,0,0,0,0,0,0,0,0,0,0,0,0,0,0,0,0,0,0,0,0,0,0,0,0,0,0,0,0,0,0,0,0,0,0,0,0,0,0,0,0,0,0,0,0,0,0,0,0,0,0,0,0,0,0,0,0,0,0,0,0,0,0,0,0,0,0,0,0,0,0,0,0,0,0,0,0,0,0,0,0,0,0,0,0,0,0,0,0,0.0123833757421544,0,0,0,0.0123833757421544,368.4375,368.4375
"354","2005-2009","Latvia",0.758730158730159,0.215873015873016,0.00634920634920635,0,0,0.00317460317460317,0,0,0,0,0,0,0,0,0.0126984126984127,0.00317460317460317,0,0,0,0,0,0,0,0,0,0,0,0,0,0,0,0,0,0,0,0,0,0,0,0,0,0,0,0,0,0,0,0,0,0,0,0,0,0,0,0,0,0,0,0,0,0,0,0,0,0,0,0,0,0,0,0,0,0,0,0,0,0,0,0,0,0,0,0,0,0,0,0,0,0,0,0,0,0,0,0,0,0,0,0,0,0,0,0,0,0,0,0,0,0,0,0,0,0,0,0,0,0,0,0,0,0,0,0,0,0,0,0,0,0,0,0,0,0,0,0,0,0,0,0,0,0,0,0,0,0,0,0,0,0,0,0,0,0,0,0,0,0,0,0,0,0,0,0,0,0,0,0,0,0,0,0,0.0158730158730159,0,0,0,0.0158730158730159,19.6875,19.6875
"355","1995-1999","Lebanon",0.458333333333333,0.416666666666667,0.0416666666666667,0.0416666666666667,0,0.0416666666666667,0,0,0,0,0,0,0,0,0,0,0,0,0,0,0,0,0,0,0,0,0,0,0,0,0,0,0,0,0,0,0,0,0,0,0,0,0,0,0,0,0,0,0,0,0,0,0,0,0,0,0,0,0,0,0,0,0,0,0,0,0,0,0,0,0,0,0,0,0,0,0,0,0,0,0,0,0,0,0,0,0,0,0,0,0,0,0,0,0,0,0,0,0,0,0,0,0,0,0,0,0,0,0,0,0,0,0,0,0,0,0,0,0,0,0,0,0,0,0,0,0,0,0,0,0,0,0,0,0,0,0,0,0,0,0,0,0,0,0,0,0,0,0,0,0,0,0,0,0,0,0,0,0,0,0,0,0,0,0,0,0,0,0,0,0,0,0,0,0,0,0,24,24
"356","2005-2009","Lesotho",0,0,1,0,0,0,0,0,0,0,0,0,0,0,0,0,0,0,0,0,0,0,0,0,0,0,0,0,0,0,0,0,0,0,0,0,0,0,0,0,0,0,0,0,0,0,0,0,0,0,0,0,0,0,0,0,0,0,0,0,0,0,0,0,0,0,0,0,0,0,0,0,0,0,0,0,0,0,0,0,0,0,0,0,0,0,0,0,0,0,0,0,0,0,0,0,0,0,0,0,0,0,0,0,0,0,0,0,0,0,0,0,0,0,0,0,0,0,0,0,0,0,0,0,0,0,0,0,0,0,0,0,0,0,0,0,0,0,0,0,0,0,0,0,0,0,0,0,0,0,0,0,0,0,0,0,0,0,0,0,0,0,0,0,0,0,0,0,0,0,0,0,0,0,0,0,0,38,38
"357","2015-2019","Lesotho",0.00531914893617021,0.00265957446808511,0.98936170212766,0,0,0,0,0,0,0,0,0,0,0,0,0,0,0,0,0,0,0,0,0,0,0,0,0,0,0,0,0,0,0,0,0,0,0,0,0,0,0,0,0,0,0,0,0,0,0,0,0,0,0,0,0,0,0,0,0,0,0,0,0,0,0,0,0,0,0,0,0,0,0,0,0,0,0,0,0,0,0,0,0,0,0,0,0,0,0,0,0,0,0,0,0,0,0,0,0,0,0,0,0,0,0,0,0,0,0,0,0,0,0,0,0,0,0,0,0,0,0,0,0,0,0,0,0,0,0,0,0,0,0,0,0,0,0,0,0,0,0,0,0,0,0,0,0,0,0,0,0,0,0,0,0,0,0,0,0,0,0,0,0,0,0,0,0,0,0,0,0,0,0,0,0.00265957446808511,0.00265957446808511,376,376
"358","2010-2014","Liberia",0.00884955752212389,0,0.0353982300884956,0.0176991150442478,0,0.0884955752212389,0,0,0,0,0,0,0,0.00884955752212389,0.663716814159292,0,0,0,0.0176991150442478,0,0,0.0176991150442478,0,0,0,0,0,0,0,0,0,0,0,0,0.00884955752212389,0,0,0,0,0,0,0,0,0,0.00884955752212389,0,0,0,0.0353982300884956,0,0,0,0,0,0,0.0176991150442478,0,0,0,0,0,0,0,0,0,0,0,0,0,0,0,0,0,0,0,0,0,0,0,0,0,0,0,0,0,0,0,0,0,0,0,0,0,0,0,0,0,0,0,0,0,0,0,0,0,0,0,0,0,0,0,0,0,0,0,0,0,0,0,0,0,0,0,0,0,0,0,0,0,0,0,0,0,0,0,0,0,0,0,0,0,0,0,0,0,0,0,0,0,0,0,0,0,0,0,0,0,0,0,0,0,0,0,0,0,0,0,0,0,0,0,0,0.778761061946903,0,0,0.0707964601769911,0.849557522123894,113,113
"359","1995-1999","Libya",0.0454545454545455,0.522727272727273,0,0,0,0,0,0,0,0,0,0,0,0,0.431818181818182,0,0,0,0,0,0,0,0,0,0,0,0,0,0,0,0,0,0,0,0,0,0,0,0,0,0,0,0,0,0,0,0,0,0,0,0,0,0,0,0,0,0,0,0,0,0,0,0,0,0,0,0,0,0,0,0,0,0,0,0,0,0,0,0,0,0,0,0,0,0,0,0,0,0,0,0,0,0,0,0,0,0,0,0,0,0,0,0,0,0,0,0,0,0,0,0,0,0,0,0,0,0,0,0,0,0,0,0,0,0,0,0,0,0,0,0,0,0,0,0,0,0,0,0,0,0,0,0,0,0,0,0,0,0,0,0,0,0,0,0,0,0,0,0,0,0,0,0,0,0,0,0,0,0,0,0,0,0.431818181818182,0,0,0,0.431818181818182,36.6666666666667,36.6666666666667
"360","2000-2004","Libya",0.0800604229607251,0.721299093655589,0,0,0,0,0,0,0,0,0,0,0,0,0.198640483383686,0,0,0,0,0,0,0,0,0,0,0,0,0,0,0,0,0,0,0,0,0,0,0,0,0,0,0,0,0,0,0,0,0,0,0,0,0,0,0,0,0,0,0,0,0,0,0,0,0,0,0,0,0,0,0,0,0,0,0,0,0,0,0,0,0,0,0,0,0,0,0,0,0,0,0,0,0,0,0,0,0,0,0,0,0,0,0,0,0,0,0,0,0,0,0,0,0,0,0,0,0,0,0,0,0,0,0,0,0,0,0,0,0,0,0,0,0,0,0,0,0,0,0,0,0,0,0,0,0,0,0,0,0,0,0,0,0,0,0,0,0,0,0,0,0,0,0,0,0,0,0,0,0,0,0,0,0,0.198640483383686,0,0,0,0.198640483383686,44.1333333333333,44.1333333333333
"361","2005-2009","Libya",0.0993788819875776,0.841614906832298,0,0,0,0,0,0,0,0,0,0,0,0,0.0590062111801242,0,0,0,0,0,0,0,0,0,0,0,0,0,0,0,0,0,0,0,0,0,0,0,0,0,0,0,0,0,0,0,0,0,0,0,0,0,0,0,0,0,0,0,0,0,0,0,0,0,0,0,0,0,0,0,0,0,0,0,0,0,0,0,0,0,0,0,0,0,0,0,0,0,0,0,0,0,0,0,0,0,0,0,0,0,0,0,0,0,0,0,0,0,0,0,0,0,0,0,0,0,0,0,0,0,0,0,0,0,0,0,0,0,0,0,0,0,0,0,0,0,0,0,0,0,0,0,0,0,0,0,0,0,0,0,0,0,0,0,0,0,0,0,0,0,0,0,0,0,0,0,0,0,0,0,0,0,0.0590062111801242,0,0,0,0.0590062111801242,66,64.4
"362","2010-2014","Libya",0.101449275362319,0.855072463768116,0,0,0,0,0,0,0,0,0,0,0,0,0.0434782608695652,0,0,0,0,0,0,0,0,0,0,0,0,0,0,0,0,0,0,0,0,0,0,0,0,0,0,0,0,0,0,0,0,0,0,0,0,0,0,0,0,0,0,0,0,0,0,0,0,0,0,0,0,0,0,0,0,0,0,0,0,0,0,0,0,0,0,0,0,0,0,0,0,0,0,0,0,0,0,0,0,0,0,0,0,0,0,0,0,0,0,0,0,0,0,0,0,0,0,0,0,0,0,0,0,0,0,0,0,0,0,0,0,0,0,0,0,0,0,0,0,0,0,0,0,0,0,0,0,0,0,0,0,0,0,0,0,0,0,0,0,0,0,0,0,0,0,0,0,0,0,0,0,0,0,0,0,0,0.0434782608695652,0,0,0,0.0434782608695652,14.2,13.8
"363","1980-1989","Luxembourg",0.0167224080267559,0.79933110367893,0.0334448160535117,0.0167224080267559,0.0468227424749164,0.020066889632107,0,0,0,0,0,0,0,0,0,0,0,0,0,0,0,0,0,0,0,0,0,0,0,0,0,0,0,0,0,0,0,0,0,0,0,0,0,0,0,0,0,0,0,0,0,0,0,0,0,0,0,0,0,0,0,0,0,0,0,0,0,0,0,0,0,0,0,0,0,0,0,0,0,0,0,0,0,0,0,0,0,0,0,0,0,0,0,0,0,0,0,0,0,0,0,0,0,0,0,0,0,0,0,0,0,0,0,0,0,0,0,0,0,0,0,0,0,0,0,0,0,0,0,0,0,0,0,0,0,0,0,0,0,0,0,0,0,0,0,0,0,0,0,0,0,0,0,0,0,0,0,0,0,0,0,0,0,0,0,0,0,0,0,0,0,0,0,0,0.0668896321070234,0,0.0668896321070234,116.277777777778,116.277777777778
"364","1990-1994","Luxembourg",0.0167224080267559,0.79933110367893,0.0334448160535117,0.0167224080267559,0.0468227424749164,0.020066889632107,0,0,0,0,0,0,0,0,0,0,0,0,0,0,0,0,0,0,0,0,0,0,0,0,0,0,0,0,0,0,0,0,0,0,0,0,0,0,0,0,0,0,0,0,0,0,0,0,0,0,0,0,0,0,0,0,0,0,0,0,0,0,0,0,0,0,0,0,0,0,0,0,0,0,0,0,0,0,0,0,0,0,0,0,0,0,0,0,0,0,0,0,0,0,0,0,0,0,0,0,0,0,0,0,0,0,0,0,0,0,0,0,0,0,0,0,0,0,0,0,0,0,0,0,0,0,0,0,0,0,0,0,0,0,0,0,0,0,0,0,0,0,0,0,0,0,0,0,0,0,0,0,0,0,0,0,0,0,0,0,0,0,0,0,0,0,0,0,0.0668896321070234,0,0.0668896321070234,83.0555555555556,83.0555555555556
"365","1995-1999","Luxembourg",0.0167224080267559,0.79933110367893,0.0334448160535117,0.0167224080267559,0.0468227424749164,0.020066889632107,0,0,0,0,0,0,0,0,0,0,0,0,0,0,0,0,0,0,0,0,0,0,0,0,0,0,0,0,0,0,0,0,0,0,0,0,0,0,0,0,0,0,0,0,0,0,0,0,0,0,0,0,0,0,0,0,0,0,0,0,0,0,0,0,0,0,0,0,0,0,0,0,0,0,0,0,0,0,0,0,0,0,0,0,0,0,0,0,0,0,0,0,0,0,0,0,0,0,0,0,0,0,0,0,0,0,0,0,0,0,0,0,0,0,0,0,0,0,0,0,0,0,0,0,0,0,0,0,0,0,0,0,0,0,0,0,0,0,0,0,0,0,0,0,0,0,0,0,0,0,0,0,0,0,0,0,0,0,0,0,0,0,0,0,0,0,0,0,0.0668896321070234,0,0.0668896321070234,83.0555555555556,83.0555555555556
"366","2000-2004","Luxembourg",0.0167224080267559,0.79933110367893,0.0334448160535117,0.0167224080267559,0.0468227424749164,0.020066889632107,0,0,0,0,0,0,0,0,0,0,0,0,0,0,0,0,0,0,0,0,0,0,0,0,0,0,0,0,0,0,0,0,0,0,0,0,0,0,0,0,0,0,0,0,0,0,0,0,0,0,0,0,0,0,0,0,0,0,0,0,0,0,0,0,0,0,0,0,0,0,0,0,0,0,0,0,0,0,0,0,0,0,0,0,0,0,0,0,0,0,0,0,0,0,0,0,0,0,0,0,0,0,0,0,0,0,0,0,0,0,0,0,0,0,0,0,0,0,0,0,0,0,0,0,0,0,0,0,0,0,0,0,0,0,0,0,0,0,0,0,0,0,0,0,0,0,0,0,0,0,0,0,0,0,0,0,0,0,0,0,0,0,0,0,0,0,0,0,0.0668896321070234,0,0.0668896321070234,16.6111111111111,16.6111111111111
"367","2010-2014","Luxembourg",0,0.767857142857143,0,0,0,0,0,0,0,0,0,0,0,0,0,0,0,0,0,0,0,0,0,0,0,0,0.160714285714286,0,0,0,0,0,0,0,0,0,0,0,0,0,0,0,0,0,0,0,0,0,0,0,0,0,0,0,0,0,0,0,0,0,0,0,0,0,0,0,0,0,0,0,0,0,0,0,0,0,0,0,0,0,0,0,0,0,0,0,0,0,0,0,0,0,0,0,0,0,0,0,0,0,0,0,0,0,0,0,0,0,0,0,0,0,0,0,0,0,0,0,0,0,0,0,0,0,0,0,0,0,0,0,0,0,0,0,0,0,0,0,0,0,0,0,0,0,0,0,0,0,0,0,0,0,0,0,0,0,0,0,0,0,0,0,0,0,0,0,0,0,0,0,0,0,0.160714285714286,0,0.0714285714285714,0,0.232142857142857,22.4,22.4
"368","2015-2019","Luxembourg",0,0.767857142857143,0,0,0,0,0,0,0,0,0,0,0,0,0,0,0,0,0,0,0,0,0,0,0,0,0.160714285714286,0,0,0,0,0,0,0,0,0,0,0,0,0,0,0,0,0,0,0,0,0,0,0,0,0,0,0,0,0,0,0,0,0,0,0,0,0,0,0,0,0,0,0,0,0,0,0,0,0,0,0,0,0,0,0,0,0,0,0,0,0,0,0,0,0,0,0,0,0,0,0,0,0,0,0,0,0,0,0,0,0,0,0,0,0,0,0,0,0,0,0,0,0,0,0,0,0,0,0,0,0,0,0,0,0,0,0,0,0,0,0,0,0,0,0,0,0,0,0,0,0,0,0,0,0,0,0,0,0,0,0,0,0,0,0,0,0,0,0,0,0,0,0,0,0,0.160714285714286,0,0.0714285714285715,0,0.232142857142857,33.6,33.6
"369","2005-2009","Madagascar",0.285714285714286,0.178571428571429,0.107142857142857,0,0,0,0,0,0,0,0,0,0,0,0.214285714285714,0,0,0,0.107142857142857,0.0357142857142857,0,0,0.0357142857142857,0,0,0,0,0,0,0,0,0,0,0,0,0,0,0,0,0,0,0,0,0,0,0,0,0,0,0,0,0,0,0,0,0,0,0,0,0,0,0,0,0,0,0,0,0,0,0,0,0,0,0,0,0,0,0,0,0,0,0,0,0,0,0,0,0,0,0,0,0,0,0,0,0,0,0,0,0,0,0,0,0,0,0,0,0,0,0,0,0,0,0,0,0,0,0,0,0,0,0,0,0,0,0,0,0,0,0,0,0,0,0,0,0,0,0,0,0,0,0,0,0,0,0,0,0,0,0,0,0,0,0,0,0,0,0,0,0,0,0,0,0,0,0,0,0,0,0,0,0,0.392857142857143,4,0.0357142857142857,0,0.428571428571429,28,28
"370","1995-1999","Malawi",0.00980392156862745,0,0.980392156862745,0.00980392156862745,0,0,0,0,0,0,0,0,0,0,0,0,0,0,0,0,0,0,0,0,0,0,0,0,0,0,0,0,0,0,0,0,0,0,0,0,0,0,0,0,0,0,0,0,0,0,0,0,0,0,0,0,0,0,0,0,0,0,0,0,0,0,0,0,0,0,0,0,0,0,0,0,0,0,0,0,0,0,0,0,0,0,0,0,0,0,0,0,0,0,0,0,0,0,0,0,0,0,0,0,0,0,0,0,0,0,0,0,0,0,0,0,0,0,0,0,0,0,0,0,0,0,0,0,0,0,0,0,0,0,0,0,0,0,0,0,0,0,0,0,0,0,0,0,0,0,0,0,0,0,0,0,0,0,0,0,0,0,0,0,0,0,0,0,0,0,0,0,0,0,0,0,0,102,102
"371","2000-2004","Malawi",0,0,1,0,0,0,0,0,0,0,0,0,0,0,0,0,0,0,0,0,0,0,0,0,0,0,0,0,0,0,0,0,0,0,0,0,0,0,0,0,0,0,0,0,0,0,0,0,0,0,0,0,0,0,0,0,0,0,0,0,0,0,0,0,0,0,0,0,0,0,0,0,0,0,0,0,0,0,0,0,0,0,0,0,0,0,0,0,0,0,0,0,0,0,0,0,0,0,0,0,0,0,0,0,0,0,0,0,0,0,0,0,0,0,0,0,0,0,0,0,0,0,0,0,0,0,0,0,0,0,0,0,0,0,0,0,0,0,0,0,0,0,0,0,0,0,0,0,0,0,0,0,0,0,0,0,0,0,0,0,0,0,0,0,0,0,0,0,0,0,0,0,0,0,0,0,0,100.6,116.6
"372","2005-2009","Malawi",0.000867001907404196,0,0.993930986648171,0.00260100572221259,0,0.00260100572221259,0,0,0,0,0,0,0,0,0,0,0,0,0,0,0,0,0,0,0,0,0,0,0,0,0,0,0,0,0,0,0,0,0,0,0,0,0,0,0,0,0,0,0,0,0,0,0,0,0,0,0,0,0,0,0,0,0,0,0,0,0,0,0,0,0,0,0,0,0,0,0,0,0,0,0,0,0,0,0,0,0,0,0,0,0,0,0,0,0,0,0,0,0,0,0,0,0,0,0,0,0,0,0,0,0,0,0,0,0,0,0,0,0,0,0,0,0,0,0,0,0,0,0,0,0,0,0,0,0,0,0,0,0,0,0,0,0,0,0,0,0,0,0,0,0,0,0,0,0,0,0,0,0,0,0,0,0,0,0,0,0,0,0,0,0,0,0,0,0,0,0,1131.4,1153.4
"373","2010-2014","Malawi",0,0,1,0,0,0,0,0,0,0,0,0,0,0,0,0,0,0,0,0,0,0,0,0,0,0,0,0,0,0,0,0,0,0,0,0,0,0,0,0,0,0,0,0,0,0,0,0,0,0,0,0,0,0,0,0,0,0,0,0,0,0,0,0,0,0,0,0,0,0,0,0,0,0,0,0,0,0,0,0,0,0,0,0,0,0,0,0,0,0,0,0,0,0,0,0,0,0,0,0,0,0,0,0,0,0,0,0,0,0,0,0,0,0,0,0,0,0,0,0,0,0,0,0,0,0,0,0,0,0,0,0,0,0,0,0,0,0,0,0,0,0,0,0,0,0,0,0,0,0,0,0,0,0,0,0,0,0,0,0,0,0,0,0,0,0,0,0,0,0,0,0,0,0,0,0,0,817,817
"374","2015-2019","Malawi",0.000748502994011976,0.000748502994011976,0.997005988023952,0.000748502994011976,0,0,0,0,0,0,0,0,0,0,0.000748502994011976,0,0,0,0,0,0,0,0,0,0,0,0,0,0,0,0,0,0,0,0,0,0,0,0,0,0,0,0,0,0,0,0,0,0,0,0,0,0,0,0,0,0,0,0,0,0,0,0,0,0,0,0,0,0,0,0,0,0,0,0,0,0,0,0,0,0,0,0,0,0,0,0,0,0,0,0,0,0,0,0,0,0,0,0,0,0,0,0,0,0,0,0,0,0,0,0,0,0,0,0,0,0,0,0,0,0,0,0,0,0,0,0,0,0,0,0,0,0,0,0,0,0,0,0,0,0,0,0,0,0,0,0,0,0,0,0,0,0,0,0,0,0,0,0,0,0,0,0,0,0,0,0,0,0,0,0,0,0.000748502994011976,0,0,0,0.000748502994011976,1336,1336
"375","2020-2022","Malawi",0,0,1,0,0,0,0,0,0,0,0,0,0,0,0,0,0,0,0,0,0,0,0,0,0,0,0,0,0,0,0,0,0,0,0,0,0,0,0,0,0,0,0,0,0,0,0,0,0,0,0,0,0,0,0,0,0,0,0,0,0,0,0,0,0,0,0,0,0,0,0,0,0,0,0,0,0,0,0,0,0,0,0,0,0,0,0,0,0,0,0,0,0,0,0,0,0,0,0,0,0,0,0,0,0,0,0,0,0,0,0,0,0,0,0,0,0,0,0,0,0,0,0,0,0,0,0,0,0,0,0,0,0,0,0,0,0,0,0,0,0,0,0,0,0,0,0,0,0,0,0,0,0,0,0,0,0,0,0,0,0,0,0,0,0,0,0,0,0,0,0,0,0,0,0,0,0,33,33
"376","1990-1994","Malaysia",0,0.4,0,0,0,0,0,0,0,0,0,0,0,0.564705882352941,0,0,0,0,0,0,0,0,0,0,0,0,0,0,0,0,0,0,0,0,0,0,0,0,0,0,0,0,0,0,0,0,0,0,0,0,0,0,0,0,0,0,0,0,0,0,0,0,0,0,0,0,0,0,0,0,0,0,0,0,0,0,0,0,0,0,0,0,0,0,0,0,0,0,0,0,0,0,0,0,0,0,0,0,0,0,0,0,0,0,0,0,0,0,0,0,0,0,0,0,0,0,0,0,0,0,0,0,0,0,0,0,0,0,0,0,0,0,0,0,0,0,0,0,0,0,0,0,0,0,0,0,0,0,0,0,0,0,0,0,0,0,0,0,0,0,0,0,0,0,0,0,0,0,0,0,0,0,0.564705882352941,0,0.0352941176470588,0,0.6,53.4,51
"377","1995-1999","Malaysia",0,0.519512195121951,0,0,0,0,0,0,0,0,0,0,0,0.465853658536585,0,0,0,0,0,0,0,0,0,0,0,0,0,0,0,0,0,0,0,0,0,0,0,0,0,0,0,0,0,0,0,0,0,0,0,0,0,0,0,0,0,0,0,0,0,0,0,0,0,0,0,0,0,0,0,0,0,0,0,0,0,0,0,0,0,0,0,0,0,0,0,0,0,0,0,0,0,0,0,0,0,0,0,0,0,0,0,0,0,0,0,0,0,0,0,0,0,0,0,0,0,0,0,0,0,0,0,0,0,0,0,0,0,0,0,0,0,0,0,0,0,0,0,0,0,0,0,0,0,0,0,0,0,0,0,0,0,0,0,0,0,0,0,0,0,0,0,0,0,0,0,0,0,0,0,0,0,0,0.465853658536585,0,0.0146341463414634,0,0.480487804878049,83.6,82
"378","2000-2004","Malaysia",0,0.211340206185567,0.00644329896907216,0,0,0.0038659793814433,0,0,0,0,0,0,0,0.529639175257732,0,0,0,0,0,0,0,0,0,0,0,0,0,0,0,0,0,0,0,0,0,0,0,0,0,0,0,0,0,0,0,0.0902061855670103,0,0,0,0,0,0,0,0,0,0,0,0,0,0,0,0,0,0,0,0,0,0,0,0,0,0,0,0,0,0,0,0,0,0,0,0,0,0,0,0,0,0,0,0,0,0,0,0,0,0,0,0,0,0,0,0,0,0,0,0,0,0,0,0,0,0,0,0,0,0,0,0,0,0,0,0,0,0,0,0,0,0,0,0,0,0,0,0,0,0,0,0,0,0,0,0,0,0,0,0,0,0,0,0,0,0,0,0,0,0,0,0,0,0,0,0,0,0,0,0,0,0,0,0,0,0,0.619845360824742,0,0.158505154639175,0,0.778350515463917,258.666666666667,258.666666666667
"379","2005-2009","Malaysia",0,0.195345788266142,0.00655522779416585,0,0,0,0,0,0,0,0,0,0,0.515240904621436,0.00262209111766634,0,0,0,0,0,0,0,0,0,0,0,0,0,0,0,0,0,0,0,0,0,0,0,0,0,0,0,0,0,0,0.170501474926254,0,0,0,0,0,0,0,0,0,0,0,0,0,0,0,0,0,0.00524418223533268,0,0.00412979351032448,0.0015732546705998,0,0,0,0,0,0,0,0,0,0,0,0,0,0,0,0,0,0,0,0,0,0,0,0,0,0,0,0,0,0,0,0,0,0,0,0,0,0,0,0,0,0,0,0,0,0,0,0,0,0,0,0,0,0,0,0,0,0,0,0,0,0,0,0,0,0,0,0,0,0,0,0,0,0,0,0,0,0,0,0,0,0,0,0,0,0,0,0,0,0,0,0,0,0,0,0,0,0,0,0,0,0,0,0,0,0.699311701081613,0,0.0987872828580793,0,0.798098983939692,255.25,254.25
"380","2010-2014","Malaysia",0,0.124591185173649,0.00124591185173649,0,0,0.0242952811088615,0,0,0,0,0,0,0,0.332658464413643,0.00436069148107771,0,0,0,0,0.00186886777760473,0,0,0,0,0,0,0,0.0056066033328142,0,0,0,0,0,0,0,0,0,0,0,0,0,0,0,0,0,0.406136115869802,0,0,0,0,0,0,0,0,0,0,0,0.00373773555520947,0,0,0.00186886777760473,0,0,0.00124591185173649,0,0.00551315994393397,0.0123345273321912,0,0,0,0,0,0,0,0,0,0,0,0,0,0,0,0,0,0,0,0.0056066033328142,0,0,0,0,0,0,0,0,0,0,0,0,0,0,0,0,0,0,0,0,0,0,0,0,0,0,0,0,0,0,0,0,0,0,0,0,0,0,0,0,0,0,0,0,0,0,0,0,0,0,0,0,0,0,0,0,0,0,0,0,0,0,0,0,0,0,0,0,0,0,0,0,0,0,0,0,0,0,0,0,0,0,0,0,0,0.780937548668432,45,0.0689300731973213,0,0.849867621865753,535.083333333333,535.083333333333
"381","1995-1999","Mali",0.811320754716981,0,0.0283018867924528,0.0141509433962264,0,0.14622641509434,0,0,0,0,0,0,0,0,0,0,0,0,0,0,0,0,0,0,0,0,0,0,0,0,0,0,0,0,0,0,0,0,0,0,0,0,0,0,0,0,0,0,0,0,0,0,0,0,0,0,0,0,0,0,0,0,0,0,0,0,0,0,0,0,0,0,0,0,0,0,0,0,0,0,0,0,0,0,0,0,0,0,0,0,0,0,0,0,0,0,0,0,0,0,0,0,0,0,0,0,0,0,0,0,0,0,0,0,0,0,0,0,0,0,0,0,0,0,0,0,0,0,0,0,0,0,0,0,0,0,0,0,0,0,0,0,0,0,0,0,0,0,0,0,0,0,0,0,0,0,0,0,0,0,0,0,0,0,0,0,0,0,0,0,0,0,0,0,0,0,0,212,212
"382","2000-2004","Mali",0.130434782608696,0,0,0,0,0,0,0,0,0,0,0,0,0,0.695652173913043,0,0,0,0.0869565217391304,0,0,0.0869565217391304,0,0,0,0,0,0,0,0,0,0,0,0,0,0,0,0,0,0,0,0,0,0,0,0,0,0,0,0,0,0,0,0,0,0,0,0,0,0,0,0,0,0,0,0,0,0,0,0,0,0,0,0,0,0,0,0,0,0,0,0,0,0,0,0,0,0,0,0,0,0,0,0,0,0,0,0,0,0,0,0,0,0,0,0,0,0,0,0,0,0,0,0,0,0,0,0,0,0,0,0,0,0,0,0,0,0,0,0,0,0,0,0,0,0,0,0,0,0,0,0,0,0,0,0,0,0,0,0,0,0,0,0,0,0,0,0,0,0,0,0,0,0,0,0,0,0,0,0,0,0,0.869565217391304,0,0,0,0.869565217391304,15.3333333333333,15.3333333333333
"383","2005-2009","Mali",0.0206579954093344,0.0137719969395562,0.00918133129303749,0,0.00459066564651875,0.0114766641162969,0,0,0,0,0,0,0,0.00688599846977812,0.732976281560826,0,0,0,0.116296863045142,0,0,0.0175975516449885,0,0,0,0.00229533282325937,0,0,0,0,0.00229533282325937,0,0,0,0,0,0,0,0,0,0,0,0,0,0,0,0,0,0,0,0,0,0,0,0,0,0,0,0,0,0,0,0,0,0,0,0,0,0,0,0,0,0,0,0,0,0,0,0,0,0,0,0,0,0,0,0,0,0,0,0,0,0,0,0,0,0,0,0,0,0,0,0,0,0,0,0,0,0,0,0,0,0,0,0,0,0,0,0,0,0,0,0,0,0,0,0,0,0,0,0,0,0,0,0,0,0,0,0,0,0,0,0,0,0,0,0,0,0,0,0,0,0,0,0,0,0,0,0,0,0,0,0,0,0,0,0,0,0,0,0,0,0.878347360367253,0,0.0619739862280031,0,0.940321346595256,433.666666666667,435.666666666667
"384","2010-2014","Mali",0.0131004366812227,0.00873362445414847,0.00436681222707424,0.00873362445414847,0.00873362445414847,0.0262008733624454,0,0,0,0,0,0,0,0.0218340611353712,0.7117903930131,0,0,0.00436681222707424,0.074235807860262,0,0,0.00873362445414847,0,0.00873362445414847,0,0.00436681222707424,0,0.00436681222707424,0,0,0,0,0,0,0,0,0,0,0.00436681222707424,0,0,0,0.0349344978165939,0,0,0,0,0,0,0,0,0,0,0,0,0,0,0.00436681222707424,0,0,0,0,0,0,0,0,0,0,0,0,0,0,0,0,0,0,0,0,0,0,0,0,0,0,0,0,0,0,0,0,0,0,0,0,0,0,0,0,0,0,0,0,0,0,0,0,0,0,0,0,0,0,0,0,0,0,0,0,0,0,0,0,0,0,0,0,0,0,0,0,0,0,0,0,0,0,0,0,0,0,0,0,0,0,0,0,0,0,0,0,0,0,0,0,0,0,0,0,0,0,0,0,0,0,0,0,0,0,0,0,0,0,0.882096069868996,0,0.0480349344978166,0,0.930131004366812,229,229
"385","1995-1999","Martinique",0.00488826815642458,0.870810055865922,0.00768156424581005,0.00907821229050279,0.00558659217877095,0.00279329608938547,0.000698324022346369,0,0,0,0,0,0,0.00418994413407821,0.0677374301675978,0,0,0,0.000698324022346369,0,0,0,0,0.00209497206703911,0.000698324022346369,0,0,0,0,0,0.000698324022346369,0,0,0,0,0,0.000698324022346369,0,0,0,0,0,0,0,0,0,0,0,0,0.00209497206703911,0,0,0,0,0,0,0,0,0,0,0,0,0,0,0,0,0,0,0,0,0,0,0,0,0,0,0,0,0,0,0,0,0,0,0,0,0,0,0,0,0,0,0,0,0,0,0,0,0,0,0,0,0,0,0,0,0,0,0,0,0,0,0,0,0,0,0,0,0,0,0,0,0,0,0,0,0,0,0,0,0,0,0,0,0,0,0,0,0,0,0,0,0,0,0,0,0,0,0,0,0,0,0,0,0,0,0,0,0,0,0,0,0,0,0,0,0,0,0,0,0,0,0.0789106145251396,0,0.0195530726256983,0,0.098463687150838,298.333333333333,298.333333333333
"386","2000-2004","Martinique",0.00488826815642458,0.870810055865922,0.00768156424581005,0.00907821229050279,0.00558659217877095,0.00279329608938547,0.000698324022346369,0,0,0,0,0,0,0.00418994413407821,0.0677374301675978,0,0,0,0.000698324022346369,0,0,0,0,0.00209497206703911,0.000698324022346369,0,0,0,0,0,0.000698324022346369,0,0,0,0,0,0.000698324022346369,0,0,0,0,0,0,0,0,0,0,0,0,0.00209497206703911,0,0,0,0,0,0,0,0,0,0,0,0,0,0,0,0,0,0,0,0,0,0,0,0,0,0,0,0,0,0,0,0,0,0,0,0,0,0,0,0,0,0,0,0,0,0,0,0,0,0,0,0,0,0,0,0,0,0,0,0,0,0,0,0,0,0,0,0,0,0,0,0,0,0,0,0,0,0,0,0,0,0,0,0,0,0,0,0,0,0,0,0,0,0,0,0,0,0,0,0,0,0,0,0,0,0,0,0,0,0,0,0,0,0,0,0,0,0,0,0,0,0,0.0789106145251396,0,0.0195530726256983,0,0.098463687150838,298.333333333333,298.333333333333
"387","2005-2009","Martinique",0.00488826815642458,0.870810055865922,0.00768156424581005,0.00907821229050279,0.00558659217877095,0.00279329608938547,0.000698324022346369,0,0,0,0,0,0,0.00418994413407821,0.0677374301675978,0,0,0,0.000698324022346369,0,0,0,0,0.00209497206703911,0.000698324022346369,0,0,0,0,0,0.000698324022346369,0,0,0,0,0,0.000698324022346369,0,0,0,0,0,0,0,0,0,0,0,0,0.00209497206703911,0,0,0,0,0,0,0,0,0,0,0,0,0,0,0,0,0,0,0,0,0,0,0,0,0,0,0,0,0,0,0,0,0,0,0,0,0,0,0,0,0,0,0,0,0,0,0,0,0,0,0,0,0,0,0,0,0,0,0,0,0,0,0,0,0,0,0,0,0,0,0,0,0,0,0,0,0,0,0,0,0,0,0,0,0,0,0,0,0,0,0,0,0,0,0,0,0,0,0,0,0,0,0,0,0,0,0,0,0,0,0,0,0,0,0,0,0,0,0,0,0,0,0.0789106145251396,0,0.0195530726256983,0,0.098463687150838,298.333333333333,298.333333333333
"388","2010-2014","Martinique",0.00488826815642458,0.870810055865922,0.00768156424581005,0.00907821229050279,0.00558659217877095,0.00279329608938547,0.000698324022346369,0,0,0,0,0,0,0.00418994413407821,0.0677374301675978,0,0,0,0.000698324022346369,0,0,0,0,0.00209497206703911,0.000698324022346369,0,0,0,0,0,0.000698324022346369,0,0,0,0,0,0.000698324022346369,0,0,0,0,0,0,0,0,0,0,0,0,0.00209497206703911,0,0,0,0,0,0,0,0,0,0,0,0,0,0,0,0,0,0,0,0,0,0,0,0,0,0,0,0,0,0,0,0,0,0,0,0,0,0,0,0,0,0,0,0,0,0,0,0,0,0,0,0,0,0,0,0,0,0,0,0,0,0,0,0,0,0,0,0,0,0,0,0,0,0,0,0,0,0,0,0,0,0,0,0,0,0,0,0,0,0,0,0,0,0,0,0,0,0,0,0,0,0,0,0,0,0,0,0,0,0,0,0,0,0,0,0,0,0,0,0,0,0,0.0789106145251396,0,0.0195530726256983,0,0.098463687150838,298.333333333333,298.333333333333
"389","2015-2019","Martinique",0.00488826815642458,0.870810055865922,0.00768156424581005,0.00907821229050279,0.00558659217877095,0.00279329608938547,0.000698324022346369,0,0,0,0,0,0,0.00418994413407821,0.0677374301675978,0,0,0,0.000698324022346369,0,0,0,0,0.00209497206703911,0.000698324022346369,0,0,0,0,0,0.000698324022346369,0,0,0,0,0,0.000698324022346369,0,0,0,0,0,0,0,0,0,0,0,0,0.00209497206703911,0,0,0,0,0,0,0,0,0,0,0,0,0,0,0,0,0,0,0,0,0,0,0,0,0,0,0,0,0,0,0,0,0,0,0,0,0,0,0,0,0,0,0,0,0,0,0,0,0,0,0,0,0,0,0,0,0,0,0,0,0,0,0,0,0,0,0,0,0,0,0,0,0,0,0,0,0,0,0,0,0,0,0,0,0,0,0,0,0,0,0,0,0,0,0,0,0,0,0,0,0,0,0,0,0,0,0,0,0,0,0,0,0,0,0,0,0,0,0,0,0,0,0.0789106145251397,0,0.0195530726256983,0,0.098463687150838,238.666666666667,238.666666666667
"390","2000-2004","Mauritania",0.765957446808511,0.0425531914893617,0.0212765957446809,0.0212765957446809,0,0.148936170212766,0,0,0,0,0,0,0,0,0,0,0,0,0,0,0,0,0,0,0,0,0,0,0,0,0,0,0,0,0,0,0,0,0,0,0,0,0,0,0,0,0,0,0,0,0,0,0,0,0,0,0,0,0,0,0,0,0,0,0,0,0,0,0,0,0,0,0,0,0,0,0,0,0,0,0,0,0,0,0,0,0,0,0,0,0,0,0,0,0,0,0,0,0,0,0,0,0,0,0,0,0,0,0,0,0,0,0,0,0,0,0,0,0,0,0,0,0,0,0,0,0,0,0,0,0,0,0,0,0,0,0,0,0,0,0,0,0,0,0,0,0,0,0,0,0,0,0,0,0,0,0,0,0,0,0,0,0,0,0,0,0,0,0,0,0,0,0,0,0,0,0,58,47
"391","2005-2009","Mauritania",0.0461538461538462,0.0153846153846154,0.0153846153846154,0,0,0,0.0153846153846154,0,0,0,0,0,0,0,0.646153846153846,0,0,0,0.0923076923076923,0,0,0,0,0.0153846153846154,0,0,0,0,0,0,0,0,0,0,0,0,0,0,0,0,0,0,0,0,0,0,0,0,0,0,0,0,0,0,0,0,0,0,0,0,0,0,0,0,0,0,0,0,0,0,0,0,0,0,0,0,0,0,0,0,0,0,0,0,0,0,0,0,0,0,0,0,0,0,0,0,0,0,0,0,0,0,0,0,0,0,0,0,0,0,0,0,0,0,0,0,0,0,0,0,0,0,0,0,0,0,0,0,0,0,0,0,0,0,0,0,0,0,0,0,0,0,0,0,0,0,0,0,0,0,0,0,0,0,0,0,0,0,0,0,0,0,0,0,0,0,0,0,0,0,0,0,0.753846153846154,0,0.153846153846154,0,0.907692307692308,32.5,32.5
"392","2010-2014","Mauritania",0.0461538461538462,0.0153846153846154,0.0153846153846154,0,0,0,0.0153846153846154,0,0,0,0,0,0,0,0.646153846153846,0,0,0,0.0923076923076923,0,0,0,0,0.0153846153846154,0,0,0,0,0,0,0,0,0,0,0,0,0,0,0,0,0,0,0,0,0,0,0,0,0,0,0,0,0,0,0,0,0,0,0,0,0,0,0,0,0,0,0,0,0,0,0,0,0,0,0,0,0,0,0,0,0,0,0,0,0,0,0,0,0,0,0,0,0,0,0,0,0,0,0,0,0,0,0,0,0,0,0,0,0,0,0,0,0,0,0,0,0,0,0,0,0,0,0,0,0,0,0,0,0,0,0,0,0,0,0,0,0,0,0,0,0,0,0,0,0,0,0,0,0,0,0,0,0,0,0,0,0,0,0,0,0,0,0,0,0,0,0,0,0,0,0,0,0.753846153846154,0,0.153846153846154,0,0.907692307692308,32.5,32.5
"393","1995-1999","Mexico",0,1,0,0,0,0,0,0,0,0,0,0,0,0,0,0,0,0,0,0,0,0,0,0,0,0,0,0,0,0,0,0,0,0,0,0,0,0,0,0,0,0,0,0,0,0,0,0,0,0,0,0,0,0,0,0,0,0,0,0,0,0,0,0,0,0,0,0,0,0,0,0,0,0,0,0,0,0,0,0,0,0,0,0,0,0,0,0,0,0,0,0,0,0,0,0,0,0,0,0,0,0,0,0,0,0,0,0,0,0,0,0,0,0,0,0,0,0,0,0,0,0,0,0,0,0,0,0,0,0,0,0,0,0,0,0,0,0,0,0,0,0,0,0,0,0,0,0,0,0,0,0,0,0,0,0,0,0,0,0,0,0,0,0,0,0,0,0,0,0,0,0,0,0,0,0,0,65,65
"394","2000-2004","Mexico",0,0.99116781157998,0,0,0,0,0,0,0,0,0,0,0,0,0,0,0,0,0,0,0,0,0,0,0,0,0,0,0,0,0,0,0,0,0,0,0,0,0,0,0,0,0,0,0,0,0,0,0,0,0,0,0,0,0,0,0,0,0,0,0,0,0,0,0,0,0,0,0,0,0,0,0,0,0,0,0,0,0,0,0,0,0,0,0,0,0,0,0,0,0,0,0,0,0,0,0,0,0,0,0,0,0,0,0,0,0,0,0,0,0,0,0,0,0,0,0,0,0,0,0,0,0,0,0,0,0,0,0,0,0,0,0,0,0,0,0,0,0,0,0,0,0,0,0,0,0,0,0,0,0,0,0,0,0,0,0,0,0,0,0,0,0,0,0,0,0,0,0,0,0,0,0,0,0.00883218842001963,0,0.00883218842001963,339.666666666667,339.666666666667
"395","2005-2009","Mexico",0,0.998807204484911,0,0,0,0,0,0,0,0,0,0,0,0,0,0,0,0,0.000596397757544432,0,0,0,0,0,0.000596397757544432,0,0,0,0,0,0,0,0,0,0,0,0,0,0,0,0,0,0,0,0,0,0,0,0,0,0,0,0,0,0,0,0,0,0,0,0,0,0,0,0,0,0,0,0,0,0,0,0,0,0,0,0,0,0,0,0,0,0,0,0,0,0,0,0,0,0,0,0,0,0,0,0,0,0,0,0,0,0,0,0,0,0,0,0,0,0,0,0,0,0,0,0,0,0,0,0,0,0,0,0,0,0,0,0,0,0,0,0,0,0,0,0,0,0,0,0,0,0,0,0,0,0,0,0,0,0,0,0,0,0,0,0,0,0,0,0,0,0,0,0,0,0,0,0,0,0,0,0.00119279551508886,0,0,0,0.00119279551508886,1397.27777777778,1397.27777777778
"396","2010-2014","Mexico",0,0.999099903239598,0,0,0,0,0,0,0,0,0,0,0,0,0.000675072570301307,0,0,0,0.000112512095050218,0,0,0,0,0,0.000112512095050218,0,0,0,0,0,0,0,0,0,0,0,0,0,0,0,0,0,0,0,0,0,0,0,0,0,0,0,0,0,0,0,0,0,0,0,0,0,0,0,0,0,0,0,0,0,0,0,0,0,0,0,0,0,0,0,0,0,0,0,0,0,0,0,0,0,0,0,0,0,0,0,0,0,0,0,0,0,0,0,0,0,0,0,0,0,0,0,0,0,0,0,0,0,0,0,0,0,0,0,0,0,0,0,0,0,0,0,0,0,0,0,0,0,0,0,0,0,0,0,0,0,0,0,0,0,0,0,0,0,0,0,0,0,0,0,0,0,0,0,0,0,0,0,0,0,0,0,0.000900096760401743,0,0,0,0.000900096760401743,1496.92222222222,1481.32222222222
"397","2015-2019","Mexico",0,0.991818394975297,0,0,0,0,0,0,0,0,0,0,0,0.0021701208449669,0.00182090599635154,0,0,0,0,0,0,0,0,0.000199551342065922,9.97756710329609e-05,0,0,0,0,0,0.000199551342065922,0,0.000199551342065922,0,0,0,0,0,0,0,0,0,0,0,0,0,0,0,0,0,0,0,0,0,0,0,0,0,0,0,0,0,0,0,0,0,0,0,0,0,0,0,0,0,0,0,0,0,0,0,0,0,0,0,0,0,0,0,0,0,0,0,0,0,0,0,0,0,0,0,0,0,0,0,0,0,0,0,0,0,0,0,0,0,0,0,0,0,0,0,0,0,0,0,0,0,0,0,0,0,0,0,0,0,0,0,0,0,0,0,0,0,0,0,0,0,0,0,0,0,0,0,0,0,0,0,0,0,0,0,0,0,0,0,0,0,0,0,0,0,0,0,0.00468945653854916,0,0.0017959620785933,0.00169618640756034,0.00818160502470279,10058.8833333333,10022.4833333333
"398","2020-2022","Mexico",0,0.990959770980865,0,0,0,0,0,0,0,0,0,0,0,0.00256139822208829,0.0028627391893928,0,0,0,0,0,0,0,0,0,0,0,0,0,0,0,0,0,0,0,0,0,0,0,0,0,0,0,0,0,0,0,0,0,0,0,0,0,0,0,0,0,0,0,0,0,0,0,0,0,0,0,0,0,0,0,0,0,0,0,0,0,0,0,0,0,0,0,0,0,0,0,0,0,0,0,0,0,0,0,0,0,0,0,0,0,0,0,0,0,0,0,0,0,0,0,0,0,0,0,0,0,0,0,0,0,0,0,0,0,0,0,0,0,0,0,0,0,0,0,0,0,0,0,0,0,0,0,0,0,0,0,0,0,0,0,0,0,0,0,0,0,0,0,0,0,0,0,0,0,0,0,0,0,0,0,0,0,0.00542413741148109,0,0.00361609160765406,0,0.00904022901913515,1665.25,1659.25
"399","1995-1999","Moldova (the Republic of)",0.783132530120482,0.0120481927710843,0,0,0,0,0,0,0,0,0,0,0,0,0,0,0,0,0,0,0,0,0,0,0,0,0,0,0,0,0,0,0,0,0,0,0,0,0,0,0,0,0,0,0,0,0,0,0,0,0,0,0,0,0,0,0,0,0,0,0,0,0,0,0,0,0,0,0,0,0,0,0,0,0,0,0,0,0,0,0,0,0,0,0,0,0,0,0,0,0,0,0,0,0,0,0,0,0,0,0,0,0,0,0,0,0,0,0,0,0,0,0,0,0,0,0,0,0,0,0,0,0,0,0,0,0,0,0,0,0,0,0,0,0,0,0,0,0,0,0,0,0,0,0,0,0,0,0,0,0,0,0,0,0,0,0,0,0,0,0,0,0,0,0,0,0,0,0,0,0,0,0,0,0.204819277108434,0,0.204819277108434,83,83
"400","2005-2009","Mongolia",0,0.780487804878049,0.0487804878048781,0,0,0.0487804878048781,0,0,0,0,0,0,0,0.024390243902439,0.0975609756097561,0,0,0,0,0,0,0,0,0,0,0,0,0,0,0,0,0,0,0,0,0,0,0,0,0,0,0,0,0,0,0,0,0,0,0,0,0,0,0,0,0,0,0,0,0,0,0,0,0,0,0,0,0,0,0,0,0,0,0,0,0,0,0,0,0,0,0,0,0,0,0,0,0,0,0,0,0,0,0,0,0,0,0,0,0,0,0,0,0,0,0,0,0,0,0,0,0,0,0,0,0,0,0,0,0,0,0,0,0,0,0,0,0,0,0,0,0,0,0,0,0,0,0,0,0,0,0,0,0,0,0,0,0,0,0,0,0,0,0,0,0,0,0,0,0,0,0,0,0,0,0,0,0,0,0,0,0,0.121951219512195,0,0,0,0.121951219512195,41,41
"401","2010-2014","Mongolia",0.020979020979021,0.475524475524476,0.020979020979021,0,0,0,0,0,0,0,0,0,0,0.027972027972028,0.0839160839160839,0,0,0,0,0,0,0,0,0,0,0,0,0,0,0,0,0,0,0,0,0,0,0,0,0,0,0,0,0,0,0,0,0,0,0,0,0,0,0,0,0,0,0,0,0,0,0,0,0.146853146853147,0,0,0,0,0,0,0,0,0,0,0,0,0,0,0,0,0,0,0,0,0,0,0,0,0,0,0,0,0,0,0,0,0,0,0,0,0,0,0,0,0,0,0,0,0,0,0,0,0,0,0,0,0,0,0,0,0,0,0,0,0,0,0,0,0,0,0,0,0,0,0,0,0,0,0,0,0,0,0,0,0,0,0,0,0,0,0,0,0,0,0,0,0,0,0,0,0,0,0,0,0,0,0,0,0,0,0,0,0.258741258741259,0,0.223776223776224,0,0.482517482517483,102.142857142857,102.142857142857
"402","2015-2019","Mongolia",0.020979020979021,0.475524475524476,0.020979020979021,0,0,0,0,0,0,0,0,0,0,0.027972027972028,0.0839160839160839,0,0,0,0,0,0,0,0,0,0,0,0,0,0,0,0,0,0,0,0,0,0,0,0,0,0,0,0,0,0,0,0,0,0,0,0,0,0,0,0,0,0,0,0,0,0,0,0,0.146853146853147,0,0,0,0,0,0,0,0,0,0,0,0,0,0,0,0,0,0,0,0,0,0,0,0,0,0,0,0,0,0,0,0,0,0,0,0,0,0,0,0,0,0,0,0,0,0,0,0,0,0,0,0,0,0,0,0,0,0,0,0,0,0,0,0,0,0,0,0,0,0,0,0,0,0,0,0,0,0,0,0,0,0,0,0,0,0,0,0,0,0,0,0,0,0,0,0,0,0,0,0,0,0,0,0,0,0,0,0,0.258741258741259,0,0.223776223776224,0,0.482517482517483,40.8571428571429,40.8571428571429
"403","1995-1999","Montenegro",0.03125,0.84375,0.125,0,0,0,0,0,0,0,0,0,0,0,0,0,0,0,0,0,0,0,0,0,0,0,0,0,0,0,0,0,0,0,0,0,0,0,0,0,0,0,0,0,0,0,0,0,0,0,0,0,0,0,0,0,0,0,0,0,0,0,0,0,0,0,0,0,0,0,0,0,0,0,0,0,0,0,0,0,0,0,0,0,0,0,0,0,0,0,0,0,0,0,0,0,0,0,0,0,0,0,0,0,0,0,0,0,0,0,0,0,0,0,0,0,0,0,0,0,0,0,0,0,0,0,0,0,0,0,0,0,0,0,0,0,0,0,0,0,0,0,0,0,0,0,0,0,0,0,0,0,0,0,0,0,0,0,0,0,0,0,0,0,0,0,0,0,0,0,0,0,0,0,0,0,0,6.85714285714286,6.85714285714286
"404","2000-2004","Montenegro",0.03125,0.84375,0.125,0,0,0,0,0,0,0,0,0,0,0,0,0,0,0,0,0,0,0,0,0,0,0,0,0,0,0,0,0,0,0,0,0,0,0,0,0,0,0,0,0,0,0,0,0,0,0,0,0,0,0,0,0,0,0,0,0,0,0,0,0,0,0,0,0,0,0,0,0,0,0,0,0,0,0,0,0,0,0,0,0,0,0,0,0,0,0,0,0,0,0,0,0,0,0,0,0,0,0,0,0,0,0,0,0,0,0,0,0,0,0,0,0,0,0,0,0,0,0,0,0,0,0,0,0,0,0,0,0,0,0,0,0,0,0,0,0,0,0,0,0,0,0,0,0,0,0,0,0,0,0,0,0,0,0,0,0,0,0,0,0,0,0,0,0,0,0,0,0,0,0,0,0,0,11.4285714285714,11.4285714285714
"405","2005-2009","Montenegro",0.03125,0.84375,0.125,0,0,0,0,0,0,0,0,0,0,0,0,0,0,0,0,0,0,0,0,0,0,0,0,0,0,0,0,0,0,0,0,0,0,0,0,0,0,0,0,0,0,0,0,0,0,0,0,0,0,0,0,0,0,0,0,0,0,0,0,0,0,0,0,0,0,0,0,0,0,0,0,0,0,0,0,0,0,0,0,0,0,0,0,0,0,0,0,0,0,0,0,0,0,0,0,0,0,0,0,0,0,0,0,0,0,0,0,0,0,0,0,0,0,0,0,0,0,0,0,0,0,0,0,0,0,0,0,0,0,0,0,0,0,0,0,0,0,0,0,0,0,0,0,0,0,0,0,0,0,0,0,0,0,0,0,0,0,0,0,0,0,0,0,0,0,0,0,0,0,0,0,0,0,11.4285714285714,11.4285714285714
"406","2010-2014","Montenegro",0.203853955375254,0.733265720081136,0.0628803245436105,0,0,0,0,0,0,0,0,0,0,0,0,0,0,0,0,0,0,0,0,0,0,0,0,0,0,0,0,0,0,0,0,0,0,0,0,0,0,0,0,0,0,0,0,0,0,0,0,0,0,0,0,0,0,0,0,0,0,0,0,0,0,0,0,0,0,0,0,0,0,0,0,0,0,0,0,0,0,0,0,0,0,0,0,0,0,0,0,0,0,0,0,0,0,0,0,0,0,0,0,0,0,0,0,0,0,0,0,0,0,0,0,0,0,0,0,0,0,0,0,0,0,0,0,0,0,0,0,0,0,0,0,0,0,0,0,0,0,0,0,0,0,0,0,0,0,0,0,0,0,0,0,0,0,0,0,0,0,0,0,0,0,0,0,0,0,0,0,0,0,0,0,0,0,14.2857142857143,14.0857142857143
"407","2015-2019","Montenegro",0.23728813559322,0.711864406779661,0.0508474576271186,0,0,0,0,0,0,0,0,0,0,0,0,0,0,0,0,0,0,0,0,0,0,0,0,0,0,0,0,0,0,0,0,0,0,0,0,0,0,0,0,0,0,0,0,0,0,0,0,0,0,0,0,0,0,0,0,0,0,0,0,0,0,0,0,0,0,0,0,0,0,0,0,0,0,0,0,0,0,0,0,0,0,0,0,0,0,0,0,0,0,0,0,0,0,0,0,0,0,0,0,0,0,0,0,0,0,0,0,0,0,0,0,0,0,0,0,0,0,0,0,0,0,0,0,0,0,0,0,0,0,0,0,0,0,0,0,0,0,0,0,0,0,0,0,0,0,0,0,0,0,0,0,0,0,0,0,0,0,0,0,0,0,0,0,0,0,0,0,0,0,0,0,0,0,48,47.2
"408","2000-2004","Morocco",0,0.78125,0.01875,0,0.00625,0.0125,0,0,0,0,0,0,0,0,0.1625,0,0,0,0,0,0,0,0,0,0,0,0,0,0,0,0,0,0,0,0,0,0,0,0,0,0,0,0,0,0,0,0,0,0,0,0,0,0,0,0,0,0,0,0,0,0,0,0,0,0,0,0,0,0,0,0,0,0,0,0,0,0,0,0,0,0,0,0,0,0,0,0,0,0,0,0,0,0,0,0,0,0,0,0,0,0,0,0,0,0,0,0,0,0,0,0,0,0,0,0,0,0,0,0,0,0,0,0,0,0,0,0,0,0,0,0,0,0,0,0,0,0,0,0,0,0,0,0,0,0,0,0,0,0,0,0,0,0,0,0,0,0,0,0,0,0,0,0,0,0,0,0,0,0,0,0,0,0.1625,0,0.01875,0,0.18125,48.5,40
"409","2005-2009","Morocco",0.0416087402227184,0.711947592366348,0.0176026175731277,0,0.00987909171335889,0.0140568170647793,0,0,0,0,0,0,0,0.00471837216160425,0.187653592843802,0,0,0,0,0,0,0.00294898260100265,0,0,0,0,0,0,0,0,0,0,0,0,0,0,0,0.00294898260100265,0,0,0,0,0,0,0,0,0,0,0,0,0,0,0,0,0,0,0,0,0,0,0,0,0,0,0,0,0,0,0,0,0,0,0,0,0,0,0,0,0,0,0,0,0,0,0,0,0,0,0,0,0,0,0,0,0,0,0,0,0,0,0,0,0,0,0,0,0,0,0,0,0,0,0,0,0,0,0,0,0,0,0,0,0,0,0,0,0,0,0,0,0,0,0,0,0,0,0,0,0,0,0,0,0,0,0,0,0,0,0,0,0,0,0,0,0,0,0,0,0,0,0,0,0,0,0,0,0,0,0,0,0,0,0.198269930207412,0,0.00663521085225597,0,0.204905141059668,347.6,339.1
"410","2010-2014","Morocco",0.0289527823774399,0.735059461086858,0.0210246374629936,0,0.00421496311907271,0.00772743238496663,0,0,0,0,0,0,0,0.00421496311907271,0.198805760449596,0,0,0,0,0,0,0,0,0,0,0,0,0,0,0,0,0,0,0,0,0,0,0,0,0,0,0,0,0,0,0,0,0,0,0,0,0,0,0,0,0,0,0,0,0,0,0,0,0,0,0,0,0,0,0,0,0,0,0,0,0,0,0,0,0,0,0,0,0,0,0,0,0,0,0,0,0,0,0,0,0,0,0,0,0,0,0,0,0,0,0,0,0,0,0,0,0,0,0,0,0,0,0,0,0,0,0,0,0,0,0,0,0,0,0,0,0,0,0,0,0,0,0,0,0,0,0,0,0,0,0,0,0,0,0,0,0,0,0,0,0,0,0,0,0,0,0,0,0,0,0,0,0,0,0,0,0,0.203020723568669,0,0,0,0.203020723568669,94.9,94.9
"411","2015-2019","Morocco",0.012987012987013,0.779220779220779,0.025974025974026,0,0,0,0,0,0,0,0,0,0,0,0.181818181818182,0,0,0,0,0,0,0,0,0,0,0,0,0,0,0,0,0,0,0,0,0,0,0,0,0,0,0,0,0,0,0,0,0,0,0,0,0,0,0,0,0,0,0,0,0,0,0,0,0,0,0,0,0,0,0,0,0,0,0,0,0,0,0,0,0,0,0,0,0,0,0,0,0,0,0,0,0,0,0,0,0,0,0,0,0,0,0,0,0,0,0,0,0,0,0,0,0,0,0,0,0,0,0,0,0,0,0,0,0,0,0,0,0,0,0,0,0,0,0,0,0,0,0,0,0,0,0,0,0,0,0,0,0,0,0,0,0,0,0,0,0,0,0,0,0,0,0,0,0,0,0,0,0,0,0,0,0,0.181818181818182,0,0,0,0.181818181818182,11,11
"412","2000-2004","Mozambique",0.0143198090692124,0,0.9236276849642,0.00954653937947494,0,0.00954653937947494,0,0,0,0,0,0,0,0,0,0,0,0,0,0,0,0,0,0,0,0,0,0,0,0,0,0,0,0,0,0,0,0,0,0,0,0,0,0,0,0,0,0,0,0.0167064439140811,0,0,0,0,0,0,0,0,0,0,0,0,0,0,0,0,0,0,0,0,0,0,0,0,0,0,0,0,0,0,0,0,0,0,0,0,0,0,0,0,0,0,0,0,0,0,0,0,0,0,0,0,0,0,0,0,0,0,0,0,0,0,0,0,0,0,0,0,0,0,0,0,0,0,0,0,0,0,0,0,0,0,0,0,0,0,0,0,0,0,0,0,0,0,0,0,0,0,0,0,0,0,0,0,0,0,0,0,0,0,0,0,0,0,0,0,0,0,0,0,0,0,0.0167064439140811,0,0.0262529832935561,0,0.0429594272076372,419,419
"413","2005-2009","Mozambique",0.0110544217687075,0,0.97108843537415,0.00595238095238095,0,0.00340136054421769,0,0,0,0,0,0,0,0,0,0,0,0,0,0,0,0,0,0,0,0,0,0,0,0,0,0,0,0,0,0,0,0,0,0,0,0,0,0,0,0,0,0,0,0,0,0,0,0,0,0,0,0,0,0,0,0,0,0,0,0,0,0,0,0,0,0,0,0,0,0,0,0,0,0,0,0,0,0,0,0,0,0,0,0,0,0,0,0,0,0,0,0,0,0,0,0,0,0,0,0,0,0,0,0,0,0,0,0,0,0,0,0,0,0,0,0,0,0,0,0,0,0,0,0,0,0,0,0,0,0,0,0,0,0,0,0,0,0,0,0,0,0,0,0,0,0,0,0,0,0,0,0,0,0,0,0,0,0,0,0,0,0,0,0,0,0,0,0,0.00850340136054422,0,0.00850340136054422,589,588
"414","2010-2014","Mozambique",0.0145385587863464,0.00252844500632111,0.957016434892541,0.00821744627054362,0,0.00632111251580278,0,0,0,0,0,0,0,0,0,0,0,0,0,0,0,0,0.00126422250316056,0,0,0,0,0,0,0,0,0,0,0,0,0,0,0,0,0,0,0,0,0,0,0,0,0,0,0,0,0,0,0,0,0,0,0,0,0,0,0,0,0,0,0,0,0,0,0,0,0,0,0,0,0,0,0,0,0,0,0,0,0,0,0,0,0,0,0,0,0,0,0,0,0,0,0,0,0,0,0,0,0,0,0,0,0,0,0,0,0,0,0,0,0,0,0,0,0,0,0,0,0,0,0,0,0,0,0,0,0,0,0,0,0,0,0,0,0,0,0,0,0,0,0,0,0,0,0,0,0,0,0,0,0,0,0,0,0,0,0,0,0,0,0,0,0,0,0,0,0,0.00126422250316056,0,0.0101137800252845,0,0.011378002528445,792,791
"415","1995-1999","Myanmar",0,0.545205479452055,0.0958904109589041,0,0,0,0,0,0,0,0,0,0,0.224657534246575,0,0,0,0,0,0,0,0,0,0,0,0,0,0,0,0,0,0,0,0,0,0,0,0,0,0,0,0,0,0,0,0,0,0,0,0,0,0,0,0,0,0,0,0,0,0,0,0,0,0,0,0,0,0,0,0,0,0,0,0,0,0,0,0,0,0,0,0,0,0,0,0,0,0,0,0,0,0,0,0,0,0,0,0,0,0,0,0,0,0,0,0,0,0,0,0,0,0,0,0,0,0,0,0,0,0,0,0,0,0,0,0,0,0,0,0,0,0,0,0,0,0,0,0,0,0,0,0,0,0,0,0,0,0,0,0,0,0,0,0,0,0,0,0,0,0,0,0,0,0,0,0,0,0,0,0,0,0,0.224657534246575,0,0.134246575342466,0,0.358904109589041,91.25,91.25
"416","2000-2004","Myanmar",0,0.325077399380805,0.126934984520124,0,0,0,0,0,0,0,0,0,0,0.390092879256966,0,0,0,0,0,0,0,0,0,0,0,0,0,0,0,0,0,0,0,0,0,0,0,0,0,0,0,0,0,0,0,0,0,0,0,0,0,0,0,0,0,0,0,0,0,0,0,0,0,0,0,0,0,0,0,0,0,0,0,0,0,0,0,0,0,0,0,0,0,0,0,0,0,0,0,0,0,0,0,0,0,0,0,0,0,0,0,0,0,0,0,0,0,0,0,0,0,0,0,0,0,0,0,0,0,0,0,0,0,0,0,0,0,0,0,0,0,0,0,0,0,0,0,0,0,0,0,0,0,0,0,0,0,0,0,0,0,0,0,0,0,0,0,0,0,0,0,0,0,0,0,0,0,0,0,0,0,0,0.390092879256966,0,0.157894736842105,0,0.547987616099071,80.75,80.75
"417","2005-2009","Myanmar",0,0.0525869380831213,0.11704834605598,0,0,0,0,0,0,0,0,0,0,0.395250212044105,0.00593723494486853,0,0,0,0,0,0.00763358778625954,0,0,0,0,0,0,0,0,0,0,0,0,0,0,0,0,0,0,0,0,0,0,0,0,0,0,0,0,0,0,0,0,0,0,0,0,0,0,0,0,0,0,0,0,0,0,0,0,0,0,0,0,0,0,0,0,0,0,0,0,0,0,0,0,0,0,0,0,0,0,0,0,0,0.0101781170483461,0.0279898218829517,0,0,0,0,0,0,0,0,0,0,0,0,0.00254452926208651,0,0,0,0,0,0,0,0,0,0,0,0,0,0,0,0,0,0,0,0,0,0,0,0,0,0,0,0,0,0,0,0,0,0,0,0,0,0,0,0,0,0,0,0,0,0,0,0,0,0,0,0,0,0,0,0,0,0,0,0,0,0,0,0.449533502968617,0,0.351145038167939,0.0296861747243427,0.830364715860899,112.285714285714,112.285714285714
"418","2010-2014","Myanmar",0,0.0440642820114049,0.11353032659409,0,0,0,0,0,0,0,0,0,0,0.275531363400726,0.00181441161223432,0,0,0,0,0.00544323483670295,0.0225505443234837,0,0,0,0,0,0,0,0,0,0,0,0,0,0,0,0,0,0,0,0,0,0,0,0,0,0,0,0,0,0,0,0,0,0,0,0,0,0,0,0,0,0,0,0,0,0,0,0,0,0,0,0,0,0,0,0,0,0,0,0,0,0,0,0,0,0,0,0,0,0,0,0,0,0.0482115085536547,0.102643856920684,0,0,0,0,0,0,0,0,0,0,0,0,0.00388802488335925,0,0,0,0,0,0,0,0,0,0,0,0,0,0,0,0,0,0,0,0,0,0,0,0,0,0,0,0,0,0,0,0,0,0,0,0,0,0,0,0,0,0,0,0,0,0,0,0,0,0,0,0,0,0,0,0,0,0,0,0,0,0,0,0.460082944530845,19,0.373250388802488,0.00907205806117159,0.842405391394505,183.714285714286,183.714285714286
"419","2015-2019","Myanmar",0.0189637150963118,0.170225474092877,0.30610721218456,0,0,0,0,0,0,0,0,0,0,0.462893833059579,0,0,0,0,0,0,0,0,0,0,0,0,0,0,0,0,0,0,0,0,0,0,0,0,0,0,0,0,0,0,0,0,0,0,0,0,0,0,0,0,0,0,0,0,0,0,0,0,0,0,0,0,0,0,0,0,0,0,0,0,0,0,0,0,0,0,0,0,0,0,0,0,0,0,0,0,0,0,0,0,0,0,0,0,0,0,0,0,0,0,0,0,0,0,0,0,0,0,0,0,0,0,0,0,0,0,0,0,0,0,0,0,0,0,0,0,0,0,0,0,0,0,0,0,0,0,0,0,0,0,0,0,0,0,0,0,0,0,0,0,0,0,0,0,0,0,0,0,0,0,0,0,0,0,0,0,0,0,0.462893833059579,0,0,0.0418097655666716,0.50470359862625,679,669.7
"420","2005-2009","Namibia",0.0392156862745098,0,0.941176470588235,0,0,0,0,0,0,0,0,0,0,0,0,0,0.0196078431372549,0,0,0,0,0,0,0,0,0,0,0,0,0,0,0,0,0,0,0,0,0,0,0,0,0,0,0,0,0,0,0,0,0,0,0,0,0,0,0,0,0,0,0,0,0,0,0,0,0,0,0,0,0,0,0,0,0,0,0,0,0,0,0,0,0,0,0,0,0,0,0,0,0,0,0,0,0,0,0,0,0,0,0,0,0,0,0,0,0,0,0,0,0,0,0,0,0,0,0,0,0,0,0,0,0,0,0,0,0,0,0,0,0,0,0,0,0,0,0,0,0,0,0,0,0,0,0,0,0,0,0,0,0,0,0,0,0,0,0,0,0,0,0,0,0,0,0,0,0,0,0,0,0,0,0,0.0196078431372549,0,0,0,0.0196078431372549,51,51
"421","2010-2014","Namibia",0,0,0.956521739130435,0,0,0,0,0,0,0,0,0,0,0,0.0434782608695652,0,0,0,0,0,0,0,0,0,0,0,0,0,0,0,0,0,0,0,0,0,0,0,0,0,0,0,0,0,0,0,0,0,0,0,0,0,0,0,0,0,0,0,0,0,0,0,0,0,0,0,0,0,0,0,0,0,0,0,0,0,0,0,0,0,0,0,0,0,0,0,0,0,0,0,0,0,0,0,0,0,0,0,0,0,0,0,0,0,0,0,0,0,0,0,0,0,0,0,0,0,0,0,0,0,0,0,0,0,0,0,0,0,0,0,0,0,0,0,0,0,0,0,0,0,0,0,0,0,0,0,0,0,0,0,0,0,0,0,0,0,0,0,0,0,0,0,0,0,0,0,0,0,0,0,0,0,0.0434782608695652,0,0,0,0.0434782608695652,70,69
"422","2015-2019","Namibia",0.022354694485842,0.000745156482861401,0.924739195230998,0,0,0.0029806259314456,0,0.0014903129657228,0,0,0,0,0,0.0022354694485842,0.0424739195230999,0,0,0,0.000745156482861401,0,0,0,0,0,0,0,0,0,0,0,0.000745156482861401,0,0,0,0,0,0,0,0,0,0,0,0,0,0,0,0,0,0,0,0,0,0,0,0,0,0,0,0,0,0,0,0,0,0,0,0,0,0,0,0,0,0,0,0,0,0,0,0,0,0,0,0,0,0,0,0,0,0,0,0,0,0,0,0,0,0,0,0,0,0,0,0,0,0,0,0,0,0,0,0,0,0,0,0,0,0,0,0,0,0,0,0,0,0,0,0,0,0,0,0,0,0,0,0,0,0,0,0,0,0,0,0,0,0,0,0,0,0,0,0,0,0,0,0,0,0,0,0,0,0,0,0,0,0,0,0,0,0,0,0,0,0.0461997019374069,0,0,0.0014903129657228,0.0476900149031297,1348,1342
"423","2015-2019","Nepal",0.0090293453724605,0.00225733634311512,0.920993227990971,0,0,0,0,0,0,0,0,0,0,0.0248306997742664,0.018058690744921,0,0,0,0,0,0,0,0,0,0,0,0,0,0,0,0,0,0,0,0,0,0,0,0,0,0,0,0,0,0,0,0,0,0,0,0,0,0,0,0,0,0,0,0,0,0,0,0,0,0,0,0,0,0,0,0,0,0,0,0,0,0,0,0,0,0,0,0,0,0,0,0,0,0,0,0,0,0,0,0,0,0,0,0,0,0,0,0,0,0,0,0,0,0,0,0,0,0,0,0,0,0,0,0,0,0,0,0,0,0,0,0,0,0,0,0,0,0,0,0,0,0,0,0,0,0,0,0,0,0,0,0,0,0,0,0,0,0,0,0,0,0,0,0,0,0,0,0,0,0,0,0,0,0,0,0,0,0.0428893905191874,0,0.00677200902934537,0.018058690744921,0.0677200902934537,443,443
"424","1980-1989","Netherlands (the)",0.222222222222222,0.6,0.0666666666666667,0,0.0444444444444444,0.0333333333333333,0,0,0,0,0,0,0,0.0111111111111111,0,0,0,0,0,0,0,0,0,0,0,0,0,0,0,0,0,0,0,0,0,0,0,0,0,0,0,0,0,0,0,0,0,0,0,0,0,0,0,0,0,0,0,0,0,0,0,0,0,0,0,0,0,0,0,0,0,0,0,0,0,0,0,0,0,0,0,0,0,0,0,0,0,0,0,0,0,0,0,0,0,0,0,0,0,0,0,0,0,0,0,0,0,0,0,0,0,0,0,0,0,0,0,0,0,0,0,0,0,0,0,0,0,0,0,0,0,0,0,0,0,0,0,0,0,0,0,0,0,0,0,0,0,0,0,0,0,0,0,0,0,0,0,0,0,0,0,0,0,0,0,0,0,0,0,0,0,0,0.0111111111111111,0,0.0222222222222222,0,0.0333333333333333,20,20
"425","1990-1994","Netherlands (the)",0.222222222222222,0.6,0.0666666666666667,0,0.0444444444444444,0.0333333333333333,0,0,0,0,0,0,0,0.0111111111111111,0,0,0,0,0,0,0,0,0,0,0,0,0,0,0,0,0,0,0,0,0,0,0,0,0,0,0,0,0,0,0,0,0,0,0,0,0,0,0,0,0,0,0,0,0,0,0,0,0,0,0,0,0,0,0,0,0,0,0,0,0,0,0,0,0,0,0,0,0,0,0,0,0,0,0,0,0,0,0,0,0,0,0,0,0,0,0,0,0,0,0,0,0,0,0,0,0,0,0,0,0,0,0,0,0,0,0,0,0,0,0,0,0,0,0,0,0,0,0,0,0,0,0,0,0,0,0,0,0,0,0,0,0,0,0,0,0,0,0,0,0,0,0,0,0,0,0,0,0,0,0,0,0,0,0,0,0,0,0.0111111111111111,0,0.0222222222222222,0,0.0333333333333333,50,50
"426","1995-1999","Netherlands (the)",0.0429209016018171,0.801539197703166,0.0500881693560536,0.0108860355690246,0.00823061677196776,0.0147362451373936,0,0.00066459313608209,0,0,0,0,0,0.0226965940340213,0.0442619028630672,0,0,0,0.00382805646383284,0,0,0,0,0,0,0,0,0,0,0,0,0,0,0,0,0,0,0,0,0,0,0,0,0,0,0,0,0,0,0,0,0,0,0,0,0,0,0,0,0,0,0,0,0,0,0,0,0,0,0,0,0,0,0,0,0,0,0,0,0,0,0,0,0,0,0,0,0,0,0,0,0,0,0,0,0,0,0,0,0,0,0,0,0,0,0,0,0,0,0,0,0,0,0,0,0,0,0,0,0,0,0,0,0,0,0,0,0,0,0,0,0,0,0,0,0,0,0,0,0,0,0,0,0,0,0,0,0,0,0,0,0,0,0,0,0,0,0,0,0,0,0,0,0,0,0,0,0,0,0,0,0,0.0707865533609213,0,0.000147687363573798,0,0.0709342407244951,3016.36,3009.36
"427","2000-2004","Netherlands (the)",0.0361460595877218,0.766034178927093,0.0608581615507561,0.0133601081922872,0.00729478300069669,0.0169255358386951,0.000614728904553092,0.000819638539404123,0,0,0,0,0,0.0261464694069915,0.0688496373099463,0,0,0,0.00295069874185484,0,0,0,0,0,0,0,0,0,0,0,0,0,0,0,0,0,0,0,0,0,0,0,0,0,0,0,0,0,0,0,0,0,0,0,0,0,0,0,0,0,0,0,0,0,0,0,0,0,0,0,0,0,0,0,0,0,0,0,0,0,0,0,0,0,0,0,0,0,0,0,0,0,0,0,0,0,0,0,0,0,0,0,0,0,0,0,0,0,0,0,0,0,0,0,0,0,0,0,0,0,0,0,0,0,0,0,0,0,0,0,0,0,0,0,0,0,0,0,0,0,0,0,0,0,0,0,0,0,0,0,0,0,0,0,0,0,0,0,0,0,0,0,0,0,0,0,0,0,0,0,0,0,0.0979468054587927,0,0,0,0.0979468054587927,4928.2,4880.2
"428","2005-2009","Netherlands (the)",0.0363626510594483,0.759280333821059,0.0558174822522083,0.0107299626077061,0.00793908849509565,0.0144420961361296,0.000677396629274373,0.000677396629274373,0,0,0,0,0,0.0251449628786647,0.0826423887714735,0.000541917303419498,0.000270958651709749,0.000135479325854875,0.00466048880940768,0.000406437977564624,0,0,0,0.000270958651709749,0,0,0,0,0,0,0,0,0,0,0,0,0,0,0,0,0,0,0,0,0,0,0,0,0,0,0,0,0,0,0,0,0,0,0,0,0,0,0,0,0,0,0,0,0,0,0,0,0,0,0,0,0,0,0,0,0,0,0,0,0,0,0,0,0,0,0,0,0,0,0,0,0,0,0,0,0,0,0,0,0,0,0,0,0,0,0,0,0,0,0,0,0,0,0,0,0,0,0,0,0,0,0,0,0,0,0,0,0,0,0,0,0,0,0,0,0,0,0,0,0,0,0,0,0,0,0,0,0,0,0,0,0,0,0,0,0,0,0,0,0,0,0,0,0,0,0,0,0.114073592369804,29,0,0,0.114073592369804,7475.2,7381.2
"429","2010-2014","Netherlands (the)",0.039051936689732,0.734192316869482,0.0614411834884276,0.0103793843951324,0.0120496301598664,0.0162252445717013,0.000198838781515947,0,0.000596516344547841,0,0,0,0,0.0329277022190408,0.0833134494551817,0.000198838781515947,0,0.000198838781515947,0.00743657042869641,0.000596516344547841,0.000198838781515947,0.000198838781515947,0,0.000198838781515947,0.000397677563031894,0,0,0,0,0,0,0,0,0,0,0,0,0,0,0,0,0,0,0,0,0,0,0,0,0.000198838781515947,0,0,0,0,0,0,0,0,0,0,0,0,0,0,0,0,0,0,0,0,0,0,0,0,0,0,0,0,0,0,0,0,0,0,0,0,0,0,0,0,0,0,0,0,0,0,0,0,0,0,0,0,0,0,0,0,0,0,0,0,0,0,0,0,0,0,0,0,0,0,0,0,0,0,0,0,0,0,0,0,0,0,0,0,0,0,0,0,0,0,0,0,0,0,0,0,0,0,0,0,0,0,0,0,0,0,0,0,0,0,0,0,0,0,0,0,0,0,0,0,0,0,0.125864948699594,31,0,0,0.125864948699594,5097.2,5029.2
"430","2015-2019","Netherlands (the)",0.0408522774934989,0.75262142437715,0.0591393339484943,0.010989010989011,0.00780135894639712,0.0157704890529318,0,0,0.000838855800687862,0,0,0,0,0.0321281771663451,0.0725610267595,0,0,0,0.0072980454659844,0,0,0,0,0,0,0,0,0,0,0,0,0,0,0,0,0,0,0,0,0,0,0,0,0,0,0,0,0,0,0,0,0,0,0,0,0,0,0,0,0,0,0,0,0,0,0,0,0,0,0,0,0,0,0,0,0,0,0,0,0,0,0,0,0,0,0,0,0,0,0,0,0,0,0,0,0,0,0,0,0,0,0,0,0,0,0,0,0,0,0,0,0,0,0,0,0,0,0,0,0,0,0,0,0,0,0,0,0,0,0,0,0,0,0,0,0,0,0,0,0,0,0,0,0,0,0,0,0,0,0,0,0,0,0,0,0,0,0,0,0,0,0,0,0,0,0,0,0,0,0,0,0,0.11198724939183,3,0,0,0.11198724939183,2396.2,2384.2
"431","2020-2022","Netherlands (the)",0.0380092972381734,0.764014219305442,0.0560568772217665,0.0101175827180749,0.00847689362865737,0.0157688451371798,0,0,0,0,0,0,0,0.0308084951235074,0.0701850332695288,0,0,0,0.00656275635767022,0,0,0,0,0,0,0,0,0,0,0,0,0,0,0,0,0,0,0,0,0,0,0,0,0,0,0,0,0,0,0,0,0,0,0,0,0,0,0,0,0,0,0,0,0,0,0,0,0,0,0,0,0,0,0,0,0,0,0,0,0,0,0,0,0,0,0,0,0,0,0,0,0,0,0,0,0,0,0,0,0,0,0,0,0,0,0,0,0,0,0,0,0,0,0,0,0,0,0,0,0,0,0,0,0,0,0,0,0,0,0,0,0,0,0,0,0,0,0,0,0,0,0,0,0,0,0,0,0,0,0,0,0,0,0,0,0,0,0,0,0,0,0,0,0,0,0,0,0,0,0,0,0,0.107556284750706,0,0,0,0.107556284750706,438.84,438.84
"432","2000-2004","New Zealand",0.0135746606334842,0.823529411764706,0.0950226244343891,0,0.0135746606334842,0,0,0,0,0,0,0,0,0.0271493212669683,0.00452488687782805,0,0,0,0,0,0,0,0,0,0,0,0,0.0226244343891403,0,0,0,0,0,0,0,0,0,0,0,0,0,0,0,0,0,0,0,0,0,0,0,0,0,0,0,0,0,0,0,0,0,0,0,0,0,0,0,0,0,0,0,0,0,0,0,0,0,0,0,0,0,0,0,0,0,0,0,0,0,0,0,0,0,0,0,0,0,0,0,0,0,0,0,0,0,0,0,0,0,0,0,0,0,0,0,0,0,0,0,0,0,0,0,0,0,0,0,0,0,0,0,0,0,0,0,0,0,0,0,0,0,0,0,0,0,0,0,0,0,0,0,0,0,0,0,0,0,0,0,0,0,0,0,0,0,0,0,0,0,0,0,0,0.0542986425339367,0,0,0,0.0542986425339367,223,221
"433","2015-2019","Nicaragua",0,0.987704918032787,0.00409836065573771,0,0,0,0,0,0,0,0,0,0,0,0.00409836065573771,0,0,0,0,0,0,0,0,0,0.00204918032786885,0,0,0,0,0,0,0,0,0,0,0,0,0,0,0,0,0,0,0,0,0,0,0,0,0,0,0,0,0,0,0,0,0,0,0,0,0,0,0,0,0,0,0,0,0,0,0,0,0,0,0,0,0,0,0,0,0,0,0,0,0,0,0,0,0,0,0,0,0,0,0,0,0,0,0,0,0,0,0,0,0,0,0,0,0,0,0,0,0,0,0,0,0,0,0,0,0,0,0,0,0,0,0,0,0,0,0,0,0,0,0,0,0,0,0,0,0,0,0,0,0,0,0,0,0,0,0,0,0,0,0,0,0,0,0,0,0,0,0,0,0,0,0,0,0,0,0,0.00614754098360656,0,0,0.00204918032786885,0.00819672131147541,488,488
"434","1995-1999","Niger (the)",0.418604651162791,0,0.0116279069767442,0,0,0.0930232558139535,0,0,0,0,0,0,0,0,0.313953488372093,0,0,0,0.0930232558139535,0,0,0,0,0,0,0,0,0,0,0,0,0,0,0,0,0,0,0,0,0,0,0,0,0,0,0,0,0,0,0,0,0,0,0,0,0,0,0,0,0,0,0,0,0,0,0,0,0,0,0,0,0,0,0,0,0,0,0,0,0,0,0,0,0,0,0,0,0,0,0,0,0,0,0,0,0,0,0,0,0,0,0,0,0,0,0,0,0,0,0,0,0,0,0,0,0,0,0,0,0,0,0,0,0,0,0,0,0,0,0,0,0,0,0,0,0,0,0,0,0,0,0,0,0,0,0,0,0,0,0,0,0,0,0,0,0,0,0,0,0,0,0,0,0,0,0,0,0,0,0,0,0,0.406976744186047,0,0.0697674418604651,0,0.476744186046512,86,86
"435","2000-2004","Niger (the)",0.0303030303030303,0,0,0,0,0.0303030303030303,0,0,0,0,0,0,0,0,0.5,0,0,0,0.181818181818182,0,0,0,0,0,0,0,0,0,0,0,0,0,0,0,0,0,0,0,0,0,0,0,0,0,0,0,0,0,0,0,0,0,0,0,0,0,0,0,0,0,0,0,0,0,0,0,0,0,0,0,0,0,0,0,0,0,0,0,0,0,0,0,0,0,0,0,0,0,0,0,0,0,0,0,0,0,0,0,0,0,0,0,0,0,0,0,0,0,0,0,0,0,0,0,0,0,0,0,0,0,0,0,0,0,0,0,0,0,0,0,0,0,0,0,0,0,0,0,0,0,0,0,0,0,0,0,0,0,0,0,0,0,0,0,0,0,0,0,0,0,0,0,0,0,0,0,0,0,0,0,0,0,0.681818181818182,0,0.257575757575758,0,0.939393939393939,66,66
"436","1995-1999","Nigeria",0.537037037037037,0,0.0037037037037037,0.0037037037037037,0.0037037037037037,0.42962962962963,0,0.00185185185185185,0,0,0,0,0,0,0.0203703703703704,0,0,0,0,0,0,0,0,0,0,0,0,0,0,0,0,0,0,0,0,0,0,0,0,0,0,0,0,0,0,0,0,0,0,0,0,0,0,0,0,0,0,0,0,0,0,0,0,0,0,0,0,0,0,0,0,0,0,0,0,0,0,0,0,0,0,0,0,0,0,0,0,0,0,0,0,0,0,0,0,0,0,0,0,0,0,0,0,0,0,0,0,0,0,0,0,0,0,0,0,0,0,0,0,0,0,0,0,0,0,0,0,0,0,0,0,0,0,0,0,0,0,0,0,0,0,0,0,0,0,0,0,0,0,0,0,0,0,0,0,0,0,0,0,0,0,0,0,0,0,0,0,0,0,0,0,0,0.0203703703703704,0,0,0,0.0203703703703704,540,540
"437","2000-2004","Nigeria",0.0256248022777602,0,0.0205631129389434,0.00759253400822524,0.00379626700411262,0.550142360012654,0,0.00158177791838026,0,0,0,0,0,0.00759253400822524,0.316988294843404,0,0,0,0.0465042708003796,0,0,0.00379626700411262,0,0,0,0,0,0,0,0,0,0,0,0,0,0,0,0,0,0,0,0,0,0,0,0,0,0,0,0,0,0,0,0,0,0,0,0,0,0,0,0,0,0,0,0,0,0,0,0,0,0,0,0,0,0,0,0,0,0,0,0,0,0,0,0,0,0,0,0,0,0,0,0,0,0,0,0,0,0,0,0,0,0,0,0,0,0,0,0,0,0,0,0,0,0,0,0,0,0,0,0,0,0,0,0,0,0,0,0,0,0,0,0,0,0,0,0,0,0,0,0,0,0,0,0,0,0,0,0,0,0,0,0,0,0,0,0,0,0,0,0,0,0,0,0,0,0,0,0,0,0,0.374881366656121,0,0.0158177791838026,0,0.390699145839924,319.833333333333,263.416666666667
"438","2005-2009","Nigeria",0.0250564736654381,0.00416121745333492,0.00888717156105101,0.00891689454286054,0.00142670312685769,0.296457020568303,0,0.000921412436095589,0.000356675781714422,0,0,0,0,0.000356675781714422,0.478881821424325,0.000356675781714422,0,0,0.0487902746403519,0,0,0.00166448698133397,0,0.000951135417905124,0,0,0.000356675781714422,0,0.00570681250743075,0,0.00416121745333492,0.000237783854476281,0,0,0,0,0,0.00321008203542979,0,0,0,0,0,0,0,0,0,0,0.00249673047200095,0,0,0,0,0,0,0.0743074545238378,0,0,0,0,0,0.000237783854476281,0,0,0,0,0,0,0,0,0,0,0,0,0,0,0,0,0,0,0,0,0,0,0,0,0,0,0,0,0,0,0,0,0,0,0,0,0,0,0,0,0,0,0,0,0,0,0,0,0,0,0,0,0,0,0,0,0,0,0,0,0,0,0,0,0,0,0,0,0,0,0,0,0,0,0,0,0,0,0,0,0,0,0,0,0,0,0,0,0,0,0,0,0,0,0,0,0,0,0,0,0,0,0,0,0,0,0,0,0,0,0.621715610510046,0,0.0278207109737249,0.00428010938057306,0.653816430864344,2945.5,2803.66666666667
"439","2010-2014","Nigeria",0.0262661538946064,0.00112679210685628,0.00909832135970913,0.00308223132831993,0.000352734920407185,0.306304786766842,0,0,0,0,0,0,0,0,0.458917579706544,0,0,5.87891534011975e-05,0.0289120157330972,0,0,0.00030374395923952,0,0.00324320162929939,0,0,0,0,0,0,9.79819223353291e-05,9.79819223353291e-05,0,0,0,0,0,0,0,0,0,0,0,0,0,0,0,0,0,0.000146972883502994,0,0,0,0,0,0.0237116252051497,0.000587891534011975,0,0,0,0,9.79819223353291e-05,0,0,0,0,0,0,0,0,0,0,0,0,0,0,0,0,0,0,0,0,0,0,0,0,0,0,0,0,0,0,0,0,0,0,0,0,0,0,0,0,0,0,0,0,0,0.000440918650508981,0,0,0,0,0,0,0,0,0,0,0,0,0,0,0,0,0,0,0,0,0,0,0,0,0,0,0,0,0,0,0,0,0,0,0,0,0,0,0,0,0,0,0,0,0,0,0,0,0,0,0,0,0,0,0,0,0,0,0,0,0,0,0,0,0.516616684221761,0,0.121909107769616,0.0152431876318819,0.65376897962326,3494.0380952381,3401.9880952381
"440","2015-2019","Nigeria",0.0416154521510097,0.00368744512730465,0.00330114135206321,0.00320280948200176,0.000884986830553117,0.330331870061457,0,0,0,0,0,0,0,0,0.487058823529412,0,0,0.00039332748024583,0.0145531167690957,0,0,0.00113081650570676,0,0.000639157155399473,0,0,0,0,0,0,0,0,0,0,0,0,0,0,0,0,0,0,0,0,0,0,0,0,0,0.000245829675153644,0,0,0,0,0,0,0,0,0,0,0,0,0,0,0,0,0,0,0,0,0,0,0,0,0,0.000491659350307287,0,0,0,0,0,0,0,0,0,0,0,0,0,0,0,0,0,0,0,0,0,0,0,0,0,0,0,0,0,0,0,0.000737489025460931,0,0,0,0,0,0,0,0,0,0,0,0,0,0,0,0,0,0,0,0,0,0,0,0,0,0,0,0,0,0,0,0,0,0,0,0,0,0,0,0,0,0,0,0,0,0,0,0,0,0,0,0,0,0,0,0,0,0,0,0,0,0,0,0,0.505250219490781,0,0.0900228270412643,0.0217032484635645,0.61697629499561,2051.62857142857,2033.92857142857
"441","1980-1989","Norway",0,0.9,0.1,0,0,0,0,0,0,0,0,0,0,0,0,0,0,0,0,0,0,0,0,0,0,0,0,0,0,0,0,0,0,0,0,0,0,0,0,0,0,0,0,0,0,0,0,0,0,0,0,0,0,0,0,0,0,0,0,0,0,0,0,0,0,0,0,0,0,0,0,0,0,0,0,0,0,0,0,0,0,0,0,0,0,0,0,0,0,0,0,0,0,0,0,0,0,0,0,0,0,0,0,0,0,0,0,0,0,0,0,0,0,0,0,0,0,0,0,0,0,0,0,0,0,0,0,0,0,0,0,0,0,0,0,0,0,0,0,0,0,0,0,0,0,0,0,0,0,0,0,0,0,0,0,0,0,0,0,0,0,0,0,0,0,0,0,0,0,0,0,0,0,0,0,0,0,10,10
"442","1990-1994","Norway",0,0.9,0.1,0,0,0,0,0,0,0,0,0,0,0,0,0,0,0,0,0,0,0,0,0,0,0,0,0,0,0,0,0,0,0,0,0,0,0,0,0,0,0,0,0,0,0,0,0,0,0,0,0,0,0,0,0,0,0,0,0,0,0,0,0,0,0,0,0,0,0,0,0,0,0,0,0,0,0,0,0,0,0,0,0,0,0,0,0,0,0,0,0,0,0,0,0,0,0,0,0,0,0,0,0,0,0,0,0,0,0,0,0,0,0,0,0,0,0,0,0,0,0,0,0,0,0,0,0,0,0,0,0,0,0,0,0,0,0,0,0,0,0,0,0,0,0,0,0,0,0,0,0,0,0,0,0,0,0,0,0,0,0,0,0,0,0,0,0,0,0,0,0,0,0,0,0,0,30,30
"443","2000-2004","Oman",0.125,0.5625,0.09375,0.09375,0.03125,0,0,0,0,0,0,0,0,0.09375,0,0,0,0,0,0,0,0,0,0,0,0,0,0,0,0,0,0,0,0,0,0,0,0,0,0,0,0,0,0,0,0,0,0,0,0,0,0,0,0,0,0,0,0,0,0,0,0,0,0,0,0,0,0,0,0,0,0,0,0,0,0,0,0,0,0,0,0,0,0,0,0,0,0,0,0,0,0,0,0,0,0,0,0,0,0,0,0,0,0,0,0,0,0,0,0,0,0,0,0,0,0,0,0,0,0,0,0,0,0,0,0,0,0,0,0,0,0,0,0,0,0,0,0,0,0,0,0,0,0,0,0,0,0,0,0,0,0,0,0,0,0,0,0,0,0,0,0,0,0,0,0,0,0,0,0,0,0,0.09375,0,0,0,0.09375,32,32
"444","2010-2014","Oman",0.289473684210526,0.157894736842105,0.368421052631579,0.131578947368421,0,0.0526315789473684,0,0,0,0,0,0,0,0,0,0,0,0,0,0,0,0,0,0,0,0,0,0,0,0,0,0,0,0,0,0,0,0,0,0,0,0,0,0,0,0,0,0,0,0,0,0,0,0,0,0,0,0,0,0,0,0,0,0,0,0,0,0,0,0,0,0,0,0,0,0,0,0,0,0,0,0,0,0,0,0,0,0,0,0,0,0,0,0,0,0,0,0,0,0,0,0,0,0,0,0,0,0,0,0,0,0,0,0,0,0,0,0,0,0,0,0,0,0,0,0,0,0,0,0,0,0,0,0,0,0,0,0,0,0,0,0,0,0,0,0,0,0,0,0,0,0,0,0,0,0,0,0,0,0,0,0,0,0,0,0,0,0,0,0,0,0,0,0,0,0,0,26.2857142857143,21.7142857142857
"445","2015-2019","Oman",0.289473684210526,0.157894736842105,0.368421052631579,0.131578947368421,0,0.0526315789473684,0,0,0,0,0,0,0,0,0,0,0,0,0,0,0,0,0,0,0,0,0,0,0,0,0,0,0,0,0,0,0,0,0,0,0,0,0,0,0,0,0,0,0,0,0,0,0,0,0,0,0,0,0,0,0,0,0,0,0,0,0,0,0,0,0,0,0,0,0,0,0,0,0,0,0,0,0,0,0,0,0,0,0,0,0,0,0,0,0,0,0,0,0,0,0,0,0,0,0,0,0,0,0,0,0,0,0,0,0,0,0,0,0,0,0,0,0,0,0,0,0,0,0,0,0,0,0,0,0,0,0,0,0,0,0,0,0,0,0,0,0,0,0,0,0,0,0,0,0,0,0,0,0,0,0,0,0,0,0,0,0,0,0,0,0,0,0,0,0,0,0,19.7142857142857,16.2857142857143
"446","2005-2009","Pakistan",0.896103896103896,0,0.038961038961039,0.025974025974026,0,0.012987012987013,0,0,0,0,0,0,0,0,0,0,0,0,0,0,0,0,0,0,0,0,0,0,0,0,0,0,0,0,0,0,0,0,0,0,0,0,0,0,0,0,0,0,0,0,0,0,0,0,0,0,0,0,0,0,0,0,0,0,0,0,0,0,0,0,0,0,0,0,0,0,0,0,0,0,0,0,0,0,0,0,0,0,0,0,0,0,0,0,0,0,0,0,0,0,0,0,0,0,0,0,0,0,0,0,0,0,0,0,0,0,0,0,0,0,0,0,0,0,0,0,0,0,0,0,0,0,0,0,0,0,0,0,0,0,0,0,0,0,0,0,0,0,0,0,0,0,0,0,0,0,0,0,0,0,0,0,0,0,0,0,0,0,0,0,0,0,0,0,0.025974025974026,0,0.025974025974026,77,77
"447","2010-2014","Pakistan",0.675937122128174,0,0.00090689238210399,0,0,0.0389963724304716,0,0,0,0,0,0,0,0.00785973397823458,0.0559250302297461,0,0,0,0,0,0,0,0,0,0,0,0,0,0,0,0,0,0,0,0,0,0,0,0,0,0,0,0,0,0,0,0,0.0332527206771463,0,0,0,0,0,0,0,0,0,0,0,0,0,0,0,0,0,0,0,0,0,0,0,0,0,0,0,0,0,0,0,0,0,0,0,0,0,0,0,0,0,0,0,0,0,0,0,0,0,0,0,0,0,0,0,0,0,0,0,0,0,0,0,0,0,0,0,0,0,0,0,0,0,0,0,0,0,0,0,0,0,0,0,0,0,0,0,0,0,0,0,0,0,0,0,0,0,0,0,0,0,0,0,0,0,0,0,0,0,0,0,0,0,0,0,0,0,0,0,0,0,0,0,0,0.097037484885127,0,0.0190447400241838,0.16807738814994,0.28415961305925,1376,1654
"448","2015-2019","Pakistan",0.71858774662513,0.0342679127725857,0.0171339563862928,0,0,0.0202492211838006,0,0,0,0,0,0,0,0,0.13447559709242,0,0,0,0,0,0,0,0,0,0,0,0,0,0,0,0,0,0,0,0,0,0,0,0,0,0,0,0,0,0,0,0,0.00934579439252336,0,0,0,0,0,0,0,0,0,0,0,0,0,0,0,0,0,0,0,0,0,0,0,0,0,0,0,0,0,0,0,0,0,0,0,0,0,0,0,0,0,0,0,0,0,0,0,0,0,0,0,0,0,0,0,0,0,0,0,0,0,0,0,0,0,0,0,0,0,0,0,0,0,0,0,0,0,0,0,0,0,0,0,0,0,0,0,0,0,0,0,0,0,0,0,0,0,0,0,0,0,0,0,0,0,0,0,0,0,0,0,0,0,0,0,0,0,0,0,0,0,0,0,0,0.143821391484943,0,0.0638629283489097,0.00207684319833853,0.209761163032191,321,321
"449","2020-2022","Pakistan",0.333333333333333,0,0,0,0,0,0,0,0,0,0,0,0,0,0.133333333333333,0,0,0,0,0,0,0,0,0,0,0,0,0,0,0,0,0,0,0,0,0,0,0,0,0,0,0,0,0,0,0,0,0,0,0,0,0,0,0,0,0,0,0,0,0,0,0,0,0,0,0,0,0,0,0,0,0,0,0,0,0,0,0,0,0,0,0,0,0,0,0,0,0,0,0,0,0,0,0,0,0,0,0,0,0,0,0,0,0,0,0,0,0,0,0,0,0,0,0,0,0,0,0,0,0,0,0,0,0,0,0,0,0,0,0,0,0,0,0,0,0,0,0,0,0,0,0,0,0,0,0,0,0,0,0,0,0,0,0,0,0,0,0,0,0,0,0,0,0,0,0,0,0,0,0,0,0,0.133333333333333,0,0.5,0.0333333333333333,0.666666666666667,10,10
"450","2000-2004","Panama",0,0.980099502487562,0,0,0,0,0,0,0,0,0,0,0,0,0.00497512437810945,0,0,0,0,0,0,0,0,0,0.00497512437810945,0,0,0,0,0,0,0,0,0,0,0,0,0,0,0,0,0,0,0,0,0,0,0,0,0,0,0,0,0,0,0,0,0,0,0,0,0,0,0,0,0,0,0,0,0,0,0,0,0,0,0,0,0,0,0,0,0,0,0,0,0,0,0,0,0,0,0,0,0,0,0,0,0,0,0,0,0,0,0,0,0,0,0,0,0,0,0,0,0,0,0,0,0,0,0,0,0,0,0,0,0,0,0,0,0,0,0,0,0,0,0,0,0,0,0,0,0,0,0,0,0,0,0,0,0,0,0,0,0,0,0,0,0,0,0,0,0,0,0,0,0,0,0,0,0,0,0,0.00995024875621891,0,0.00995024875621891,0,0.0199004975124378,100.5,100.5
"451","2005-2009","Panama",0,0.988563960137232,0.000980231988237216,0,0.000980231988237216,0,0,0,0,0,0,0,0,0,0.00114360398627675,0,0,0,0,0,0,0,0,0,0.00114360398627675,0,0,0,0,0,0,0,0.000980231988237216,0,0,0,0,0,0,0,0.000980231988237216,0,0,0,0,0,0,0,0,0,0,0,0,0,0,0,0,0,0,0,0,0,0,0,0,0,0,0,0,0,0,0,0,0,0,0,0,0,0,0,0,0,0,0,0,0,0,0,0,0,0,0,0,0,0,0,0,0,0,0,0,0,0,0,0,0,0,0,0,0,0,0,0,0,0,0,0,0,0,0,0,0,0,0,0,0,0,0,0,0,0,0,0,0,0,0,0,0,0,0,0,0,0,0,0,0,0,0,0,0,0,0,0,0,0,0,0,0,0,0,0,0,0,0,0,0,0,0,0,0,0,0,0.00424767194902794,0,0.00522790393726515,0,0.00947557588629309,437.214285714286,437.214285714286
"452","2010-2014","Panama",0,0.989312977099237,0.00152671755725191,0,0.00152671755725191,0,0,0,0,0,0,0,0,0,0,0,0,0,0,0,0,0,0,0,0,0,0,0,0,0,0,0,0.00152671755725191,0,0,0,0,0,0,0,0.00152671755725191,0,0,0,0,0,0,0,0,0,0,0,0,0,0,0,0,0,0,0,0,0,0,0,0,0,0,0,0,0,0,0,0,0,0,0,0,0,0,0,0,0,0,0,0,0,0,0,0,0,0,0,0,0,0,0,0,0,0,0,0,0,0,0,0,0,0,0,0,0,0,0,0,0,0,0,0,0,0,0,0,0,0,0,0,0,0,0,0,0,0,0,0,0,0,0,0,0,0,0,0,0,0,0,0,0,0,0,0,0,0,0,0,0,0,0,0,0,0,0,0,0,0,0,0,0,0,0,0,0,0,0,0.00305343511450382,0,0.00458015267175573,0,0.00763358778625954,374.285714285714,374.285714285714
"453","2000-2004","Papua New Guinea",0,0.0571428571428571,0.942857142857143,0,0,0,0,0,0,0,0,0,0,0,0,0,0,0,0,0,0,0,0,0,0,0,0,0,0,0,0,0,0,0,0,0,0,0,0,0,0,0,0,0,0,0,0,0,0,0,0,0,0,0,0,0,0,0,0,0,0,0,0,0,0,0,0,0,0,0,0,0,0,0,0,0,0,0,0,0,0,0,0,0,0,0,0,0,0,0,0,0,0,0,0,0,0,0,0,0,0,0,0,0,0,0,0,0,0,0,0,0,0,0,0,0,0,0,0,0,0,0,0,0,0,0,0,0,0,0,0,0,0,0,0,0,0,0,0,0,0,0,0,0,0,0,0,0,0,0,0,0,0,0,0,0,0,0,0,0,0,0,0,0,0,0,0,0,0,0,0,0,0,0,0,0,0,35,35
"454","2010-2014","Papua New Guinea",0,0.0294117647058824,0.970588235294118,0,0,0,0,0,0,0,0,0,0,0,0,0,0,0,0,0,0,0,0,0,0,0,0,0,0,0,0,0,0,0,0,0,0,0,0,0,0,0,0,0,0,0,0,0,0,0,0,0,0,0,0,0,0,0,0,0,0,0,0,0,0,0,0,0,0,0,0,0,0,0,0,0,0,0,0,0,0,0,0,0,0,0,0,0,0,0,0,0,0,0,0,0,0,0,0,0,0,0,0,0,0,0,0,0,0,0,0,0,0,0,0,0,0,0,0,0,0,0,0,0,0,0,0,0,0,0,0,0,0,0,0,0,0,0,0,0,0,0,0,0,0,0,0,0,0,0,0,0,0,0,0,0,0,0,0,0,0,0,0,0,0,0,0,0,0,0,0,0,0,0,0,0,0,68,68
"455","2015-2019","Papua New Guinea",0.00316789862724393,0.00316789862724393,0.993664202745512,0,0,0,0,0,0,0,0,0,0,0,0,0,0,0,0,0,0,0,0,0,0,0,0,0,0,0,0,0,0,0,0,0,0,0,0,0,0,0,0,0,0,0,0,0,0,0,0,0,0,0,0,0,0,0,0,0,0,0,0,0,0,0,0,0,0,0,0,0,0,0,0,0,0,0,0,0,0,0,0,0,0,0,0,0,0,0,0,0,0,0,0,0,0,0,0,0,0,0,0,0,0,0,0,0,0,0,0,0,0,0,0,0,0,0,0,0,0,0,0,0,0,0,0,0,0,0,0,0,0,0,0,0,0,0,0,0,0,0,0,0,0,0,0,0,0,0,0,0,0,0,0,0,0,0,0,0,0,0,0,0,0,0,0,0,0,0,0,0,0,0,0,0,0,947,947
"456","1995-1999","Paraguay",0,0.857142857142857,0,0,0.142857142857143,0,0,0,0,0,0,0,0,0,0,0,0,0,0,0,0,0,0,0,0,0,0,0,0,0,0,0,0,0,0,0,0,0,0,0,0,0,0,0,0,0,0,0,0,0,0,0,0,0,0,0,0,0,0,0,0,0,0,0,0,0,0,0,0,0,0,0,0,0,0,0,0,0,0,0,0,0,0,0,0,0,0,0,0,0,0,0,0,0,0,0,0,0,0,0,0,0,0,0,0,0,0,0,0,0,0,0,0,0,0,0,0,0,0,0,0,0,0,0,0,0,0,0,0,0,0,0,0,0,0,0,0,0,0,0,0,0,0,0,0,0,0,0,0,0,0,0,0,0,0,0,0,0,0,0,0,0,0,0,0,0,0,0,0,0,0,0,0,0,0,0,0,13.125,13.125
"457","2000-2004","Paraguay",0,0.665798045602606,0.0312703583061889,0,0.188273615635179,0,0,0,0,0,0,0,0,0,0,0,0,0,0,0,0,0,0,0,0.0469055374592834,0,0,0,0,0.0104234527687296,0,0,0,0,0,0,0,0,0,0,0,0,0,0,0,0,0,0,0,0,0,0,0,0,0,0,0,0,0,0,0,0,0,0,0,0,0,0,0,0,0,0,0,0,0,0,0,0,0,0,0,0,0,0,0,0,0,0,0,0,0,0,0,0,0,0,0,0,0,0,0,0,0,0,0,0,0,0,0,0,0,0,0,0,0,0,0,0,0,0,0,0,0,0,0,0,0,0,0,0,0,0,0,0,0,0,0,0,0,0,0,0,0,0,0,0,0,0,0,0,0,0,0,0,0,0,0,0,0,0,0,0,0,0,0,0,0,0,0,0,0,0,0.057328990228013,0,0.057328990228013,0,0.114657980456026,191.875,191.875
"458","2015-2019","Paraguay",0,0.778846153846154,0.0769230769230769,0,0.0625,0,0,0,0,0,0,0,0,0,0,0,0,0,0,0,0,0,0,0,0,0,0,0,0,0,0,0,0,0,0,0,0,0,0,0,0,0,0,0,0,0,0,0,0,0,0,0,0,0,0,0,0,0,0,0,0,0,0,0,0,0,0,0,0,0,0,0,0,0,0,0,0,0,0,0,0,0,0,0,0,0,0,0,0,0,0,0,0,0,0,0,0,0,0,0,0,0,0,0,0,0,0,0,0,0,0,0,0,0,0,0,0,0,0,0,0,0,0,0,0,0,0,0,0,0,0,0,0,0,0,0,0,0,0,0,0,0,0,0,0,0,0,0,0,0,0,0,0,0,0,0,0,0,0,0,0,0,0,0,0,0,0,0,0,0,0,0,0,0,0,0.0817307692307692,0.0817307692307692,104,104
"459","2020-2022","Paraguay",0,0.778846153846154,0.0769230769230769,0,0.0625,0,0,0,0,0,0,0,0,0,0,0,0,0,0,0,0,0,0,0,0,0,0,0,0,0,0,0,0,0,0,0,0,0,0,0,0,0,0,0,0,0,0,0,0,0,0,0,0,0,0,0,0,0,0,0,0,0,0,0,0,0,0,0,0,0,0,0,0,0,0,0,0,0,0,0,0,0,0,0,0,0,0,0,0,0,0,0,0,0,0,0,0,0,0,0,0,0,0,0,0,0,0,0,0,0,0,0,0,0,0,0,0,0,0,0,0,0,0,0,0,0,0,0,0,0,0,0,0,0,0,0,0,0,0,0,0,0,0,0,0,0,0,0,0,0,0,0,0,0,0,0,0,0,0,0,0,0,0,0,0,0,0,0,0,0,0,0,0,0,0,0.0817307692307692,0.0817307692307692,104,104
"460","1995-1999","Peru",0,0.980885059394345,0.00104567508783671,0,0.0163961853772796,0,0,0,0,0,0,0,0,0,0,0,0,0,0,0,0,0,0,0,0,0,0,0,0,0,0,0,0,0,0,0,0,0,0,0,0,0,0,0,0,0,0,0,0,0,0,0,0,0,0,0,0,0,0,0,0,0,0,0,0,0,0,0,0,0,0,0,0,0,0,0,0,0,0,0,0,0,0,0,0,0,0,0,0,0,0,0,0,0,0,0,0,0,0,0,0,0,0,0,0,0,0,0,0,0,0,0,0,0,0,0,0,0,0,0,0,0,0,0,0,0,0,0,0,0,0,0,0,0,0,0,0,0,0,0,0,0,0,0,0,0,0,0,0,0,0,0,0,0,0,0,0,0,0,0,0,0,0,0,0,0,0,0,0,0,0,0,0,0,0.00167308014053873,0,0.00167308014053873,599.7,597.7
"461","2000-2004","Peru",0,0.993574709273918,0.000366461448255643,0,0.00410436822046321,0,0,0,0,0,0,0,0,0,0,0,0,0,0,0,0,0,0,0,0,0,0,0,0,0,0,0,0,0,0,0,0,0,0,0,0,0,0,0,0,0,0,0,0,0,0,0,0,0,0,0,0,0,0,0,0,0,0,0,0,0,0,0,0,0,0,0,0,0,0,0,0,0,0,0,0,0,0,0,0,0,0,0,0,0,0,0,0,0,0,0,0,0,0,0,0,0,0,0,0,0,0,0,0,0,0,0,0,0,0,0,0,0,0,0,0,0,0,0,0,0,0,0,0,0,0,0,0,0,0,0,0,0,0,0,0,0,0,0,0,0,0,0,0,0,0,0,0,0,0,0,0,0,0,0,0,0,0,0,0,0,0,0,0,0,0,0,0,0,0.00195446105736343,0,0.00195446105736343,1024.3,1023.3
"462","2005-2009","Peru",0.00475624256837099,0.972651605231867,0.00237812128418549,0,0,0,0.00237812128418549,0,0,0,0,0,0,0,0,0,0,0,0,0,0,0,0,0,0,0,0,0,0,0,0,0,0,0,0,0,0,0,0,0,0,0,0,0,0,0,0,0,0,0,0,0,0,0,0,0,0,0,0,0,0,0,0,0,0,0,0,0,0,0,0,0,0,0,0,0,0,0,0,0,0,0,0,0,0,0,0,0,0,0,0,0,0,0,0,0,0,0,0,0,0,0,0,0,0,0,0,0,0,0,0,0,0,0,0,0,0,0,0,0,0,0,0,0,0,0,0,0,0,0,0,0,0,0,0,0,0,0,0,0,0,0,0,0,0,0,0,0,0,0,0,0,0,0,0,0,0,0,0,0,0,0,0,0,0,0,0,0,0,0,0,0,0,0,0.0178359096313912,0,0.0178359096313912,324.333333333333,280.333333333333
"463","2010-2014","Peru",0.00565199838514332,0.97537343560759,0.00100928542591845,0,0.00121114251110214,0,0.00100928542591845,0,0,0,0,0,0,0,0,0,0,0,0,0,0,0,0,0,0.00121114251110214,0,0,0,0,0,0,0,0,0,0,0,0,0,0,0,0,0,0,0,0,0,0,0,0,0,0,0,0,0,0,0,0.0060557125555107,0,0,0,0,0,0,0,0,0,0,0,0,0,0,0,0,0,0,0,0,0,0,0,0,0,0,0,0,0,0,0,0,0,0,0,0,0,0,0,0,0,0,0,0,0,0,0,0,0,0,0,0,0,0,0,0,0,0,0,0,0,0,0,0,0,0,0,0,0,0,0,0,0,0,0,0,0,0,0,0,0,0,0,0,0,0,0,0,0,0,0,0,0,0,0,0,0,0,0,0,0,0,0,0,0,0,0,0,0,0,0,0,0,0,0,0.00726685506661284,0,0,0.00847799757771498,0.0157448526443278,331.066666666667,330.266666666667
"464","2015-2019","Peru",0.00587741393786734,0.959697732997481,0,0,0.00125944584382872,0,0,0,0,0,0,0,0,0,0,0,0,0,0,0,0,0,0,0,0.00125944584382872,0,0,0,0,0,0,0,0,0,0,0,0,0,0,0,0,0,0,0,0,0,0,0,0,0,0,0,0,0,0,0,0.00629722921914358,0,0,0,0,0,0,0,0,0,0,0,0,0,0,0,0,0,0,0,0,0,0,0,0,0,0,0,0,0,0,0,0,0,0,0,0,0,0,0,0,0,0,0,0,0,0,0,0,0,0,0,0,0,0,0,0,0,0,0,0,0,0,0,0,0,0,0,0,0,0,0,0,0,0,0,0,0,0,0,0,0,0,0,0,0,0,0,0,0,0,0,0,0,0,0,0,0,0,0,0,0,0,0,0,0,0,0,0,0,0,0,0,0,0,0,0.00755667506297229,0,0,0.0256087321578505,0.0331654072208228,477.6,476.4
"465","1980-1989","Philippines (the)",0.0355731225296443,0.83399209486166,0.0237154150197628,0.0118577075098814,0,0,0,0,0,0,0,0,0,0.0948616600790514,0,0,0,0,0,0,0,0,0,0,0,0,0,0,0,0,0,0,0,0,0,0,0,0,0,0,0,0,0,0,0,0,0,0,0,0,0,0,0,0,0,0,0,0,0,0,0,0,0,0,0,0,0,0,0,0,0,0,0,0,0,0,0,0,0,0,0,0,0,0,0,0,0,0,0,0,0,0,0,0,0,0,0,0,0,0,0,0,0,0,0,0,0,0,0,0,0,0,0,0,0,0,0,0,0,0,0,0,0,0,0,0,0,0,0,0,0,0,0,0,0,0,0,0,0,0,0,0,0,0,0,0,0,0,0,0,0,0,0,0,0,0,0,0,0,0,0,0,0,0,0,0,0,0,0,0,0,0,0.0948616600790514,0,0,0,0.0948616600790514,25.3,25.3
"466","1990-1994","Philippines (the)",0.0321199143468951,0.713062098501071,0.0385438972162741,0.0107066381156317,0.0256959314775161,0,0,0,0,0,0,0,0,0.179871520342612,0,0,0,0,0,0,0,0,0,0,0,0,0,0,0,0,0,0,0,0,0,0,0,0,0,0,0,0,0,0,0,0,0,0,0,0,0,0,0,0,0,0,0,0,0,0,0,0,0,0,0,0,0,0,0,0,0,0,0,0,0,0,0,0,0,0,0,0,0,0,0,0,0,0,0,0,0,0,0,0,0,0,0,0,0,0,0,0,0,0,0,0,0,0,0,0,0,0,0,0,0,0,0,0,0,0,0,0,0,0,0,0,0,0,0,0,0,0,0,0,0,0,0,0,0,0,0,0,0,0,0,0,0,0,0,0,0,0,0,0,0,0,0,0,0,0,0,0,0,0,0,0,0,0,0,0,0,0,0.179871520342612,0,0,0,0.179871520342612,46.7,46.7
"467","1995-1999","Philippines (the)",0.0295081967213115,0.652459016393443,0.0459016393442623,0.00983606557377049,0.039344262295082,0,0,0,0,0,0,0,0,0.222950819672131,0,0,0,0,0,0,0,0,0,0,0,0,0,0,0,0,0,0,0,0,0,0,0,0,0,0,0,0,0,0,0,0,0,0,0,0,0,0,0,0,0,0,0,0,0,0,0,0,0,0,0,0,0,0,0,0,0,0,0,0,0,0,0,0,0,0,0,0,0,0,0,0,0,0,0,0,0,0,0,0,0,0,0,0,0,0,0,0,0,0,0,0,0,0,0,0,0,0,0,0,0,0,0,0,0,0,0,0,0,0,0,0,0,0,0,0,0,0,0,0,0,0,0,0,0,0,0,0,0,0,0,0,0,0,0,0,0,0,0,0,0,0,0,0,0,0,0,0,0,0,0,0,0,0,0,0,0,0,0.222950819672131,0,0,0,0.222950819672131,122,122
"468","2005-2009","Philippines (the)",0,0.618320610687023,0.0305343511450382,0.00763358778625954,0,0.00763358778625954,0,0,0,0,0,0,0,0.312977099236641,0.0229007633587786,0,0,0,0,0,0,0,0,0,0,0,0,0,0,0,0,0,0,0,0,0,0,0,0,0,0,0,0,0,0,0,0,0,0,0,0,0,0,0,0,0,0,0,0,0,0,0,0,0,0,0,0,0,0,0,0,0,0,0,0,0,0,0,0,0,0,0,0,0,0,0,0,0,0,0,0,0,0,0,0,0,0,0,0,0,0,0,0,0,0,0,0,0,0,0,0,0,0,0,0,0,0,0,0,0,0,0,0,0,0,0,0,0,0,0,0,0,0,0,0,0,0,0,0,0,0,0,0,0,0,0,0,0,0,0,0,0,0,0,0,0,0,0,0,0,0,0,0,0,0,0,0,0,0,0,0,0,0.33587786259542,0,0,0,0.33587786259542,78.6,78.6
"469","2010-2014","Philippines (the)",0,0.613804437140509,0.0106820049301561,0.00164338537387017,0,0.00164338537387017,0,0,0,0,0,0,0,0.346754313886606,0.00493015612161052,0,0,0,0,0,0,0,0,0,0,0,0,0,0,0,0,0,0,0,0,0,0,0,0,0,0,0,0,0,0,0,0,0,0,0,0,0,0,0,0,0,0,0,0,0,0,0,0,0,0,0,0,0,0,0,0,0,0,0,0,0,0,0,0,0,0,0,0,0,0,0,0,0,0,0,0,0,0,0,0,0,0,0,0,0,0,0,0,0,0,0,0,0,0,0,0,0,0,0,0,0,0,0,0,0,0,0,0,0,0,0,0,0,0,0,0,0,0,0,0,0,0,0,0,0,0,0,0,0,0,0,0,0,0,0,0,0,0,0,0,0,0,0,0,0,0,0,0,0,0,0,0,0,0,0,0,0,0.351684470008217,0,0,0.0205423171733772,0.372226787181594,243.4,243.4
"470","2015-2019","Philippines (the)",0.00435729847494553,0.139433551198257,0.00435729847494553,0,0,0,0,0,0,0,0,0,0,0.775599128540305,0.00435729847494553,0,0,0,0,0,0,0,0,0,0,0,0,0,0,0,0,0,0,0,0,0,0,0,0,0,0,0,0,0,0,0,0,0,0,0,0,0,0,0,0,0,0,0,0,0,0,0,0,0,0,0,0,0,0,0,0,0,0,0,0,0,0,0,0,0,0,0,0,0,0,0,0,0,0,0,0,0,0,0,0,0,0,0,0,0,0,0,0,0,0,0,0,0,0,0,0,0,0,0,0,0,0,0,0,0,0,0,0,0,0,0,0,0,0,0,0,0,0,0,0,0,0,0,0,0,0,0,0,0,0,0,0,0,0,0,0,0,0,0,0,0,0,0,0,0,0,0,0,0,0,0,0,0,0,0,0,0,0.779956427015251,0,0.0174291938997821,0.0544662309368192,0.851851851851852,459,459
"471","1980-1989","Poland",0.0518945634266886,0.872322899505766,0.0181219110378913,0.0354200988467875,0.00164744645799012,0,0,0,0,0,0,0,0,0.0057660626029654,0.00906095551894563,0,0,0,0.000823723228995058,0.000823723228995058,0,0,0,0.000823723228995058,0,0.000823723228995058,0,0,0,0,0,0,0,0,0,0,0.000823723228995058,0,0,0,0.000823723228995058,0,0,0,0,0,0,0,0,0.000823723228995058,0,0,0,0,0,0,0,0,0,0,0,0,0,0,0,0,0,0,0,0,0,0,0,0,0,0,0,0,0,0,0,0,0,0,0,0,0,0,0,0,0,0,0,0,0,0,0,0,0,0,0,0,0,0,0,0,0,0,0,0,0,0,0,0,0,0,0,0,0,0,0,0,0,0,0,0,0,0,0,0,0,0,0,0,0,0,0,0,0,0,0,0,0,0,0,0,0,0,0,0,0,0,0,0,0,0,0,0,0,0,0,0,0,0,0,0,0,0,0,0,0,0,0.0205930807248764,0.230769230769231,0,0,0.0205930807248764,40.7307692307692,46.6923076923077
"472","1990-1994","Poland",0.0453541946630831,0.88841428297178,0.0158379727394893,0.0309560376271837,0.00143981570358994,0,0,0,0,0,0,0,0,0.00503935496256479,0.00791898636974467,0,0,0,0.00071990785179497,0.00071990785179497,0,0,0,0.00071990785179497,0,0.00071990785179497,0,0,0,0,0,0,0,0,0,0,0.00071990785179497,0,0,0,0.00071990785179497,0,0,0,0,0,0,0,0,0.00071990785179497,0,0,0,0,0,0,0,0,0,0,0,0,0,0,0,0,0,0,0,0,0,0,0,0,0,0,0,0,0,0,0,0,0,0,0,0,0,0,0,0,0,0,0,0,0,0,0,0,0,0,0,0,0,0,0,0,0,0,0,0,0,0,0,0,0,0,0,0,0,0,0,0,0,0,0,0,0,0,0,0,0,0,0,0,0,0,0,0,0,0,0,0,0,0,0,0,0,0,0,0,0,0,0,0,0,0,0,0,0,0,0,0,0,0,0,0,0,0,0,0,0,0,0.0179976962948743,1.15384615384615,0,0,0.0179976962948743,237.320512820513,267.128205128205
"473","1995-1999","Poland",0.0571630891782872,0.827493249150105,0.0257817223540536,0.0508788970739843,0.00105832209713455,0.00217541219778056,0,0.000440261992407971,0,0,0,0,0,0.0124057761310932,0.0128131678842489,0,0,0,0.000529161048567273,0.000529161048567273,0,0,0,0.00117660515504958,0.000440261992407971,0.00161686714745755,0,0,0,0,0,0,0,0,0,0,0.000529161048567273,0,0,0,0.00117660515504958,0.000440261992407971,0,0,0,0,0,0,0,0.00161686714745755,0,0,0,0,0,0,0,0,0.00129488821296462,0.000440261992407971,0,0,0,0,0,0,0,0,0,0,0,0,0,0,0,0,0,0,0,0,0,0,0,0,0,0,0,0,0,0,0,0,0,0,0,0,0,0,0,0,0,0,0,0,0,0,0,0,0,0,0,0,0,0,0,0,0,0,0,0,0,0,0,0,0,0,0,0,0,0,0,0,0,0,0,0,0,0,0,0,0,0,0,0,0,0,0,0,0,0,0,0,0,0,0,0,0,0,0,0,0,0,0,0,0,0,0,0,0,0,0,0,0.0350090459562467,1.15384615384615,0,0,0.0350090459562467,333.612277526395,363.419969834088
"474","2000-2004","Poland",0.0591982804726053,0.81699387873782,0.0274954672454476,0.0543124809756652,0.000992573989579141,0.0025503312861657,0,0.000516138474581153,0,0,0,0,0,0.0136753341081898,0.0136566503625036,0,0,0,0.00049628699478957,0.00049628699478957,0,0,0,0.00125531416329127,0.000516138474581153,0.00177145263787242,0,0,0,0,0,0,0,0,0,0,0.00049628699478957,0,0,0,0.00125531416329127,0.000516138474581153,0,0,0,0,0,0,0,0.00177145263787242,0,0,0,0,0,0,0,0,0.00151805433700339,0.000516138474581153,0,0,0,0,0,0,0,0,0,0,0,0,0,0,0,0,0,0,0,0,0,0,0,0,0,0,0,0,0,0,0,0,0,0,0,0,0,0,0,0,0,0,0,0,0,0,0,0,0,0,0,0,0,0,0,0,0,0,0,0,0,0,0,0,0,0,0,0,0,0,0,0,0,0,0,0,0,0,0,0,0,0,0,0,0,0,0,0,0,0,0,0,0,0,0,0,0,0,0,0,0,0,0,0,0,0,0,0,0,0,0,0,0.0379408488181363,1.15384615384615,0,0,0.0379408488181363,357.685218702866,387.492911010558
"475","2005-2009","Poland",0.0462888773694554,0.860638371458184,0.0198596801832489,0.0384947331385533,0.00157332899782518,0.00312419273389253,0,0.000235352776113027,0,0,0,0,0,0.0102367808162284,0.0105644795103121,0,0,0,0.000618555373117571,0.000618555373117571,0,0,0,0.000964662396813199,0.000235352776113027,0.00120001517292623,0,0,0,0,0,0,0,0,0,0,0.000618555373117571,0,0,0,0.000964662396813199,0.000235352776113027,0,0,0,0,0,0,0,0.00120001517292623,0,0,0,0,0,0,0,0,0.000692214047391256,0.000235352776113027,0,0,0.00100865475477012,0,0,0,0,0,0,0,0,0,0,0,0,0,0,0,0,0,0,0,0,0,0,0,0,0,0,0,0,0,0,0,0,0,0,0,0,0,0,0,0,0,0,0,0,0,0,0,0,0,0,0,0,0,0,0,0,0,0,0,0,0,0,0,0,0,0,0,0,0,0,0,0,0,0,0,0,0,0,0,0,0,0,0,0,0,0,0,0,0,0,0,0,0,0,0,0,0,0,0,0,0,0,0,0,0,0,0,0,0,0.0293932087158725,3.15384615384615,0.000392254626855045,0,0.0297854633427275,820.869345686993,849.788149105796
"476","2010-2014","Poland",0.0495573842342659,0.858938087490674,0.0158428894877532,0.0462269988811349,0.00175931202545878,0.00150906828094455,0,0.000144666320165737,0,0,0,0,0,0.00708232190036122,0.00974247088329246,0,0,0,0.000621323298147716,0.000621323298147716,0,0,0,0.00135174638525903,0.000144666320165737,0.000893636371400868,0,0,0,0,0,0,0,0,0,0,0.000621323298147716,0,0,0,0.000748970051235131,0.000144666320165737,0,0,0,0,0,0,0,0.000893636371400868,0,0,0,0,0,0,0,0,0.00025529350617483,0.000144666320165737,0,0,0.00154999628749004,0,0,0,0,0,0,0,0,0,0,0,0,0,0,0,0,0,0,0,0,0,0,0,0,0,0,0,0,0,0,0,0,0,0,0,0,0,0,0,0,0,0,0,0,0,0,0,0,0,0,0,0,0,0,0,0,0,0,0,0,0,0,0,0,0,0,0,0,0,0,0,0,0,0,0,0,0,0,0,0,0,0,0,0,0,0,0,0,0,0,0,0,0,0,0,0,0,0,0,0,0,0,0,0,0,0,0,0,0,0.0248160406115548,5.15384615384615,0.00120555266804781,0,0.0260215932796026,1357.12854269913,1382.49179056238
"477","2015-2019","Poland",0.0888678129772873,0.855926984283392,0.01093757698182,0.0157412425481598,0.000739025471744593,0.0023648815095827,0,7.39025471744593e-05,0,0,0,0,0,0.00360890772035276,0.00578903286199931,0,0,0,0.000369512735872296,0.000369512735872296,0,0,0,6.15854559787161e-05,0.00118244075479135,7.39025471744593e-05,0,0,0,0,0,0,0,0,0,0,0,0,0,0,0,7.39025471744593e-05,0,0,0,0,0,0,0,7.39025471744593e-05,0,0,0,0,0.000369512735872296,0,0,0,0,0.000443415283046756,0,0,0,0,0,0.000369512735872296,0,0,0.000369512735872296,0,0,0,0.000739025471744593,0,0,0,0,0,0,0,0,0,0,0,0,0,0,0,0,0,0,0,0,0,0,0,0,0,0,0,0,0,0,0,0,0,0,0,0,0,0,0,0,0,0,0,0,0,0,0,0,0,0,0,0,0,0,0,0,0,0,0,0,0,0,0,0,0,0,0,0,0,0,0,0,0,0,0,0,0,0,0,0,0,0,0,0,0,0,0,0,0,0,0,0,0,0,0,0,0,0,0,0.0138936788687983,10,0.0114548948120412,0,0.0253485736808395,2711.93333333333,2706.26666666667
"478","2020-2022","Poland",0.0675675675675676,0.745173745173745,0.0250965250965251,0.111969111969112,0,0.00386100386100386,0,0.00193050193050193,0,0,0,0,0,0.0154440154440154,0.0193050193050193,0,0,0,0,0,0,0,0,0,0.00193050193050193,0.00193050193050193,0,0,0,0,0,0,0,0,0,0,0,0,0,0,0,0.00193050193050193,0,0,0,0,0,0,0,0.00193050193050193,0,0,0,0,0,0,0,0,0,0.00193050193050193,0,0,0,0,0,0,0,0,0,0,0,0,0,0,0,0,0,0,0,0,0,0,0,0,0,0,0,0,0,0,0,0,0,0,0,0,0,0,0,0,0,0,0,0,0,0,0,0,0,0,0,0,0,0,0,0,0,0,0,0,0,0,0,0,0,0,0,0,0,0,0,0,0,0,0,0,0,0,0,0,0,0,0,0,0,0,0,0,0,0,0,0,0,0,0,0,0,0,0,0,0,0,0,0,0,0,0,0,0,0,0,0,0.0444015444015444,0,0,0,0.0444015444015444,20.72,20.72
"479","1995-1999","Portugal",0.175115207373272,0.502304147465438,0.0138248847926267,0.0230414746543779,0.0552995391705069,0.216589861751152,0.00921658986175115,0.00460829493087558,0,0,0,0,0,0,0,0,0,0,0,0,0,0,0,0,0,0,0,0,0,0,0,0,0,0,0,0,0,0,0,0,0,0,0,0,0,0,0,0,0,0,0,0,0,0,0,0,0,0,0,0,0,0,0,0,0,0,0,0,0,0,0,0,0,0,0,0,0,0,0,0,0,0,0,0,0,0,0,0,0,0,0,0,0,0,0,0,0,0,0,0,0,0,0,0,0,0,0,0,0,0,0,0,0,0,0,0,0,0,0,0,0,0,0,0,0,0,0,0,0,0,0,0,0,0,0,0,0,0,0,0,0,0,0,0,0,0,0,0,0,0,0,0,0,0,0,0,0,0,0,0,0,0,0,0,0,0,0,0,0,0,0,0,0,0,0,0,0,144.666666666667,144.666666666667
"480","2000-2004","Portugal",0.0350562763756308,0.34538005161804,0.0638183633769505,0.00870698984532987,0.0343729980446698,0.280246147464343,0.00147862434411134,0.00372499594381897,0,0,0,0,0,0.0651029600921966,0.0557795979948248,0,0,0,0,0,0,0,0,0,0,0,0.00319894689831781,0,0,0,0,0,0,0,0,0,0,0,0,0,0,0,0,0,0,0,0,0,0,0,0,0,0,0,0,0,0,0,0,0,0,0,0,0,0,0,0,0,0,0,0,0,0,0,0,0,0,0,0,0,0,0,0,0,0,0,0,0,0,0,0,0,0,0,0,0,0,0,0,0,0,0,0,0,0,0,0,0,0,0,0,0,0,0,0,0,0,0,0,0,0,0,0,0,0,0,0,0,0,0,0,0,0,0,0,0,0,0,0,0,0,0,0,0,0,0,0,0,0,0,0,0,0,0,0,0,0,0,0,0,0,0,0,0,0,0,0,0,0,0,0,0,0.124081504985339,0,0.0166345238712526,0.0864995241305137,0.227215552987106,1807.71342383107,1803.47812971342
"481","2005-2009","Portugal",0.0300922536242495,0.331563918582516,0.0659808659149705,0.00728510762922829,0.0339117489139454,0.278591301801142,0,0.000207448625957925,0,0,0,0,0,0.0791599550934739,0.0595255527895739,0,0,0,0,0,0,0,0,0,0,0,0.00311172938936887,0,0,0,0,0,0,0,0,0,0,0,0,0,0,0,0,0,0,0,0,0,0,0,0,0,0,0,0,0,0,0,0,0,0,0,0,0,0,0,0,0,0,0,0,0,0,0,0,0,0,0,0,0,0,0,0,0,0,0,0,0,0,0,0,0,0,0,0,0,0,0,0,0,0,0,0,0,0,0,0,0,0,0,0,0,0,0,0,0,0,0,0,0,0,0,0,0,0,0,0,0,0,0,0,0,0,0,0,0,0,0,0,0,0,0,0,0,0,0,0,0,0,0,0,0,0,0,0,0,0,0,0,0,0,0,0,0,0,0,0,0,0,0,0,0,0.141797237272417,0,0.00539366427490604,0.105176453360668,0.25236735490799,1859.32126696833,1854.02714932127
"482","2010-2014","Portugal",0.034585089957467,0.340288532453765,0.059859438901038,0.00691156354450225,0.0356405254502549,0.267746725091586,0.00034440936715558,0.000119218627092316,0,0,0,0,0,0.075820709210574,0.0619488817020056,0,0,0,0,0,0,0,0,0,0,0,0.0059211918122517,0,0,0,0,0,0,0,0,0,0,0,0,0,0,0,0,0,0,0,0,0,0,0,0,0,0,0,0,0,0,0,0,0,0,0,0,0,0,0,0,0,0,0,0,0,0,0,0,0,0,0,0,0,0,0,0,0,0,0,0,0,0,0,0,0,0,0,0,0,0,0,0,0,0,0,0,0,0,0,0,0,0,0,0,0,0,0,0,0,0,0,0,0,0,0,0,0,0,0,0,0,0,0,0,0,0,0,0,0,0,0,0,0,0,0,0,0,0,0,0,0,0,0,0,0,0,0,0,0,0,0,0,0,0,0,0,0,0,0,0,0,0,0,0,0,0.143690782724831,0,0.0100739739893007,0.100739739893007,0.254504496607139,1952.14177978884,1935.68099547511
"483","2015-2019","Portugal",0.0571669506860385,0.375731276681717,0.0380527397621265,0.00542272037853633,0.0478733683526291,0.217699384527093,0.00199106363790751,0,0,0,0,0,0,0.0525992164578978,0.0693651435029837,0,0,0,0,0,0,0,0,0,0,0,0.0238927636548901,0,0,0,0,0,0,0,0,0,0,0,0,0,0,0,0,0,0,0,0,0,0,0,0,0,0,0,0,0,0,0,0,0,0,0,0,0,0,0,0,0,0,0,0,0,0,0,0,0,0,0,0,0,0,0,0,0,0,0,0,0,0,0,0,0,0,0,0,0,0,0,0,0,0,0,0,0,0,0,0,0,0,0,0,0,0,0,0,0,0,0,0,0,0,0,0,0,0,0,0,0,0,0,0,0,0,0,0,0,0,0,0,0,0,0,0,0,0,0,0,0,0,0,0,0,0,0,0,0,0,0,0,0,0,0,0,0,0,0,0,0,0,0,0,0,0.145857123615772,0,0.0403190386676271,0.0698863336905536,0.256062495973952,1733.1568627451,1674.14705882353
"484","2000-2004","Puerto Rico",0.00104931794333683,0.892969569779643,0,0,0,0,0,0,0,0,0,0,0,0.00104931794333683,0,0,0,0,0,0,0,0,0,0,0.00104931794333683,0,0,0,0,0,0,0,0,0,0,0,0,0,0,0,0,0,0,0,0,0,0,0,0,0,0,0.00104931794333683,0,0,0,0,0,0,0,0,0,0,0,0,0,0,0,0,0,0,0,0,0,0,0,0,0,0,0,0,0,0,0,0,0,0,0,0,0,0,0,0,0,0,0,0,0,0,0,0,0,0,0,0,0,0,0,0,0,0,0,0,0,0,0,0,0,0,0,0,0,0,0,0,0,0,0,0,0,0,0,0,0,0,0,0,0,0,0,0,0,0,0,0,0,0,0,0,0,0,0,0,0,0,0,0,0,0,0,0,0,0,0,0,0,0,0,0,0,0,0,0,0.00314795383001049,0,0.0713536201469045,0.0314795383001049,0.10598111227702,270,272.285714285714
"485","2005-2009","Puerto Rico",0.00104931794333683,0.892969569779643,0,0,0,0,0,0,0,0,0,0,0,0.00104931794333683,0,0,0,0,0,0,0,0,0,0,0.00104931794333683,0,0,0,0,0,0,0,0,0,0,0,0,0,0,0,0,0,0,0,0,0,0,0,0,0,0,0.00104931794333683,0,0,0,0,0,0,0,0,0,0,0,0,0,0,0,0,0,0,0,0,0,0,0,0,0,0,0,0,0,0,0,0,0,0,0,0,0,0,0,0,0,0,0,0,0,0,0,0,0,0,0,0,0,0,0,0,0,0,0,0,0,0,0,0,0,0,0,0,0,0,0,0,0,0,0,0,0,0,0,0,0,0,0,0,0,0,0,0,0,0,0,0,0,0,0,0,0,0,0,0,0,0,0,0,0,0,0,0,0,0,0,0,0,0,0,0,0,0,0,0,0.00314795383001049,0,0.0713536201469045,0.0314795383001049,0.10598111227702,337.5,340.357142857143
"486","2010-2014","Puerto Rico",0.00150946878563566,0.944129880231232,0.000553691606958058,0.000553691606958058,0,0,0,0,0,0,0,0,0,0.00160175072012867,0,0,0,0,0,0,0,0,0,0,0.00160175072012867,0,0,0,0,0,0,0,0,0,0,0,0.000553691606958058,0,0,0,0,0,0,0,0,0,0,0,0,0,0,0.000494367506212552,0,0,0,0,0,0,0,0,0,0,0,0,0,0,0,0,0,0,0,0,0,0,0,0,0,0,0,0,0,0,0,0,0,0,0,0,0,0,0,0,0,0,0,0,0,0,0,0,0,0,0,0,0,0,0,0,0,0,0,0,0,0,0,0,0,0,0,0,0,0,0,0,0,0,0,0,0,0,0,0,0,0,0,0,0,0,0,0,0,0,0,0,0,0,0,0,0,0,0,0,0,0,0,0,0,0,0,0,0,0,0,0,0,0,0,0,0,0,0,0,0.00425156055342794,0,0.0341706820294116,0.0148310251863765,0.0532532677692161,719.566666666667,722.423809523809
"487","2015-2019","Puerto Rico",0.00212909009412819,0.98980277902286,0.00100851636037651,0.00100851636037651,0,0,0,0,0,0,0,0,0,0.00201703272075303,0,0,0,0,0,0,0,0,0,0,0.00201703272075303,0,0,0,0,0,0,0,0,0,0,0,0.00100851636037651,0,0,0,0,0,0,0,0,0,0,0,0,0,0,0,0,0,0,0,0,0,0,0,0,0,0,0,0,0,0,0,0,0,0,0,0,0,0,0,0,0,0,0,0,0,0,0,0,0,0,0,0,0,0,0,0,0,0,0,0,0,0,0,0,0,0,0,0,0,0,0,0,0,0,0,0,0,0,0,0,0,0,0,0,0,0,0,0,0,0,0,0,0,0,0,0,0,0,0,0,0,0,0,0,0,0,0,0,0,0,0,0,0,0,0,0,0,0,0,0,0,0,0,0,0,0,0,0,0,0,0,0,0,0,0,0.00504258180188256,0,0.00100851636037651,0,0.00605109816225908,594.933333333333,594.933333333333
"488","1990-1994","Romania",0.0827922077922078,0.0555194805194805,0.00487012987012987,0.000974025974025974,0.780714285714286,0,0,0,0,0,0,0,0,0.00681818181818182,0,0,0,0,0,0,0,0,0,0,0,0,0,0,0,0,0,0,0,0,0,0,0,0,0,0,0,0,0,0,0,0,0,0,0,0,0,0,0,0,0,0,0,0,0,0,0,0,0,0,0,0,0,0,0,0,0,0,0,0,0,0,0,0,0,0,0,0,0,0,0,0,0,0,0,0,0,0,0,0,0,0,0,0,0,0,0,0,0,0,0,0,0,0,0,0,0,0,0,0,0,0,0,0,0,0,0,0,0,0,0,0,0,0,0,0,0,0,0,0,0,0,0,0,0,0,0,0,0,0,0,0,0,0,0,0,0,0,0,0,0,0,0,0,0,0,0,0,0,0,0,0,0,0,0,0,0,0,0.00681818181818182,0,0.0683116883116883,0,0.0751298701298701,641.666666666667,641.666666666667
"489","1995-1999","Romania",0.080709824442944,0.055642302498312,0.00677329507089804,0.000949527346387576,0.78200962187711,0,0,0,0,0,0,0,0,0.00664669142471303,0,0,0,0,0.000506414584740041,0,0,0,0,0,0,0,0.000506414584740041,0,0,0,0,0,0,0,0,0,0,0,0,0,0,0,0,0,0,0,0,0,0,0,0,0,0,0,0,0,0,0,0,0,0,0,0,0,0,0,0,0,0,0,0,0,0,0,0,0,0,0,0,0,0,0,0,0,0,0,0,0,0,0,0,0,0,0,0,0,0,0,0,0,0,0,0,0,0,0,0,0,0,0,0,0,0,0,0,0,0,0,0,0,0,0,0,0,0,0,0,0,0,0,0,0,0,0,0,0,0,0,0,0,0,0,0,0,0,0,0,0,0,0,0,0,0,0,0,0,0,0,0,0,0,0,0,0,0,0,0,0,0,0,0,0,0.00765952059419311,0,0.0662559081701553,0,0.0739154287643484,394.933333333333,394.933333333333
"490","2000-2004","Romania",0,0.00837988826815642,0.0195530726256983,0,0.966480446927374,0,0,0,0,0,0,0,0,0,0,0,0,0,0.00279329608938547,0,0,0,0,0,0,0,0.00279329608938547,0,0,0,0,0,0,0,0,0,0,0,0,0,0,0,0,0,0,0,0,0,0,0,0,0,0,0,0,0,0,0,0,0,0,0,0,0,0,0,0,0,0,0,0,0,0,0,0,0,0,0,0,0,0,0,0,0,0,0,0,0,0,0,0,0,0,0,0,0,0,0,0,0,0,0,0,0,0,0,0,0,0,0,0,0,0,0,0,0,0,0,0,0,0,0,0,0,0,0,0,0,0,0,0,0,0,0,0,0,0,0,0,0,0,0,0,0,0,0,0,0,0,0,0,0,0,0,0,0,0,0,0,0,0,0,0,0,0,0,0,0,0,0,0,0,0.00558659217877095,0,0,0,0.00558659217877095,119.333333333333,119.333333333333
"491","2005-2009","Romania",0.0314057826520439,0.0837487537387836,0.0578265204386839,0,0.780159521435693,0.00897308075772682,0,0,0,0,0,0,0,0.00448654037886341,0.00897308075772682,0,0,0,0.00997008973080758,0,0,0,0,0,0,0,0.014456630109671,0,0,0,0,0,0,0,0,0,0,0,0,0,0,0,0,0,0,0,0,0,0,0,0,0,0,0,0,0,0,0,0,0,0,0,0,0,0,0,0,0,0,0,0,0,0,0,0,0,0,0,0,0,0,0,0,0,0,0,0,0,0,0,0,0,0,0,0,0,0,0,0,0,0,0,0,0,0,0,0,0,0,0,0,0,0,0,0,0,0,0,0,0,0,0,0,0,0,0,0,0,0,0,0,0,0,0,0,0,0,0,0,0,0,0,0,0,0,0,0,0,0,0,0,0,0,0,0,0,0,0,0,0,0,0,0,0,0,0,0,0,0,0,0,0,0.0378863409770688,0,0,0,0.0378863409770688,61.0606060606061,60.7878787878788
"492","2010-2014","Romania",0.00881819403386186,0.0477190271432411,0.0115560333243752,0,0.71046089760817,0.0246909432948132,0,0,0,0,0,0,0,0.00125974200483741,0.00529091642031712,0,0,0,0.00162926632625638,0,0,0,0,0,0,0,0.133146331631282,0,0,0,0,0,0,0,0,0,0,0,0,0,0,0,0,0,0,0,0,0,0,0,0,0,0,0,0,0,0,0,0,0,0,0,0,0,0,0,0,0,0,0,0,0,0,0,0,0,0,0,0,0,0,0,0,0,0,0,0,0,0,0,0,0,0,0,0,0,0,0,0,0,0,0,0,0,0,0,0,0,0,0,0,0,0,0,0,0,0,0,0,0,0,0,0,0,0,0,0,0,0,0,0,0,0,0,0,0,0,0,0,0,0,0,0,0,0,0,0,0,0,0,0,0,0,0,0,0,0,0,0,0,0,0,0,0,0,0,0,0,0,0,0,0,0.141326256382693,0,0.055428648212846,0,0.196754904595539,391.278787878788,360.824242424242
"493","2015-2019","Romania",0.0460526315789474,0.0986842105263158,0.0526315789473684,0,0.75,0.0131578947368421,0,0,0,0,0,0,0,0.00657894736842105,0.0131578947368421,0,0,0,0.00657894736842105,0,0,0,0,0,0,0,0.0131578947368421,0,0,0,0,0,0,0,0,0,0,0,0,0,0,0,0,0,0,0,0,0,0,0,0,0,0,0,0,0,0,0,0,0,0,0,0,0,0,0,0,0,0,0,0,0,0,0,0,0,0,0,0,0,0,0,0,0,0,0,0,0,0,0,0,0,0,0,0,0,0,0,0,0,0,0,0,0,0,0,0,0,0,0,0,0,0,0,0,0,0,0,0,0,0,0,0,0,0,0,0,0,0,0,0,0,0,0,0,0,0,0,0,0,0,0,0,0,0,0,0,0,0,0,0,0,0,0,0,0,0,0,0,0,0,0,0,0,0,0,0,0,0,0,0,0,0.0394736842105263,0,0,0,0.0394736842105263,41.7272727272727,41.4545454545455
"494","1980-1989","Russian Federation (the)",0.810842663523866,0.0789628756629346,0.0106069534472599,0.000589275191514437,0,0.0129640542133176,0,0,0,0,0,0,0,0.00117855038302887,0.0141426045963465,0.009428403064231,0,0,0.000589275191514437,0,0,0,0,0.000589275191514437,0,0,0,0,0,0,0,0,0,0,0,0,0,0,0,0,0,0,0,0,0,0,0,0,0,0,0,0,0,0,0,0,0,0,0,0,0,0,0,0,0,0,0,0,0,0,0,0,0,0,0,0.0559811431938715,0,0,0,0,0,0,0,0,0,0,0,0,0,0,0,0,0,0,0,0,0,0,0,0,0,0,0,0,0,0,0,0,0,0,0,0,0,0,0,0,0,0,0,0,0,0,0,0,0,0,0,0,0,0,0,0,0,0,0,0,0,0,0,0,0,0,0,0,0,0,0,0,0,0,0,0,0,0,0,0,0,0,0,0,0,0,0,0,0,0,0,0,0,0,0,0,0.0819092516205068,0,0,0.00412492634060106,0.0860341779611078,175.551724137931,175.551724137931
"495","1990-1994","Russian Federation (the)",0.681391155905083,0.121314831594801,0.0226263850790303,0.00459925098266003,0,0.10364086752413,0.00279814570273722,0,0,0,0,0,0,0.000804064857108397,0.0132361445708613,0.00777778121395238,0,0,0.000402032428554199,0,0,0,0,0.000402032428554199,0,0,0,0,0,0,0,0,0,0,0,0,0,0,0,0,0,0,0,0,0,0,0,0,0,0,0,0,0,0,0,0,0,0,0,0,0,0,0,0,0,0,0,0,0,0,0,0,0,0,0,0.0381930807126489,0,0,0,0,0,0,0,0,0,0,0,0,0,0,0,0,0,0,0,0,0,0,0,0,0,0,0,0,0,0,0,0,0,0,0,0,0,0,0,0,0,0,0,0,0,0,0,0,0,0,0,0,0,0,0,0,0,0,0,0,0,0,0,0,0,0,0,0,0,0,0,0,0,0,0,0,0,0,0,0,0,0,0,0,0,0,0,0,0,0,0,0,0,0,0,0,0.0608151362116794,0,0,0.00281422699987939,0.0636293632115587,428.855437665782,428.855437665782
"496","1995-1999","Russian Federation (the)",0.736811657216664,0.1291929990276,0.0165940906992579,0.00825175420579406,0,0.0299952793816237,0.00122023107519108,0,0,0,0,0,0,0.00182684020165101,0.00384806145138359,0.0562055677583158,0,0,0.000116880371186885,0,0,0,0,0.000116880371186885,0,0,0,0,0,0,0,0,0,0,0,0,0,0,0,0,0,0,0,0,0,0,0,0,0,0,0,0,0,0,0,0,0,0,0,0,0,0,0,0,0,0,0,0,0,0,0,0,0,0,0,0.011103635262754,0,0,0,0,0,0,0,0,0,0,0,0,0,0,0,0,0,0,0,0,0,0,0,0,0,0,0,0,0,0,0,0,0,0,0,0,0,0,0,0,0,0,0,0,0,0,0,0,0,0,0,0,0,0,0,0,0,0,0,0,0,0,0,0,0,0,0,0,0,0,0,0,0,0,0,0,0,0,0,0,0,0,0,0,0,0,0,0,0,0,0,0,0,0,0,0,0.0732178654164782,0,0.0038979603790826,0.000818162598308192,0.077933988393869,1479.93043766578,1475.13043766578
"497","2000-2004","Russian Federation (the)",0.871841011342715,0.0617934275694975,0.0064653672577254,0.000675872655742258,0.00295482015324505,0.0101680037978975,0,0,0,0,0,0,0,0.00295227289449225,0.00279545319537772,0.0309076865916839,0,0,8.49086250932485e-05,0,0,0,0,8.49086250932485e-05,0,0,0,0,0,0,0,0,0,0,0,0,0,0,0,0,0,0,0,0,0,0,0,0,0,0,0,0,0,0,0,0,0,0,0,0,0,0,0,0,0,0,0,0,0,0,0,0,0,0,0,0.0080663193838586,0,0,0,0,0,0,0,0,0,0,0,0,0,0,0,0,0,0,0,0,0,0,0,0,0,0,0,0,0,0,0,0,0,0,0,0,0,0,0,0,0,0,0,0,0,0,0,0,0,0,0,0,0,0,0,0,0,0,0,0,0,0,0,0,0,0,0,0,0,0,0,0,0,0,0,0,0,0,0,0,0,0,0,0,0,0,0,0,0,0,0,0,0,0,0,0,0.0448915493155989,0,0.000615587531926051,0.000594360375652739,0.0461014972231777,2037.0661519515,2030.58043766578
"498","2005-2009","Russian Federation (the)",0.864345458465052,0.0808238956693601,0.00232466419033635,0.000129148010574242,0.000749058461330602,0.0138597490536747,0,0,0,0,0,0,0,0.00175641294380969,0.00747866325848378,0.0116600784623837,0,0,0.000878206471904844,0,0,0,0,0.000129148010574242,0,0,0,0,0,0,0,0,0,0,0,0,0,0,0,0,0,0,0,0,0,0,0,0,0,0,0,0,0,0,0,0,0,0,0,0,0,0,0,0,0,0,0,0,0,0,0,0,0,0,0,0.0146890960334672,0,0,0,0,0,0,0,0,0,0,0,0,0,0,0,0,0,0,0,0,0,0,0,0,0,0,0,0,0,0,0,0,0,0,0,0,0,0,0,0,0,0,0,0,0,0,0,0,0,0,0,0,0,0,0,0,0,0,0,0,0,0,0,0,0,0,0,0,0,0,0,0,0,0,0,0,0,0,0,0,0,0,0,0,0,0,0,0,0,0,0,0,0,0,0,0,0.0365916051806234,0,0.00027238489502931,0.000904036074019692,0.0377680261496724,1341.08720589755,1335.00928381963
"499","2010-2014","Russian Federation (the)",0.765897737390482,0.0871564116685027,0.00849643922389853,0.000372106827324023,0.00021159015671366,0.00680960851361645,0,6.34770470140981e-05,6.34770470140981e-05,0,0,0,0,0.000797111193826462,0.0133796538048288,0.00668206766125639,0,0,5.47215922535328e-05,0,0,0,0,0.000213414209788778,0,0,0,0,0,0,0,0,0,0,0,0,0,0,0,0,0,0,0,0,0,0,0,0,0,0,0,0,0,0,0,0,0,0,0,0,0,0,0,0,0,0,0,0,0,0,0,0,0,0,0,0.0741932185186399,0,0,0,0,0,0,0,0,0,0,0,0,0,0,0,0,0,0,0,0,0,0,0,0,0,0,0,0,0,0,0,0,0,0,0,0,0,0,0,0,0,0,0,0,0,0,0,0,0,0,0,0,0,0,0,0,0,0,0,0,0,0,0,0,0,0,0,0,0,0,0,0,0,0,0,0,0,0,0,0,0,0,0,0,0,0,0,0,0,0,0,0,0,0,0,0,0.0953201869805939,0,0.033956373058784,0.00165259208605669,0.130929152125435,3209.99972671007,3150.74518125553
"500","2015-2019","Russian Federation (the)",0.798675956472457,0.0563278947746134,0.000615020731776371,7.17923033201989e-06,6.93992265428589e-05,0.00695901873757696,0,0.000166558143702861,0.000166558143702861,0,0,0,0,0.000604251886278341,0.0100659620319593,0.02117753294107,0,0,0.000423574589589174,0,0,0,0,0.000111278070146308,0,0,0,0,0,0,0,0,0.000416395359257154,0,0,0,0,0,0,0,0,0,0,0,0,0,0,0,0,0,0,0,0,0,0,0,0,0,0,0,0,0,0,0,0,0,0,0,0,0,0,0,0,0,0,0.0621804184025984,0,0,0,0,0,0,0,0,0,0,0,0,0,0,0,0,0,0,0,0,0,0,0,0,0,0,0,0,0,0,0,0,0,0,0,0,0,0,0,0,0,0,0,0,0,0,0,0,0,0,0,0,0,0,0,0,0,0,0,0,0,0,0,0,0,0,0,0,0,0,0,0,0,0,0,0,0,0,0,0,0,0,0,0,0,0,0,0,0,0,0,0,0,0,0,0,0.0949794132808987,0,0.0378187930535012,0.00421420820489568,0.137012414539296,4931.50931597139,4803.12749778957
"501","2000-2004","Rwanda",0.72809667673716,0,0.175562269217858,0.0325612621685129,0,0,0,0,0,0,0,0,0,0,0.00234978180597516,0,0,0,0,0,0,0,0,0,0,0,0,0,0,0,0,0,0,0,0,0,0,0,0,0,0,0,0,0,0,0,0,0,0,0,0,0,0,0,0,0,0,0,0,0,0,0,0,0,0,0,0,0,0,0,0,0,0,0,0,0,0,0,0,0,0,0,0,0,0,0,0,0,0,0,0,0,0,0,0,0,0,0,0,0,0,0,0,0,0,0,0,0,0,0,0,0,0,0,0,0,0,0,0,0,0,0,0,0,0,0,0,0,0,0,0,0,0,0,0,0,0,0,0,0,0,0,0,0,0,0,0,0,0,0,0,0,0,0,0,0,0,0,0,0,0,0,0,0,0,0,0,0,0,0,0,0,0.00234978180597516,0,0.0614300100704934,0,0.0637797918764686,443.857142857143,425.571428571429
"502","2005-2009","Rwanda",0.741851313200445,0.00119770724612884,0.124903755667722,0.0265206604499957,0,0.00119770724612884,0,0,0,0,0,0,0,0,0,0,0,0,0,0,0,0,0,0,0,0,0,0,0,0,0,0,0,0,0,0,0,0,0,0,0,0,0,0,0,0,0,0,0,0,0,0,0,0,0,0,0,0,0,0,0,0,0,0,0,0,0,0,0,0,0,0,0,0,0,0,0,0,0,0,0,0,0,0,0,0,0,0,0,0,0,0,0,0,0,0,0,0,0,0,0,0,0,0,0,0,0,0,0,0,0,0,0,0,0,0,0,0,0,0,0,0,0,0,0,0,0,0,0,0,0,0,0,0,0,0,0,0,0,0,0,0,0,0,0,0,0,0,0,0,0,0,0,0,0,0,0,0,0,0,0,0,0,0,0,0,0,0,0,0,0,0,0,0,0.10432885618958,0,0.10432885618958,865.892857142857,834.928571428571
"503","2010-2014","Rwanda",0.747191011235955,0,0.142322097378277,0.0374531835205993,0,0,0,0,0,0,0,0,0,0,0,0,0,0,0,0,0,0,0,0,0,0,0,0,0,0,0.00749063670411985,0,0,0,0,0,0,0,0,0,0,0,0,0,0,0,0,0,0,0,0,0,0,0,0,0,0,0,0,0,0,0,0,0,0,0,0,0,0,0,0,0,0,0,0,0,0,0,0,0,0,0,0,0,0,0,0,0,0,0,0,0,0,0,0,0,0,0,0,0,0,0,0,0,0,0,0,0,0,0,0,0,0,0,0,0,0,0,0,0,0,0,0,0,0,0,0,0,0,0,0,0,0,0,0,0,0,0,0,0,0,0,0,0,0,0,0,0,0,0,0,0,0,0,0,0,0,0,0,0,0,0,0,0,0,0,0,0,0,0,0,0,0.00749063670411985,0,0.0655430711610487,0,0.0730337078651685,134.25,133.5
"504","2015-2019","Saudi Arabia",0.0175438596491228,0.0701754385964912,0.666666666666667,0.105263157894737,0,0.087719298245614,0,0,0,0,0,0,0,0.0350877192982456,0.0175438596491228,0,0,0,0,0,0,0,0,0,0,0,0,0,0,0,0,0,0,0,0,0,0,0,0,0,0,0,0,0,0,0,0,0,0,0,0,0,0,0,0,0,0,0,0,0,0,0,0,0,0,0,0,0,0,0,0,0,0,0,0,0,0,0,0,0,0,0,0,0,0,0,0,0,0,0,0,0,0,0,0,0,0,0,0,0,0,0,0,0,0,0,0,0,0,0,0,0,0,0,0,0,0,0,0,0,0,0,0,0,0,0,0,0,0,0,0,0,0,0,0,0,0,0,0,0,0,0,0,0,0,0,0,0,0,0,0,0,0,0,0,0,0,0,0,0,0,0,0,0,0,0,0,0,0,0,0,0,0.0526315789473684,0,0,0,0.0526315789473684,57,57
"505","1990-1994","Senegal",0.24,0.0266666666666667,0.0666666666666667,0.08,0.0133333333333333,0.0266666666666667,0,0,0,0,0,0,0,0,0.4,0,0,0,0.133333333333333,0,0,0.0133333333333333,0,0,0,0,0,0,0,0,0,0,0,0,0,0,0,0,0,0,0,0,0,0,0,0,0,0,0,0,0,0,0,0,0,0,0,0,0,0,0,0,0,0,0,0,0,0,0,0,0,0,0,0,0,0,0,0,0,0,0,0,0,0,0,0,0,0,0,0,0,0,0,0,0,0,0,0,0,0,0,0,0,0,0,0,0,0,0,0,0,0,0,0,0,0,0,0,0,0,0,0,0,0,0,0,0,0,0,0,0,0,0,0,0,0,0,0,0,0,0,0,0,0,0,0,0,0,0,0,0,0,0,0,0,0,0,0,0,0,0,0,0,0,0,0,0,0,0,0,0,0,0.546666666666667,0,0,0,0.546666666666667,75,75
"506","1995-1999","Senegal",0.547619047619048,0.0586080586080586,0.043956043956044,0.0164835164835165,0.00183150183150183,0.0210622710622711,0,0.00732600732600733,0,0,0,0,0,0.00366300366300366,0.243589743589744,0,0,0,0.0173992673992674,0,0,0.00732600732600733,0,0.00366300366300366,0,0,0,0,0,0,0,0,0,0,0,0,0,0,0,0,0,0,0,0,0,0,0,0,0,0,0,0,0,0,0,0,0,0.000915750915750916,0,0,0,0,0,0,0,0,0,0,0,0,0,0,0,0,0,0,0,0,0,0,0,0,0,0,0,0,0,0,0,0,0,0,0,0,0,0,0,0,0,0,0,0,0,0,0,0,0,0,0,0,0,0,0,0,0,0,0,0,0,0,0,0,0,0,0,0,0,0,0,0,0,0,0,0,0,0,0,0,0,0,0,0,0,0,0,0,0,0,0,0,0,0,0,0,0,0,0,0,0,0,0,0,0,0,0,0,0,0,0,0,0,0,0.276556776556777,0,0.0265567765567766,0,0.303113553113553,546,546
"507","2000-2004","Senegal",0.132752992383025,0.0516866158868335,0.088139281828074,0.029923830250272,0.00816104461371056,0.0563112078346028,0,0.00326441784548422,0,0,0,0,0,0.000544069640914037,0.511425462459195,0,0,0,0.0541349292709467,0,0,0.0217627856365615,0,0.00326441784548422,0,0,0,0,0,0,0,0,0,0,0,0,0,0,0,0,0,0,0,0,0,0,0,0,0,0,0,0,0,0,0,0,0,0.000816104461371056,0,0,0,0,0,0,0,0,0,0,0,0,0,0,0,0,0,0,0,0,0,0,0,0,0,0,0,0,0,0,0,0,0,0,0,0,0,0,0,0,0,0,0,0,0,0,0,0,0,0,0,0,0,0,0,0,0,0,0,0,0,0,0,0,0,0,0,0,0,0,0,0,0,0,0,0,0,0,0,0,0,0,0,0,0,0,0,0,0,0,0,0,0,0,0,0,0,0,0,0,0,0,0,0,0,0,0,0,0,0,0,0,0,0,0.591947769314472,0,0.0378128400435256,0,0.629760609357998,612.666666666667,612.666666666667
"508","2005-2009","Senegal",0.0296822742474916,0.0192307692307692,0.20443143812709,0.0309364548494983,0,0,0,0,0,0,0,0,0,0.00209030100334448,0.563127090301003,0,0,0,0.0150501672240803,0,0,0.0104515050167224,0,0.0267558528428094,0,0.00334448160535117,0,0,0,0,0,0,0,0,0,0,0,0,0,0,0,0,0,0,0,0,0,0,0,0.00501672240802676,0,0,0,0,0,0,0,0,0,0,0,0.00167224080267559,0,0,0,0,0,0,0,0,0,0,0,0,0,0,0,0,0,0,0,0,0,0,0,0,0,0,0,0,0,0,0,0,0,0,0,0,0,0,0,0,0,0,0,0,0,0,0,0,0,0,0,0,0,0,0,0,0,0,0,0,0,0,0,0,0,0,0,0,0,0,0,0,0,0,0,0,0,0,0,0,0,0,0,0,0,0,0,0,0,0,0,0,0,0,0,0,0,0,0,0,0,0,0,0,0,0,0,0,0,0,0.627508361204013,0,0.0882107023411371,0,0.71571906354515,199.333333333333,199.333333333333
"509","2010-2014","Senegal",0.0568181818181818,0.00974025974025974,0.105519480519481,0.0422077922077922,0,0.0194805194805195,0,0,0,0,0,0,0,0.25487012987013,0.40530303030303,0,0,0,0.0281385281385281,0,0,0.0102813852813853,0,0.0238095238095238,0,0.00865800865800866,0,0,0,0,0,0,0,0,0,0,0,0.00649350649350649,0,0,0,0,0,0,0,0,0,0,0,0,0,0,0,0,0,0,0,0,0,0,0,0.00432900432900433,0,0,0,0,0,0,0,0,0,0,0,0,0,0,0,0,0,0,0,0,0,0,0,0,0,0,0,0,0,0,0,0,0,0,0,0,0,0,0,0,0,0,0,0,0,0,0,0,0,0,0,0,0,0,0,0,0,0,0,0,0,0,0,0,0,0,0,0,0,0,0,0,0,0,0,0,0,0,0,0,0,0,0,0,0,0,0,0,0,0,0,0,0,0,0,0,0,0,0,0,0,0,0,0,0,0,0,0,0,0,0.741883116883117,0,0.0243506493506494,0,0.766233766233766,167,154
"510","2015-2019","Senegal",0.0888888888888889,0.037037037037037,0.0888888888888889,0,0,0.00740740740740741,0,0,0,0,0,0,0,0,0.703703703703704,0,0,0,0.0296296296296296,0,0,0,0,0,0,0,0,0,0,0,0,0,0,0,0,0,0,0,0,0,0,0,0,0,0,0,0,0,0,0,0,0,0,0,0,0,0,0,0,0,0,0,0,0,0,0,0,0,0,0,0,0,0,0,0,0,0,0,0,0,0,0,0,0,0,0,0,0,0,0,0,0,0,0,0,0,0,0,0,0,0,0,0,0,0,0,0,0,0,0,0,0,0,0,0,0,0,0,0,0,0,0,0,0,0,0,0,0,0,0,0,0,0,0,0,0,0,0,0,0,0,0,0,0,0,0,0,0,0,0,0,0,0,0,0,0,0,0,0,0,0,0,0,0,0,0,0,0,0,0,0,0,0.733333333333333,0,0.0222222222222222,0.0222222222222222,0.777777777777778,174,135
"511","1995-1999","Serbia",0,0.911111111111111,0.0444444444444444,0,0,0,0,0,0,0,0,0,0,0.0222222222222222,0.0222222222222222,0,0,0,0,0,0,0,0,0,0,0,0,0,0,0,0,0,0,0,0,0,0,0,0,0,0,0,0,0,0,0,0,0,0,0,0,0,0,0,0,0,0,0,0,0,0,0,0,0,0,0,0,0,0,0,0,0,0,0,0,0,0,0,0,0,0,0,0,0,0,0,0,0,0,0,0,0,0,0,0,0,0,0,0,0,0,0,0,0,0,0,0,0,0,0,0,0,0,0,0,0,0,0,0,0,0,0,0,0,0,0,0,0,0,0,0,0,0,0,0,0,0,0,0,0,0,0,0,0,0,0,0,0,0,0,0,0,0,0,0,0,0,0,0,0,0,0,0,0,0,0,0,0,0,0,0,0,0.0444444444444444,0,0,0,0.0444444444444444,33.75,33.75
"512","2000-2004","Serbia",0.0114025085518814,0.919422272900038,0.0220448498669707,0,0.00228050171037628,0.0228050171037628,0,0,0,0,0,0,0,0.0110224249334854,0.0110224249334854,0,0,0,0,0,0,0,0,0,0,0,0,0,0,0,0,0,0,0,0,0,0,0,0,0,0,0,0,0,0,0,0,0,0,0,0,0,0,0,0,0,0,0,0,0,0,0,0,0,0,0,0,0,0,0,0,0,0,0,0,0,0,0,0,0,0,0,0,0,0,0,0,0,0,0,0,0,0,0,0,0,0,0,0,0,0,0,0,0,0,0,0,0,0,0,0,0,0,0,0,0,0,0,0,0,0,0,0,0,0,0,0,0,0,0,0,0,0,0,0,0,0,0,0,0,0,0,0,0,0,0,0,0,0,0,0,0,0,0,0,0,0,0,0,0,0,0,0,0,0,0,0,0,0,0,0,0,0.0220448498669707,0,0,0,0.0220448498669707,131.85,131.55
"513","2005-2009","Serbia",0.0124688279301746,0.920199501246883,0.0199501246882793,0,0.00249376558603491,0.0249376558603491,0,0,0,0,0,0,0,0.00997506234413965,0.00997506234413965,0,0,0,0,0,0,0,0,0,0,0,0,0,0,0,0,0,0,0,0,0,0,0,0,0,0,0,0,0,0,0,0,0,0,0,0,0,0,0,0,0,0,0,0,0,0,0,0,0,0,0,0,0,0,0,0,0,0,0,0,0,0,0,0,0,0,0,0,0,0,0,0,0,0,0,0,0,0,0,0,0,0,0,0,0,0,0,0,0,0,0,0,0,0,0,0,0,0,0,0,0,0,0,0,0,0,0,0,0,0,0,0,0,0,0,0,0,0,0,0,0,0,0,0,0,0,0,0,0,0,0,0,0,0,0,0,0,0,0,0,0,0,0,0,0,0,0,0,0,0,0,0,0,0,0,0,0,0.0199501246882793,0,0,0,0.0199501246882793,201,200.5
"514","2010-2014","Serbia",0.0124688279301746,0.920199501246883,0.0199501246882793,0,0.00249376558603491,0.0249376558603491,0,0,0,0,0,0,0,0.00997506234413965,0.00997506234413965,0,0,0,0,0,0,0,0,0,0,0,0,0,0,0,0,0,0,0,0,0,0,0,0,0,0,0,0,0,0,0,0,0,0,0,0,0,0,0,0,0,0,0,0,0,0,0,0,0,0,0,0,0,0,0,0,0,0,0,0,0,0,0,0,0,0,0,0,0,0,0,0,0,0,0,0,0,0,0,0,0,0,0,0,0,0,0,0,0,0,0,0,0,0,0,0,0,0,0,0,0,0,0,0,0,0,0,0,0,0,0,0,0,0,0,0,0,0,0,0,0,0,0,0,0,0,0,0,0,0,0,0,0,0,0,0,0,0,0,0,0,0,0,0,0,0,0,0,0,0,0,0,0,0,0,0,0,0.0199501246882793,0,0,0,0.0199501246882793,80.4,80.2
"515","2015-2019","Sierra Leone",0.0122950819672131,0.00819672131147541,0.0245901639344262,0,0,0.0860655737704918,0,0,0,0,0,0,0,0,0.852459016393443,0,0,0,0.00409836065573771,0,0,0.0122950819672131,0,0,0,0,0,0,0,0,0,0,0,0,0,0,0,0,0,0,0,0,0,0,0,0,0,0,0,0,0,0,0,0,0,0,0,0,0,0,0,0,0,0,0,0,0,0,0,0,0,0,0,0,0,0,0,0,0,0,0,0,0,0,0,0,0,0,0,0,0,0,0,0,0,0,0,0,0,0,0,0,0,0,0,0,0,0,0,0,0,0,0,0,0,0,0,0,0,0,0,0,0,0,0,0,0,0,0,0,0,0,0,0,0,0,0,0,0,0,0,0,0,0,0,0,0,0,0,0,0,0,0,0,0,0,0,0,0,0,0,0,0,0,0,0,0,0,0,0,0,0,0.868852459016393,0,0,0,0.868852459016393,244,244
"516","1995-1999","Singapore",0,0.448275862068966,0.0172413793103448,0,0,0,0,0,0,0,0,0,0,0.53448275862069,0,0,0,0,0,0,0,0,0,0,0,0,0,0,0,0,0,0,0,0,0,0,0,0,0,0,0,0,0,0,0,0,0,0,0,0,0,0,0,0,0,0,0,0,0,0,0,0,0,0,0,0,0,0,0,0,0,0,0,0,0,0,0,0,0,0,0,0,0,0,0,0,0,0,0,0,0,0,0,0,0,0,0,0,0,0,0,0,0,0,0,0,0,0,0,0,0,0,0,0,0,0,0,0,0,0,0,0,0,0,0,0,0,0,0,0,0,0,0,0,0,0,0,0,0,0,0,0,0,0,0,0,0,0,0,0,0,0,0,0,0,0,0,0,0,0,0,0,0,0,0,0,0,0,0,0,0,0,0.53448275862069,0,0,0,0.53448275862069,58,58
"517","2000-2004","Singapore",0,0.202247191011236,0.0224719101123595,0,0,0,0,0,0,0,0,0,0,0.775280898876405,0,0,0,0,0,0,0,0,0,0,0,0,0,0,0,0,0,0,0,0,0,0,0,0,0,0,0,0,0,0,0,0,0,0,0,0,0,0,0,0,0,0,0,0,0,0,0,0,0,0,0,0,0,0,0,0,0,0,0,0,0,0,0,0,0,0,0,0,0,0,0,0,0,0,0,0,0,0,0,0,0,0,0,0,0,0,0,0,0,0,0,0,0,0,0,0,0,0,0,0,0,0,0,0,0,0,0,0,0,0,0,0,0,0,0,0,0,0,0,0,0,0,0,0,0,0,0,0,0,0,0,0,0,0,0,0,0,0,0,0,0,0,0,0,0,0,0,0,0,0,0,0,0,0,0,0,0,0,0.775280898876405,0,0,0,0.775280898876405,89,89
"518","2005-2009","Singapore",0,0.321212121212121,0,0,0,0.00606060606060606,0,0,0,0,0,0,0,0.539393939393939,0.00606060606060606,0,0,0,0,0.00606060606060606,0,0,0,0,0,0,0,0.0121212121212121,0,0,0,0,0,0,0,0,0,0,0,0,0,0,0,0,0,0.0242424242424242,0,0,0,0,0,0,0,0,0,0,0,0,0,0,0,0,0,0,0,0,0,0,0,0,0,0,0,0,0,0,0,0,0,0,0,0,0,0,0,0,0,0,0,0,0,0,0,0,0,0,0,0,0,0,0,0,0,0,0,0,0,0,0,0,0,0,0,0,0,0,0,0,0,0,0,0,0,0,0,0,0,0,0,0,0,0,0,0,0,0,0,0,0,0,0,0,0,0,0,0,0,0,0,0,0,0,0,0,0,0,0,0,0,0,0,0,0,0,0,0,0,0,0,0,0,0,0.587878787878788,5,0.0848484848484849,0,0.672727272727273,169,165
"519","2010-2014","Singapore",0,0.432748538011696,0,0,0,0,0,0,0,0,0,0,0,0.567251461988304,0,0,0,0,0,0,0,0,0,0,0,0,0,0,0,0,0,0,0,0,0,0,0,0,0,0,0,0,0,0,0,0,0,0,0,0,0,0,0,0,0,0,0,0,0,0,0,0,0,0,0,0,0,0,0,0,0,0,0,0,0,0,0,0,0,0,0,0,0,0,0,0,0,0,0,0,0,0,0,0,0,0,0,0,0,0,0,0,0,0,0,0,0,0,0,0,0,0,0,0,0,0,0,0,0,0,0,0,0,0,0,0,0,0,0,0,0,0,0,0,0,0,0,0,0,0,0,0,0,0,0,0,0,0,0,0,0,0,0,0,0,0,0,0,0,0,0,0,0,0,0,0,0,0,0,0,0,0,0.567251461988304,0,0,0,0.567251461988304,171,171
"520","2000-2004","Slovakia",0.013986013986014,0.93006993006993,0.020979020979021,0,0.013986013986014,0,0,0,0,0,0,0,0,0.00699300699300699,0.00699300699300699,0,0,0,0,0,0.00699300699300699,0,0,0,0,0,0,0,0,0,0,0,0,0,0,0,0,0,0,0,0,0,0,0,0,0,0,0,0,0,0,0,0,0,0,0,0,0,0,0,0,0,0,0,0,0,0,0,0,0,0,0,0,0,0,0,0,0,0,0,0,0,0,0,0,0,0,0,0,0,0,0,0,0,0,0,0,0,0,0,0,0,0,0,0,0,0,0,0,0,0,0,0,0,0,0,0,0,0,0,0,0,0,0,0,0,0,0,0,0,0,0,0,0,0,0,0,0,0,0,0,0,0,0,0,0,0,0,0,0,0,0,0,0,0,0,0,0,0,0,0,0,0,0,0,0,0,0,0,0,0,0,0.020979020979021,0,0,0,0.020979020979021,28.6,28.6
"521","2005-2009","Slovakia",0.0106382978723404,0.913563829787234,0.0226063829787234,0,0.0139627659574468,0.00166223404255319,0,0,0,0,0,0,0,0.0202792553191489,0.0069813829787234,0.00332446808510638,0,0,0,0,0.00531914893617021,0,0,0,0.00166223404255319,0,0,0,0,0,0,0,0,0,0,0,0,0,0,0,0,0,0,0,0,0,0,0,0,0,0,0,0,0,0,0,0,0,0,0,0,0,0,0,0,0,0,0,0,0,0,0,0,0,0,0,0,0,0,0,0,0,0,0,0,0,0,0,0,0,0,0,0,0,0,0,0,0,0,0,0,0,0,0,0,0,0,0,0,0,0,0,0,0,0,0,0,0,0,0,0,0,0,0,0,0,0,0,0,0,0,0,0,0,0,0,0,0,0,0,0,0,0,0,0,0,0,0,0,0,0,0,0,0,0,0,0,0,0,0,0,0,0,0,0,0,0,0,0,0,0,0,0.0375664893617021,0,0,0,0.0375664893617021,150.4,150.4
"522","2010-2014","Slovakia",0,0.861111111111111,0.0277777777777778,0,0.0138888888888889,0.00694444444444444,0,0,0,0,0,0,0,0.0625,0.00694444444444444,0.0138888888888889,0,0,0,0,0,0,0,0,0.00694444444444444,0,0,0,0,0,0,0,0,0,0,0,0,0,0,0,0,0,0,0,0,0,0,0,0,0,0,0,0,0,0,0,0,0,0,0,0,0,0,0,0,0,0,0,0,0,0,0,0,0,0,0,0,0,0,0,0,0,0,0,0,0,0,0,0,0,0,0,0,0,0,0,0,0,0,0,0,0,0,0,0,0,0,0,0,0,0,0,0,0,0,0,0,0,0,0,0,0,0,0,0,0,0,0,0,0,0,0,0,0,0,0,0,0,0,0,0,0,0,0,0,0,0,0,0,0,0,0,0,0,0,0,0,0,0,0,0,0,0,0,0,0,0,0,0,0,0,0,0.0902777777777778,0,0,0,0.0902777777777778,108,108
"523","1980-1989","Slovenia",0.027027027027027,0.864864864864865,0.0810810810810811,0.0135135135135135,0,0,0,0,0,0,0,0,0,0.0135135135135135,0,0,0,0,0,0,0,0,0,0,0,0,0,0,0,0,0,0,0,0,0,0,0,0,0,0,0,0,0,0,0,0,0,0,0,0,0,0,0,0,0,0,0,0,0,0,0,0,0,0,0,0,0,0,0,0,0,0,0,0,0,0,0,0,0,0,0,0,0,0,0,0,0,0,0,0,0,0,0,0,0,0,0,0,0,0,0,0,0,0,0,0,0,0,0,0,0,0,0,0,0,0,0,0,0,0,0,0,0,0,0,0,0,0,0,0,0,0,0,0,0,0,0,0,0,0,0,0,0,0,0,0,0,0,0,0,0,0,0,0,0,0,0,0,0,0,0,0,0,0,0,0,0,0,0,0,0,0,0.0135135135135135,0,0,0,0.0135135135135135,24.6666666666667,24.6666666666667
"524","1990-1994","Slovenia",0.027027027027027,0.864864864864865,0.0810810810810811,0.0135135135135135,0,0,0,0,0,0,0,0,0,0.0135135135135135,0,0,0,0,0,0,0,0,0,0,0,0,0,0,0,0,0,0,0,0,0,0,0,0,0,0,0,0,0,0,0,0,0,0,0,0,0,0,0,0,0,0,0,0,0,0,0,0,0,0,0,0,0,0,0,0,0,0,0,0,0,0,0,0,0,0,0,0,0,0,0,0,0,0,0,0,0,0,0,0,0,0,0,0,0,0,0,0,0,0,0,0,0,0,0,0,0,0,0,0,0,0,0,0,0,0,0,0,0,0,0,0,0,0,0,0,0,0,0,0,0,0,0,0,0,0,0,0,0,0,0,0,0,0,0,0,0,0,0,0,0,0,0,0,0,0,0,0,0,0,0,0,0,0,0,0,0,0,0.0135135135135135,0,0,0,0.0135135135135135,30.8333333333333,30.8333333333333
"525","1995-1999","Slovenia",0.0126939351198872,0.846262341325811,0.0211565585331453,0.00916784203102962,0.00564174894217207,0,0,0,0,0,0,0,0,0.0148095909732017,0.0451339915373766,0,0,0,0,0,0,0,0,0,0,0,0,0,0,0,0,0,0,0,0,0,0,0,0,0,0,0,0,0,0,0,0,0,0,0,0,0,0,0,0,0,0,0,0,0,0,0,0,0,0,0,0,0,0,0,0,0,0,0,0,0,0,0,0,0,0,0,0,0,0,0,0,0,0,0,0,0,0,0,0,0,0,0,0,0,0,0,0,0,0,0,0,0,0,0,0,0,0,0,0,0,0,0,0,0,0,0,0,0,0,0,0,0,0,0,0,0,0,0,0,0,0,0,0,0,0,0,0,0,0,0,0,0,0,0,0,0,0,0,0,0,0,0,0,0,0,0,0,0,0,0,0,0,0,0,0,0,0.0599435825105783,0,0.0451339915373766,0,0.105077574047955,70.9,70.9
"526","2000-2004","Slovenia",0.0138083634428479,0.848108002128673,0.000952300927092961,0.00142845139063944,0.00809455788029017,0,0,0,0,0,0,0,0,0.00666610648965073,0.02571212503151,0,0,0,0,0,0,0,0,0,0,0,0,0,0,0,0,0,0,0,0,0,0,0,0,0,0,0,0,0,0,0,0,0,0,0,0,0,0,0,0,0,0,0,0,0,0,0,0,0,0,0,0,0,0,0,0,0,0,0,0,0,0,0,0,0,0,0,0,0,0,0,0,0,0,0,0,0,0,0,0,0,0,0,0,0,0,0,0,0,0,0,0,0,0,0,0,0,0,0,0,0,0,0,0,0,0,0,0,0,0,0,0,0,0,0,0,0,0,0,0,0,0,0,0,0,0,0,0,0,0,0,0,0,0,0,0,0,0,0,0,0,0,0,0,0,0,0,0,0,0,0,0,0,0,0,0,0,0.0323782315211607,0,0.074279472313251,0.0209506203960451,0.127608324230457,350.029411764706,350.029411764706
"527","2005-2009","Slovenia",0.0245515667856016,0.886732687686594,0.00103157843636981,0.00546736571276002,0.00134105196728076,0.00257894609092454,0,0,0,0,0,0,0,0.0016505254981917,0.00505473433821209,0,0,0,0,0,0,0,0,0,0,0,0,0,0,0,0,0,0,0,0,0,0,0,0,0,0,0,0,0,0,0,0,0,0,0,0,0,0,0,0,0,0,0,0,0,0,0,0,0,0,0,0,0,0,0,0,0,0,0,0,0,0,0,0,0,0,0,0,0,0,0,0,0,0,0,0,0,0,0,0,0,0,0,0,0,0,0,0,0,0,0,0,0,0,0,0,0,0,0,0,0,0,0,0,0,0,0,0,0,0,0,0,0,0,0,0,0,0,0,0,0,0,0,0,0,0,0,0,0,0,0,0,0,0,0,0,0,0,0,0,0,0,0,0,0,0,0,0,0,0,0,0,0,0,0,0,0,0.0067052598364038,0,0.0488968178839292,0.0226947256001359,0.0782968033204689,323.129411764706,323.129411764706
"528","2010-2014","Slovenia",0.0586681871380128,0.853584611229481,0.00918284668247157,0.0010203162980524,0.0010203162980524,0.000510158149026198,0,0,0,0,0,0,0,0.00714221408636677,0.000510158149026198,0,0,0,0,0,0,0,0,0,0,0,0,0,0,0,0,0,0,0,0,0,0,0,0,0,0,0,0,0,0,0,0,0,0,0,0,0,0,0,0,0,0,0,0,0,0,0,0,0,0,0,0,0,0,0,0,0,0,0,0,0,0,0,0,0,0,0,0,0,0,0,0,0,0,0,0,0,0,0,0,0,0,0,0,0,0,0,0,0,0,0,0,0,0,0,0,0,0,0,0,0,0,0,0,0,0,0,0,0,0,0,0,0,0,0,0,0,0,0,0,0,0,0,0,0,0,0,0,0,0,0,0,0,0,0,0,0,0,0,0,0,0,0,0,0,0,0,0,0,0,0,0,0,0,0,0,0,0.00765237223539297,0,0.0459142334123578,0.0224469585571527,0.0760135642049035,324.029411764706,326.696078431373
"529","2015-2019","Slovenia",0.0877680698967434,0.827839555202542,0.0135027799841144,0,0,0,0,0,0,0,0,0,0,0.0101270849880858,0,0,0,0,0,0,0,0,0,0,0,0,0,0,0,0,0,0,0,0,0,0,0,0,0,0,0,0,0,0,0,0,0,0,0,0,0,0,0,0,0,0,0,0,0,0,0,0,0,0,0,0,0,0,0,0,0,0,0,0,0,0,0,0,0,0,0,0,0,0,0,0,0,0,0,0,0,0,0,0,0,0,0,0,0,0,0,0,0,0,0,0,0,0,0,0,0,0,0,0,0,0,0,0,0,0,0,0,0,0,0,0,0,0,0,0,0,0,0,0,0,0,0,0,0,0,0,0,0,0,0,0,0,0,0,0,0,0,0,0,0,0,0,0,0,0,0,0,0,0,0,0,0,0,0,0,0,0,0.0101270849880858,0,0.0607625099285147,0,0.0708895949166005,97.4117647058823,98.7450980392157
"530","1980-1989","South Africa",0,0.377358490566038,0.528301886792453,0.0943396226415094,0,0,0,0,0,0,0,0,0,0,0,0,0,0,0,0,0,0,0,0,0,0,0,0,0,0,0,0,0,0,0,0,0,0,0,0,0,0,0,0,0,0,0,0,0,0,0,0,0,0,0,0,0,0,0,0,0,0,0,0,0,0,0,0,0,0,0,0,0,0,0,0,0,0,0,0,0,0,0,0,0,0,0,0,0,0,0,0,0,0,0,0,0,0,0,0,0,0,0,0,0,0,0,0,0,0,0,0,0,0,0,0,0,0,0,0,0,0,0,0,0,0,0,0,0,0,0,0,0,0,0,0,0,0,0,0,0,0,0,0,0,0,0,0,0,0,0,0,0,0,0,0,0,0,0,0,0,0,0,0,0,0,0,0,0,0,0,0,0,0,0,0,0,28.9090909090909,28.9090909090909
"531","1990-1994","South Africa",0.0111561866125761,0.191176470588235,0.759634888438134,0.0380324543610548,0,0,0,0,0,0,0,0,0,0,0,0,0,0,0,0,0,0,0,0,0,0,0,0,0,0,0,0,0,0,0,0,0,0,0,0,0,0,0,0,0,0,0,0,0,0,0,0,0,0,0,0,0,0,0,0,0,0,0,0,0,0,0,0,0,0,0,0,0,0,0,0,0,0,0,0,0,0,0,0,0,0,0,0,0,0,0,0,0,0,0,0,0,0,0,0,0,0,0,0,0,0,0,0,0,0,0,0,0,0,0,0,0,0,0,0,0,0,0,0,0,0,0,0,0,0,0,0,0,0,0,0,0,0,0,0,0,0,0,0,0,0,0,0,0,0,0,0,0,0,0,0,0,0,0,0,0,0,0,0,0,0,0,0,0,0,0,0,0,0,0,0,0,59.7575757575758,59.7575757575758
"532","1995-1999","South Africa",0.00830564784053156,0.0514950166112957,0.940199335548173,0,0,0,0,0,0,0,0,0,0,0,0,0,0,0,0,0,0,0,0,0,0,0,0,0,0,0,0,0,0,0,0,0,0,0,0,0,0,0,0,0,0,0,0,0,0,0,0,0,0,0,0,0,0,0,0,0,0,0,0,0,0,0,0,0,0,0,0,0,0,0,0,0,0,0,0,0,0,0,0,0,0,0,0,0,0,0,0,0,0,0,0,0,0,0,0,0,0,0,0,0,0,0,0,0,0,0,0,0,0,0,0,0,0,0,0,0,0,0,0,0,0,0,0,0,0,0,0,0,0,0,0,0,0,0,0,0,0,0,0,0,0,0,0,0,0,0,0,0,0,0,0,0,0,0,0,0,0,0,0,0,0,0,0,0,0,0,0,0,0,0,0,0,0,401.333333333333,401.333333333333
"533","2000-2004","South Africa",0.00256853713248515,0.013998527372044,0.97919484922687,0.000770561139745544,0.000770561139745544,0.000770561139745544,0,0,0,0,0,0,0,0,0.000770561139745544,0,0,0,0,0,0,0,0,0,0,0,0,0,0,0,0,0,0,0,0,0,0,0,0,0,0,0,0,0,0,0,0,0,0,0,0,0,0,0,0,0,0,0,0,0,0,0,0,0,0,0,0,0,0,0,0,0,0,0,0,0,0,0,0,0,0,0,0,0,0,0,0,0,0,0,0,0,0,0,0,0,0,0,0,0,0,0,0,0,0,0,0,0,0,0,0,0,0,0,0,0,0,0,0,0,0,0,0,0,0,0,0,0,0,0,0,0,0,0,0,0,0,0,0,0,0,0,0,0,0,0,0,0,0,0,0,0,0,0,0,0,0,0,0,0,0,0,0,0,0,0,0,0,0,0,0,0,0.000770561139745544,0,0.00115584170961832,0,0.00192640284936386,1299.75555555556,1297.75555555556
"534","2005-2009","South Africa",0.00338314191442657,0.0269896453607748,0.959408256760142,0.00667490125218631,0.000333745062609316,0.000166872531304658,0,0.000166872531304658,0.000166872531304658,0,0,0,0,0,0.000500617593913973,0,0,0,0,0,0,0,0,0,0,0,0,0,0.000166872531304658,0,0,0,0,0,0,0,0,0,0,0,0,0,0,0,0,0,0,0,0,0,0,0,0,0,0,0,0,0,0,0,0,0,0,0,0,0,0,0,0,0,0,0,0,0,0,0,0,0,0,0,0,0,0,0,0,0,0,0,0,0,0,0,0,0,0,0,0,0,0,0,0,0,0,0,0,0,0,0,0,0,0,0,0,0,0,0,0,0,0,0,0,0,0,0,0,0,0,0,0,0,0,0,0,0,0,0,0,0,0,0,0,0,0,0,0,0,0,0,0,0,0,0,0,0,0,0,0,0,0,0,0,0,0,0,0,0,0,0,0,0,0,0,0.000667490125218631,0,0.00154158433681446,0.000500617593913973,0.00270969205594706,6004.74087301587,5992.59801587302
"535","2010-2014","South Africa",0.0027592648789641,0.00351012272027902,0.969710504831651,0.0213581421170116,0.000308420824794391,0.000154210412397195,0,0,0,0,0,0,0,0.000154210412397195,0.000462631237191586,0,0,0,0,0,0,0,0,0,0,0,0,0,0,0,0,0,0,0,0,0,0,0,0,0,0,0,0,0,0,0,0,0,0,0,0,0,0,0,0,0,0,0,0,0,0,0,0,0,0,0,0,0,0,0,0,0,0,0,0,0,0,0,0,0,0,0,0,0,0,0,0,0,0,0,0,0,0,0,0,0,0,0,0,0,0,0,0,0,0,0,0,0,0,0,0,0,0,0,0,0,0,0,0,0,0,0,0,0,0,0,0,0,0,0,0,0,0,0,0,0,0,0,0,0,0,0,0,0,0,0,0,0,0,0,0,0,0,0,0,0,0,0,0,0,0,0,0,0,0,0,0,0,0,0,0,0,0.000616841649588781,0,0.00158249256531408,0,0.00219933421490286,6489.50357142857,6484.64642857143
"536","2015-2019","South Africa",0.00134099616858238,0.000893997445721584,0.99220945083014,0.00134099616858238,0,0.000383141762452107,0,0,0,0,0,0,0,0,0,0,0,0,0.000383141762452107,0,0,0,0,0,0,0,0,0,0,0,0,0,0,0,0,0,0,0,0,0,0,0,0,0,0,0,0,0,0,0,0,0,0,0,0,0,0,0,0,0,0,0,0,0,0,0,0,0,0,0,0,0,0,0,0,0,0,0,0,0,0,0,0,0,0,0,0,0,0,0,0,0,0,0,0,0,0,0,0,0,0,0,0,0,0,0,0,0,0,0,0,0,0,0,0,0,0,0,0,0,0,0,0,0,0,0,0,0,0,0,0,0,0,0,0,0,0,0,0,0,0,0,0,0,0,0,0,0,0,0,0,0,0,0,0,0,0,0,0,0,0,0,0,0,0,0,0,0,0,0,0,0,0.000383141762452107,0,0.00153256704980843,0.00191570881226054,0.00383141762452107,2665,2610
"537","2010-2014","South Sudan",0.266666666666667,0,0.133333333333333,0.35,0,0.1,0,0.05,0,0,0,0,0,0,0,0,0,0,0,0,0,0,0,0,0,0,0,0,0,0,0,0,0,0,0,0,0,0,0,0,0,0,0,0,0,0,0,0,0,0,0,0,0,0,0,0,0,0,0,0,0,0,0,0,0,0,0,0,0,0,0,0,0,0,0,0,0,0,0,0,0,0,0,0,0,0,0,0,0,0,0,0,0,0,0,0,0,0,0,0,0,0,0,0,0,0,0,0,0,0,0,0,0,0,0,0,0,0,0,0,0,0,0,0,0,0,0,0,0,0,0,0,0,0,0,0,0,0,0,0,0,0,0,0,0,0,0,0,0,0,0,0,0,0,0,0,0,0,0,0,0,0,0,0,0,0,0,0,0,0,0,0,0,0,0,0.1,0.1,65,60
"538","2015-2019","South Sudan",0.285234899328859,0.0167785234899329,0.0704697986577181,0.332214765100671,0,0.10738255033557,0,0,0.00671140939597315,0,0,0,0,0.00335570469798658,0.0100671140939597,0,0,0,0,0,0,0,0,0,0,0,0,0,0,0,0,0,0,0,0,0,0,0,0,0,0,0,0,0,0,0,0,0,0,0,0,0,0,0,0,0,0,0,0,0,0,0,0,0,0,0,0,0,0,0,0,0,0,0,0,0,0,0,0,0,0,0,0,0,0,0,0,0,0,0,0,0,0,0,0,0,0,0,0,0,0,0,0,0,0,0,0,0,0,0,0,0,0,0,0,0,0,0,0,0,0,0,0,0,0,0,0,0,0,0,0,0,0,0,0,0,0,0,0,0,0,0,0,0,0,0,0,0,0,0,0,0,0,0,0,0,0,0,0,0,0,0,0,0,0,0,0,0,0,0,0,0,0.0134228187919463,0,0,0.167785234899329,0.181208053691275,298,298
"539","1980-1989","Spain",0.0425531914893617,0.49645390070922,0.0567375886524823,0.0283687943262411,0.0141843971631206,0.347517730496454,0.0141843971631206,0,0,0,0,0,0,0,0,0,0,0,0,0,0,0,0,0,0,0,0,0,0,0,0,0,0,0,0,0,0,0,0,0,0,0,0,0,0,0,0,0,0,0,0,0,0,0,0,0,0,0,0,0,0,0,0,0,0,0,0,0,0,0,0,0,0,0,0,0,0,0,0,0,0,0,0,0,0,0,0,0,0,0,0,0,0,0,0,0,0,0,0,0,0,0,0,0,0,0,0,0,0,0,0,0,0,0,0,0,0,0,0,0,0,0,0,0,0,0,0,0,0,0,0,0,0,0,0,0,0,0,0,0,0,0,0,0,0,0,0,0,0,0,0,0,0,0,0,0,0,0,0,0,0,0,0,0,0,0,0,0,0,0,0,0,0,0,0,0,0,38.6714285714286,37.6
"540","1990-1994","Spain",0.0449372890071318,0.819133000961345,0.0166558608509021,0.0084956068769702,0.017661919560017,0.0670705806076595,0.0039124505354468,0,0,0,0,0,0,0.00268282322430638,0.012408057412417,0,0,0,0,0,0.000894274408102126,0,0,0.000335352903038297,0.00156498021417872,0.00156498021417872,0,0,0,0,0,0,0,0,0,0,0,0,0,0,0,0,0,0,0,0,0,0,0.000335352903038297,0,0,0,0,0,0,0.000335352903038297,0,0,0,0,0,0,0,0,0,0,0,0,0,0,0,0,0,0,0,0,0,0,0,0,0,0,0,0,0,0,0,0,0,0,0,0,0,0,0,0,0,0,0,0,0,0,0,0,0,0,0,0,0,0,0,0,0,0,0,0,0,0,0,0,0,0,0,0,0,0,0,0,0,0,0,0,0,0,0,0,0,0,0,0,0,0,0,0,0,0,0,0,0,0,0,0,0,0,0,0,0,0,0,0,0,0,0,0,0,0,0,0,0,0,0,0,0.0201211741822978,0,0.00201211741822978,0,0.0221332916005276,253.851587301587,248.494444444444
"541","1995-1999","Spain",0.0310034524172625,0.864515098525858,0.00947965781593345,0.00454480802536793,0.00881853398147606,0.0372654177926891,0.00195127368260123,0.000851885290603173,0,0,0,0,0,0.00201714267024966,0.0235347002542725,0.000219056217583673,0,0,0.00100568101003171,4.79185475964285e-05,0.000212971322650793,7.66696761542856e-05,0.000127782793590476,0.000941333246116506,0.0021426436282403,0.000645303107631903,0.00250545548861326,0,0,0,7.66696761542856e-05,4.25942645301586e-05,0,0,0.000272603292993015,0.000255565587180952,0,0,0,0,5.47640543959183e-05,0,0,8.51885290603173e-05,0,0,0,0,7.98642459940474e-05,0,0,0,0,0,0,7.98642459940474e-05,0,0,0,0,0,0,0,0,0,0,0,0,0,0,0,0,0,0,0,0,0,0,0,0,0,0,0,0,0,0,0,0,0,0,0,0,0,0,0,0,0,0,0,0,0,0,0,0,0,0,0,0,0,0,0,0,0,0,0,0,0,0,0,0,0,0,0,0,0,0,0,0,0,0,0,0,0,0,0,0,0,0,0,0,0,0,0,0,0,0,0,0,0,0,0,0,0,0,0,0,0,0,0,0,0,0,0,0,0,0,0,0,0,0,0,0,0.0344237718590343,3.5,0.00714610060917404,0,0.0415698724682083,2618.94325396825,2608.59325396825
"542","2000-2004","Spain",0.00842408116624292,0.909076598064096,0.00789869614679273,0.00202793949319245,0.00649849259738084,0.0155227281965653,0.000888669864926963,0.000237347096825582,9.8780294632612e-06,0,0,0,0,0.001331926837826,0.0299213744133401,0.000304102192761827,0,9.8780294632612e-05,0.00120323093809091,6.17376841453825e-05,5.48779414625622e-05,0.000131707059510149,0.000349846876823834,0.00114338191037248,0.00317324213151612,0.00163261875851123,0.00357982709820794,1.97560589265224e-05,0,0,9.46644490229198e-05,0.000456709195562751,3.07316472190348e-05,0,0.000186585000972712,0.000329267648775373,5.21340443894341e-05,0,3.29267648775373e-05,0,4.32751766961919e-05,1.64633824387687e-05,0,0.000277133604385939,0,0,0,0,2.05792280484608e-05,0,0,0,0,0,1.97560589265224e-05,0.00010838393438856,0,1.09755882925124e-05,0,0.000279628056270601,0,0,0,0,0,0,0,0,0,0,0,0,0,0,0,0,0,0,0,0,0,0,0,0,0,0,0,0,0,0,0,0,0,0,0,0,0,0,0,0,0,0,0,0,0,0,0,0,0,0,0,0,0,0,0,0,0,0,0,0,0,0,0,0,0,0,0,0,0,0,0,0,0,0,0,0,0,0,0,0,0,0,0,0,0,0,0,0,0,0,0,0,0,0,0,0,0,0,0,0,0,0,0,0,0,0,0,0,0,0,0,0,0.044965623976395,17.5,0.00392910381460099,0.000520841553517409,0.0494155693445134,10202.4468253968,10123.4765873016
"543","2005-2009","Spain",0.0116860068521904,0.850363536559459,0.0126666506736199,0.00341686190635626,0.0178188600830859,0.0154688121559597,0.000806046405664136,0.000207536577238109,4.36919109974967e-05,0,0,0,0,0.0028431644178625,0.0437985747421224,0.00104642126839005,0,0.000174767643989987,0.00191048397491983,0.00107045181943867,0.00013593038976999,2.91279406649978e-05,0.000273074443734355,0.00148503950823714,0.00460521253324849,0.000551003544246209,0.00496602701729982,6.99070575959948e-05,8.73838219949935e-05,0,0.000411432161893094,0.00161860876948353,0.000227683402864733,0,0.000404150176726845,0.00026215146598498,0.000317980018926226,5.46148887468709e-05,0.00020025459207186,0,9.07127294995646e-05,7.28198516624946e-05,0,0.000580131484911207,0,0,0,0,1.82049629156236e-05,5.46148887468709e-05,0,0,0,0,6.99070575959948e-05,0.000406577505115595,0,0.00013593038976999,0,0.00169559921265033,0,5.46148887468709e-05,0,0,0,0,0,0,0,0,0,0,0,0,0,0,0,0,0,0,0,0,0,0,0,0,0,0,0,0,0,0,0,0,0,0,0,0,0,0,0,0,0,0,0,0,0,0,0,0,0,0,0,0,0,0,0,0,0,0,0,0,0,0,0,0,0,0,0,0,0,0,0,0,0,0,0,0,0,0,0,0,0,0,0,0,0,0,0,0,0,0,0,0,0,0,0,0,0,0,0,0,0,0,0,0,0,0,0,0,0,0.00105734424613942,0.0707799028179675,36,0.0144383387503212,0.00230375530714074,0.0875219968754294,11558.4861111111,11443.7658730159
"544","2010-2014","Spain",0.0180571688145587,0.824745738493362,0.012878767469119,0.00190586240024667,0.0381836556965341,0.0117371365268922,0.000710846209363758,0.000178659796299474,0.000125061857409631,0,0,0,0,0.00310027919138009,0.0414305686911468,0.000390818304405098,0,0,0.00250861363220651,0.00026798969444921,9.92554423885964e-05,1.19106530866316e-05,8.93298981497368e-05,0.000161538232487441,0.00280380511851293,0.000261538090693951,0.00341483837926948,0,0,0,0.000547890041985052,0.00250056040653998,0.00116873283412572,0,0.000426550263664993,0,0.000513646914360986,0.000122828609955888,0.000390818304405098,0.000178659796299474,2.12690233689849e-05,0.000342431276240658,0,0.000208436429016052,0,0,0,0,1.86103954478618e-05,0.000122828609955888,0,0,0,0,0,0.000256823457180493,0,0.000297766327165789,0,0.0038127624710274,0,3.34987118061513e-05,0,0,0,0,0,0,0,0,0,0,8.93298981497368e-05,0,0,0,0,0,0,0,0,0,0,0,0,0,0,0,0,0,0,0,0,0,0,0,0,0,0,0,0,0,0,0,0,0,0,0,0,0,0,0,0,0,0,0,0,0,0,0,0,0,0,0,0,0,0,0,0,0,0,0,0,0,0,0,0,0,0,0,0,0,0,0,0,0,0,0,0,0,0,0,0,0,0,0,0,0,0,0,0,0,0,0,0,0,0,0,0,0,0,0.00314739007814239,0.0687413191770151,13,0.0203807226079793,0.00235506095122033,0.0914771027362147,11250.3055555556,11194.4603174603
"545","2015-2019","Spain",0.0152896729705478,0.849412503114048,0.013945492672615,0.00101584475957131,0.0332501711214684,0.00876166105130258,0.000311404792368587,0.000253961189892828,0,0,0,0,0,0.00211936659660563,0.0341837808290744,0,0,0,0.00158725743683018,0.000253961189892828,0,0,0,2.1163432491069e-05,0.00122143238948456,4.23268649821381e-05,4.23268649821381e-05,0,0,0,0,0.000698393272205278,0.000253961189892828,0,0,0,0.000783047002169554,0,0,0.000253961189892828,3.62801699846898e-05,4.23268649821381e-05,0,0,0,0,0,0,2.1163432491069e-05,0,0,0,0,0,0,2.1163432491069e-05,0,0,0,0.00408454247077632,0,0,0,0,0,0,0,0,0,0,0,0,0.000507922379785657,0,0,0,0,0,0,0,0,0,0,0,0,0,0,0,0,0,0,0,0,0,0,0,0,0,0,0,0,0,0,0,0,0,0,0,0,0,0,0,0,0,0,0,0,0,0,0,0,0,0,0,0,0,0,0,0,0,0,0,0,0,0,0,0,0,0,0,0,0,0,0,0,0,0,0,0,0,0,0,0,0,0,0,0,0,0,0,0,0,0,0,0,0,0,0,0,0,0,0.00474060887799946,0.0509149858870139,2,0.0268443024411717,0,0.0777592883281856,3980.29523809524,3937.60952380952
"546","2015-2019","Sri Lanka",0.0740740740740741,0.135802469135802,0.54320987654321,0.037037037037037,0,0.0740740740740741,0,0,0,0,0,0,0,0.0493827160493827,0.0123456790123457,0,0,0,0,0,0,0,0,0,0,0,0,0,0,0,0,0,0,0,0,0,0,0,0,0,0,0,0,0,0,0,0,0,0,0,0,0,0,0,0,0,0,0,0,0,0,0,0,0,0,0,0,0,0,0,0,0,0,0,0,0,0,0,0,0,0,0,0,0,0,0,0,0,0,0,0,0,0,0,0,0,0,0,0,0,0,0,0,0,0,0,0,0,0,0,0,0,0,0,0,0,0,0,0,0,0,0,0,0,0,0,0,0,0,0,0,0,0,0,0,0,0,0,0,0,0,0,0,0,0,0,0,0,0,0,0,0,0,0,0,0,0,0,0,0,0,0,0,0,0,0,0,0,0,0,0,0,0.0617283950617284,0,0.0740740740740741,0,0.135802469135802,85,81
"547","1995-1999","Sudan (the)",0.0666666666666667,0.0333333333333333,0.3,0.5,0,0,0,0,0,0,0,0,0,0,0,0,0,0,0,0,0,0,0,0,0,0,0,0,0,0,0,0,0,0,0,0,0,0,0,0,0,0,0,0,0,0,0,0,0,0,0,0,0,0,0,0,0,0,0,0,0,0,0,0,0,0,0,0,0,0,0,0,0,0,0,0,0,0,0,0,0,0,0,0,0,0,0,0,0,0,0,0,0,0,0,0,0,0,0,0,0,0,0,0,0,0,0,0,0,0,0,0,0,0,0,0,0,0,0,0,0,0,0,0,0,0,0,0,0,0,0,0,0,0,0,0,0,0,0,0,0,0,0,0,0,0,0,0,0,0,0,0,0,0,0,0,0,0,0,0,0,0,0,0,0,0,0,0,0,0,0,0,0,0,0.1,0,0.1,30,30
"548","2010-2014","Sudan (the)",0.45,0,0.05,0.25,0,0.1,0,0.15,0,0,0,0,0,0,0,0,0,0,0,0,0,0,0,0,0,0,0,0,0,0,0,0,0,0,0,0,0,0,0,0,0,0,0,0,0,0,0,0,0,0,0,0,0,0,0,0,0,0,0,0,0,0,0,0,0,0,0,0,0,0,0,0,0,0,0,0,0,0,0,0,0,0,0,0,0,0,0,0,0,0,0,0,0,0,0,0,0,0,0,0,0,0,0,0,0,0,0,0,0,0,0,0,0,0,0,0,0,0,0,0,0,0,0,0,0,0,0,0,0,0,0,0,0,0,0,0,0,0,0,0,0,0,0,0,0,0,0,0,0,0,0,0,0,0,0,0,0,0,0,0,0,0,0,0,0,0,0,0,0,0,0,0,0,0,0,0,0,25,20
"549","2005-2009","Suriname",0,0.94949494949495,0,0,0,0,0,0,0,0,0,0,0,0,0,0,0,0,0,0,0,0,0,0,0,0,0,0,0,0,0,0,0,0,0,0,0,0,0,0,0,0,0,0,0,0,0,0,0,0,0,0,0,0,0,0,0,0,0,0,0,0,0,0,0,0,0,0,0,0,0,0,0,0,0,0,0,0,0,0,0,0,0,0,0,0,0,0,0,0,0,0,0,0,0,0,0,0,0,0,0,0,0,0,0,0,0,0,0,0,0,0,0,0,0,0,0,0,0,0,0,0,0,0,0,0,0,0,0,0,0,0,0,0,0,0,0,0,0,0,0,0,0,0,0,0,0,0,0,0,0,0,0,0,0,0,0,0,0,0,0,0,0,0,0,0,0,0,0,0,0,0,0,0,0.0505050505050505,0,0.0505050505050505,99,99
"550","2015-2019","Suriname",0,0.972222222222222,0,0,0,0,0,0,0,0,0,0,0,0,0,0,0,0,0,0,0,0,0,0,0,0,0,0,0,0,0,0,0,0,0,0,0,0,0,0,0,0,0,0,0,0,0,0,0,0,0,0,0,0,0,0,0,0,0,0,0,0,0,0,0,0,0,0,0,0,0,0,0,0,0,0,0,0,0,0,0,0,0,0,0,0,0,0,0,0,0,0,0,0,0,0,0,0,0,0,0,0,0,0,0,0,0,0,0,0,0,0,0,0,0,0,0,0,0,0,0,0,0,0,0,0,0,0,0,0,0,0,0,0,0,0,0,0,0,0,0,0,0,0,0,0,0,0,0,0,0,0,0,0,0,0,0,0,0,0,0,0,0,0,0,0,0,0,0,0,0,0,0,0,0.0277777777777778,0,0.0277777777777778,72,72
"551","1980-1989","Sweden",0.066884176182708,0.897226753670473,0.0277324632952692,0.0032626427406199,0,0,0,0,0,0,0,0,0,0.00489396411092985,0,0,0,0,0,0,0,0,0,0,0,0,0,0,0,0,0,0,0,0,0,0,0,0,0,0,0,0,0,0,0,0,0,0,0,0,0,0,0,0,0,0,0,0,0,0,0,0,0,0,0,0,0,0,0,0,0,0,0,0,0,0,0,0,0,0,0,0,0,0,0,0,0,0,0,0,0,0,0,0,0,0,0,0,0,0,0,0,0,0,0,0,0,0,0,0,0,0,0,0,0,0,0,0,0,0,0,0,0,0,0,0,0,0,0,0,0,0,0,0,0,0,0,0,0,0,0,0,0,0,0,0,0,0,0,0,0,0,0,0,0,0,0,0,0,0,0,0,0,0,0,0,0,0,0,0,0,0,0.00489396411092985,0,0,0,0.00489396411092985,437.857142857143,437.857142857143
"552","1990-1994","Sweden",0.11616847826087,0.706626254180602,0.109113712374582,0.0365280100334448,0.00146321070234114,0.00585284280936455,0.00292642140468227,0.00292642140468227,0,0,0,0,0,0.00632316053511706,0.00292642140468227,0,0,0,0,0,0,0,0,0.000365802675585284,0,0,0,0,0,0,0,0,0,0,0,0,0,0,0,0,0,0,0,0,0,0,0,0,0,0,0,0,0,0,0,0,0,0,0,0,0,0,0,0,0,0,0,0,0,0,0,0,0,0,0,0.000365802675585284,0,0,0,0,0,0,0,0,0,0,0,0,0,0,0,0,0,0,0,0,0,0,0,0,0,0,0,0,0,0,0,0,0,0,0,0,0,0,0,0,0,0,0,0,0,0,0,0,0,0,0,0,0,0,0,0,0,0,0,0,0,0,0,0,0,0,0,0,0,0,0,0,0,0,0,0,0,0,0,0,0,0,0,0,0,0,0,0,0,0,0,0,0,0,0,0,0.0099811872909699,0,0.00841346153846154,0,0.0183946488294314,227.809523809524,227.809523809524
"553","1995-1999","Sweden",0.193462171052632,0.232319078947368,0.346217105263158,0.103824013157895,0.00328947368421053,0.0217927631578947,0.00657894736842105,0.00657894736842105,0,0,0,0,0,0.0528371710526316,0.00740131578947368,0,0,0,0,0,0,0,0,0.00102796052631579,0,0,0,0,0,0,0,0,0,0,0,0,0,0,0,0,0,0,0,0,0,0,0,0,0,0,0,0,0,0,0,0,0,0,0,0,0,0,0,0,0,0,0,0,0,0,0,0,0,0,0,0.00102796052631579,0,0,0,0,0,0,0,0,0,0,0,0,0,0,0,0,0,0,0,0,0,0,0,0,0,0,0,0,0,0,0,0,0,0,0,0,0,0,0,0,0,0,0,0,0,0,0,0,0,0,0,0,0,0,0,0,0,0,0,0,0,0,0,0,0,0,0,0,0,0,0,0,0,0,0,0,0,0,0,0,0,0,0,0,0,0,0,0,0,0,0,0,0,0,0,0,0.0622944078947368,0,0.0236430921052632,0,0.0859375,202.666666666667,202.666666666667
"554","2000-2004","Sweden",0.0897076351398724,0.437565729509921,0.169249106078665,0.0249246301619575,0,0.00890415761060086,0,0,0,0,0,0,0,0.167952043749562,0.057491411344037,0,0,0,0.00364579681693893,0,0,0,0,0.000175278693122064,0,0,0,0,0,0,0,0,0,0,0,0,0,0,0,0,0,0,0,0,0,0,0,0,0,0,0,0,0,0,0,0,0,0,0,0,0,0,0,0,0,0,0,0,0,0,0,0,0,0,0,0.000175278693122064,0,0,0,0,0,0,0,0,0,0,0,0,0,0,0,0,0,0,0,0,0,0,0,0,0,0,0,0,0,0,0,0,0,0,0,0,0,0,0,0,0,0,0,0,0,0,0,0,0,0,0,0,0,0,0,0,0,0,0,0,0,0,0,0,0,0,0,0,0,0,0,0,0,0,0,0,0,0,0,0,0,0,0,0,0,0,0,0,0,0,0,0,0,0,0,0.0193507677206759,0.248790577017458,0,0.00234873448783566,0.01850942999369,0.269648741498983,1188.58333333333,1188.58333333333
"555","2005-2009","Sweden",0.085497794981993,0.40914502205018,0.154748088859605,0.0163223743813595,0,0.00569036905038223,0,0,0,0,0,0,0,0.198399209338195,0.0749780995664837,0,0,0,0.00299493107914854,0,0,0,0,0.00011230991546807,0,0,0,0,0,0,0,0,0,0,0,0,0,0,0,0,0,0,0,0,0,0,0,0,0,0,0,0,0,0,0,0,0,0,0,0,0,0,0,0,0,0,0,0,0,0,0,0,0,0,0,0.00011230991546807,0,0,0,0,0,0,0,0,0,0,0,0,0,0,0,0,0,0,0,0,0,0,0,0,0,0,0,0,0,0,0,0,0,0,0,0,0,0,0,0,0,0,0,0,0,0,0,0,0,0,0,0,0,0,0,0,0,0,0,0,0,0,0,0,0,0,0,0,0,0,0,0,0,0,0,0,0,0,0,0,0,0,0,0,0,0,0,0,0,0,0,0,0,0,0,0.0309975366691874,0.307594396483951,0,0.00123540907014877,0.0197665451223804,0.32859635067648,1854.98611111111,1854.98611111111
"556","2010-2014","Sweden",0.0860168392428856,0.299916283220871,0.205075375834248,0.00385515153228751,0,0.00130799784131183,0,0,0,0,0,0,0,0.18851150091523,0.0879874412538094,0,0,0,0.000688419916479912,0,0,0,0,0.000129078734339984,0,0,0,0,0,0,0,0,0,0,0,0,0,0,0,0,0,0,0,0,0,0,0,0,0,0,0,0,0,0,0,0,0,0,0,0,0,0,0,0,0,0,0,0,0,0,0,0,0,0,0,0.000129078734339984,0,0,0,0,0,0,0,0,0,0,0,0,0,0,0,0,0,0,0,0,0,0,0,0,0,0,0,0,0,0,0,0,0,0,0,0,0,0,0,0,0,0,0,0,0,0,0,0,0,0,0,0,0,0,0,0,0,0,0,0,0,0,0,0,0,0,0,0,0,0,0,0,0,0,0,0,0,0,0,0,0,0,0,0,0,0,0,0,0,0,0,0,0,0,0,0.00712514613556709,0.284570665689766,0,0.00141986607773982,0.11783782056089,0.403828352328396,1614.00198412698,1614.00198412698
"557","2015-2019","Sweden",0.102493809692253,0.273328616908383,0.197028652281571,0.00012380615493456,0,0,0,0,0,0,0,0,0,0.195808277325787,0.0927131234524231,0,0,0,0,0,0,0,0,0.00012380615493456,0,0,0,0,0,0,0,0,0,0,0,0,0,0,0,0,0,0,0,0,0,0,0,0,0,0,0,0,0,0,0,0,0,0,0,0,0,0,0,0,0,0,0,0,0,0,0,0,0,0,0,0.00012380615493456,0,0,0,0,0,0,0,0,0,0,0,0,0,0,0,0,0,0,0,0,0,0,0,0,0,0,0,0,0,0,0,0,0,0,0,0,0,0,0,0,0,0,0,0,0,0,0,0,0,0,0,0,0,0,0,0,0,0,0,0,0,0,0,0,0,0,0,0,0,0,0,0,0,0,0,0,0,0,0,0,0,0,0,0,0,0,0,0,0,0,0,0,0,0,0,0,0.288769013088079,0,0.0295896710293597,0.108666430845419,0.427025114962858,694.095238095238,673.095238095238
"558","1980-1989","Switzerland",0.0473706569963254,0.750657317502237,0.0468100575052447,0.00499867879547024,0.0131740880403982,0.0153230527562078,0.000700749363850968,0.000280299745540387,4.67166242567312e-05,0,0,0,0,0.0477108124166948,0.0514364632011691,0,0,4.67166242567312e-05,0.00177523172175579,9.34332485134624e-05,0,0.000280299745540387,4.67166242567312e-05,0.00144821535195867,0.000700749363850968,0.000607316115337506,0.000186866497026925,0,0,0,0.000700749363850968,0.000233583121283656,0.00037373299405385,0,0,0,0.000233583121283656,9.34332485134624e-05,0,4.67166242567312e-05,0,0,0,0.000140149872770194,0,0,0,0,0,0.000280299745540387,0,0,0.000280299745540387,0,0,4.67166242567312e-05,0,0,0,0,0,0,0,0,0,0,0,0,0,0,0,0,0,0,0,0,0,0,0,0,0,0,0,0,0,0,0,0,0,0,0,0,0,0,0,0,0,0,0,0,0,0,0,0,0,0,0,0,0,0,0,0,0,0,0,0,0,0,0,0,0,0,0,0,0,0,0,0,0,0,0,0,0,0,0,0,0,0,0,0,0,0,0,0,0,0,0,0,0,0,0,0,0,0,0,0,0,0,0,0,0,0,0,0,0,0,0,0,0,0,0,0,0.106762085371711,9.75757575757576,0.0138281207799924,4.81765187647541e-05,0.120638382670468,1296.40340909091,1297.3125
"559","1990-1994","Switzerland",0.0473706569963254,0.750657317502237,0.0468100575052447,0.00499867879547024,0.0131740880403982,0.0153230527562078,0.000700749363850968,0.000280299745540387,4.67166242567312e-05,0,0,0,0,0.0477108124166948,0.0514364632011691,0,0,4.67166242567312e-05,0.00177523172175579,9.34332485134624e-05,0,0.000280299745540387,4.67166242567312e-05,0.00144821535195867,0.000700749363850968,0.000607316115337506,0.000186866497026925,0,0,0,0.000700749363850968,0.000233583121283656,0.00037373299405385,0,0,0,0.000233583121283656,9.34332485134624e-05,0,4.67166242567312e-05,0,0,0,0.000140149872770194,0,0,0,0,0,0.000280299745540387,0,0,0.000280299745540387,0,0,4.67166242567312e-05,0,0,0,0,0,0,0,0,0,0,0,0,0,0,0,0,0,0,0,0,0,0,0,0,0,0,0,0,0,0,0,0,0,0,0,0,0,0,0,0,0,0,0,0,0,0,0,0,0,0,0,0,0,0,0,0,0,0,0,0,0,0,0,0,0,0,0,0,0,0,0,0,0,0,0,0,0,0,0,0,0,0,0,0,0,0,0,0,0,0,0,0,0,0,0,0,0,0,0,0,0,0,0,0,0,0,0,0,0,0,0,0,0,0,0,0,0.106762085371711,24.3939393939394,0.0138281207799924,4.81765187647541e-05,0.120638382670468,3241.00852272727,3243.28125
"560","1995-1999","Switzerland",0.0489144251945416,0.749703780426573,0.04604843967108,0.00486896420162309,0.0122466692326068,0.013784025612839,0.00113194386220751,0.000240839119618619,4.01398532697699e-05,0,0,0,0,0.0447913096414874,0.0505180625074855,0,0,4.01398532697699e-05,0.00152531442425126,8.02797065395397e-05,0,0.000240839119618619,4.01398532697699e-05,0.00991614935176395,0.000602097799046548,0.000521818092507008,0.000160559413079079,0,0,0,0.000602097799046548,0.000200699266348849,0.000321118826158159,0,0,0,0.000200699266348849,8.02797065395397e-05,0,4.01398532697699e-05,0,0,0,0.00012041955980931,0,0,0,0,0,0.000240839119618619,0,0,0.000240839119618619,0,0,4.01398532697699e-05,0,0,0,0,0,0,0,0,0,0,0,0,0,0,0,0,0,0,0,0,0,0,0,0,0,0,0,0,0,0,0,0,0,0,0,0,0,0,0,0,0,0,0,0,0,0,0,0,0,0,0,0,0,0,0,0,0,0,0,0,0,0,0,0,0,0,0,0,0,0,0,0,0,0,0,0,0,0,0,0,0,0,0,0,0,0,0,0,0,0,0,0,0,0,0,0,0,0,0,0,0,0,0,0,0,0,0,0,0,0,0,0,0,0,0,0,0.110523982132346,24.3939393939394,0.0124112426310128,8.5548062281197e-05,0.12302077282564,3804.40852272727,3774.68125
"561","2000-2004","Switzerland",0.0453118401790985,0.713165398698059,0.0474842522242226,0.00619877296784913,0.0130655680009067,0.0168238622843025,0.00114732521632911,0.000246621308182892,0.000375293295060923,0,0,0.000117949321304862,0,0.0497377544277438,0.0602706288202679,0.000235898642609723,0,2.14453311463385e-05,0.00293801036704837,4.28906622926769e-05,0,0.000128671986878031,0.0001393946524512,0.0103743933953527,0.00102937589502425,0.00110443455403643,8.57813245853538e-05,0,0,0,0.000321679967195077,0.000107226655731692,0.000171562649170708,0,0,0,0.000107226655731692,4.28906622926769e-05,0,2.14453311463385e-05,0,0,0,6.43359934390154e-05,0,0,0,0,0,0.000128671986878031,0,0,0.000128671986878031,0,0,2.14453311463385e-05,0,0,0,0,0,0,0,0,0,0,0,0,0,0,0,0,0,0,0,0,0,0,0,0,0,0,0,0,0,0,0,0,0,0,0,0,0,0,0,0,0,0,0,0,0,0,0,0,0,0,0,0,0,0,0,0,0,0,0,0,0,0,0,0,0,0,0,0,0,0,0,0,0,0,0,0,0,0,0,0,0,0,0,0,0,0,0,0,0,0,0,0,0,0,0,0,0,0,0,0,0,0,0,0,0,0,0,0,0,0,0,0,0,0,0,0,0.127223837279046,24.3939393939394,0.00634781801931618,0.0224914612063208,0.156063116504683,7103.74185606061,7065.18125
"562","2005-2009","Switzerland",0.0475799409702619,0.711152575412515,0.0482548073064124,0.00651562940565258,0.0136296900099359,0.0175502532832084,0.0011968623972615,0.000257269487261819,0.000391497045833202,0,0,0.000123041928690435,0,0.0509009078751243,0.0596114561468825,0.00024608385738087,0,2.23712597618973e-05,0.00306486258737993,4.47425195237945e-05,0,0.000134227558571384,0.000145413188452332,0.00512301848547448,0.00107382046857107,0.00115211987773771,8.94850390475891e-05,0,0,0,0.000335568896428459,0.000111856298809486,0.000178970078095178,0,0,0,0.000111856298809486,4.47425195237945e-05,0,2.23712597618973e-05,0,0,0,6.71137792856918e-05,0,0,0,0,0,0.000134227558571384,0,0,0.000134227558571384,0,0,2.23712597618973e-05,0,0,0,0,0,0,0,0,0,0,0,0,0,0,0,0,0,0,0,0,0,0,0,0,0,0,0,0,0,0,0,0,0,0,0,0,0,0,0,0,0,0,0,0,0,0,0,0,0,0,0,0,0,0,0,0,0,0,0,0,0,0,0,0,0,0,0,0,0,0,0,0,0,0,0,0,0,0,0,0,0,0,0,0,0,0,0,0,0,0,0,0,0,0,0,0,0,0,0,0,0,0,0,0,0,0,0,0,0,0,0,0,0,0,0,0,0.122771814371527,24.3939393939394,0.00662189288952159,0.0239547254919191,0.153348432752967,6779.31963383838,6772.75902777778
"563","2010-2014","Switzerland",0.0479155227351809,0.727301729540098,0.0476101221150585,0.00592131873714415,0.0132606460072949,0.0164592588625702,0.000984188570853922,0.000265471917138229,0.000246047142713481,0,0,7.12241728907443e-05,0,0.0500861738300131,0.0556119825767867,0.000142448345781489,0,3.23746240412474e-05,0.0025122708256008,6.47492480824949e-05,0,0.000194247744247485,0.000103598796931992,0.00306911435911026,0.000912964397963178,0.000919439322771427,0.00012949849616499,0,0,0,0.000485619360618711,0.000161873120206237,0.000258996992329979,0,0,0,0.000161873120206237,6.47492480824949e-05,0,3.23746240412474e-05,0,0,0,9.71238721237423e-05,0,0,0,0,0,0.000194247744247485,0,0,0.000194247744247485,0,0,3.23746240412474e-05,0,0,0,0,0,0,0,0,0,0,0,0,0,0,0,0,0,0,0,0,0,0,0,0,0,0,0,0,0,0,0,0,0,0,0,0,0,0,0,0,0,0,0,0,0,0,0,0,0,0,0,0,0,0,0,0,0,0,0,0,0,0,0,0,0,0,0,0,0,0,0,0,0,0,0,0,0,0,0,0,0,0,0,0,0,0,0,0,0,0,0,0,0,0,0,0,0,0,0,0,0,0,0,0,0,0,0,0,0,0,0,0,0,0,0,0,0.11546234301764,24.3939393939394,0.00958288871620924,0.0149192384652081,0.139964470199057,4678.11963383838,4680.05902777778
"564","2015-2019","Switzerland",0.0475402877592541,0.749432824461,0.0464146715386711,0.00509926811337939,0.0127821654042043,0.0148671994772306,0.000679902415117252,0.000271960966046901,4.53268276744835e-05,0,0,0,0,0.0487844147480277,0.05073724557367,0,0,4.53268276744835e-05,0.00172241945163037,9.0653655348967e-05,0,0.000271960966046901,4.53268276744835e-05,0.00140513165790899,0.000679902415117252,0.000589248759768286,0.000181307310697934,0,0,0,0.000679902415117252,0.000226634138372417,0.000362614621395868,0,0,0,0.000226634138372417,9.0653655348967e-05,0,4.53268276744835e-05,0,0,0,0.000135980483023451,0,0,0,0,0,0.000271960966046901,0,0,0.000271960966046901,0,0,4.53268276744835e-05,0,0,0,0,0,0,0,0,0,0,0,0,0,0,0,0,0,0,0,0,0,0,0,0,0,0,0,0,0,0,0,0,0,0,0,0,0,0,0,0,0,0,0,0,0,0,0,0,0,0,0,0,0,0,0,0,0,0,0,0,0,0,0,0,0,0,0,0,0,0,0,0,0,0,0,0,0,0,0,0,0,0,0,0,0,0,0,0,0,0,0,0,0,0,0,0,0,0,0,0,0,0,0,0,0,0,0,0,0,0,0,0,0,0,0,0,0.106909933232639,24.3939393939394,0.0134167409916471,0.0025397188131359,0.122866393037422,3340.45296717172,3342.72569444444
"565","2020-2022","Switzerland",0.0474919207531263,0.750550325511686,0.0469298861880006,0.00501147487237132,0.0132078122804552,0.0153622781134373,0.000702543206407194,0.000281017282562878,4.68362137604796e-05,0,0,0,0,0.0473982483256054,0.0515198351365276,0,0,4.68362137604796e-05,0.00177977612289823,9.36724275209592e-05,0,0.000281017282562878,4.68362137604796e-05,0.00145192262657487,0.000702543206407194,0.000608870778886235,0.000187344855041918,0,0,0,0.000702543206407194,0.000234181068802398,0.000374689710083837,0,0,0,0.000234181068802398,9.36724275209592e-05,0,4.68362137604796e-05,0,0,0,0.000140508641281439,0,0,0,0,0,0.000281017282562878,0,0,0.000281017282562878,0,0,4.68362137604796e-05,0,0,0,0,0,0,0,0,0,0,0,0,0,0,0,0,0,0,0,0,0,0,0,0,0,0,0,0,0,0,0,0,0,0,0,0,0,0,0,0,0,0,0,0,0,0,0,0,0,0,0,0,0,0,0,0,0,0,0,0,0,0,0,0,0,0,0,0,0,0,0,0,0,0,0,0,0,0,0,0,0,0,0,0,0,0,0,0,0,0,0,0,0,0,0,0,0,0,0,0,0,0,0,0,0,0,0,0,0,0,0,0,0,0,0,0,0.106552386305091,4.87878787878788,0.013863519273102,0,0.120415905578193,646.545454545455,647
"566","1990-1994","Taiwan (Province of China)",0.0156756756756757,0.717837837837838,0.0135135135135135,0,0.0027027027027027,0.0167567567567568,0,0,0,0,0,0,0,0.201081081081081,0,0,0,0,0,0,0,0,0,0,0,0,0,0,0,0,0,0,0,0,0,0,0,0,0,0,0,0,0,0,0,0,0,0,0,0,0,0,0,0,0,0,0,0,0,0,0,0,0,0,0,0,0,0,0,0,0,0,0,0,0,0,0,0,0,0,0,0,0,0,0,0,0,0,0,0,0,0,0,0,0,0,0,0,0,0,0,0,0,0,0,0,0,0,0,0,0,0,0,0,0,0,0,0,0,0,0,0,0,0,0,0,0,0,0,0,0,0,0,0,0,0,0,0,0,0,0,0,0,0,0,0,0,0,0,0,0,0,0,0,0,0,0,0,0,0,0,0,0,0,0,0,0,0,0,0,0,0,0.201081081081081,0,0.0324324324324324,0,0.233513513513514,231.25,231.25
"567","1995-1999","Taiwan (Province of China)",0.0121951219512195,0.698331193838254,0.0147625160462131,0,0.00192554557124519,0.0160462130937099,0,0,0,0,0,0,0,0.233632862644416,0,0,0,0,0,0,0,0,0,0,0,0,0,0,0,0,0,0,0,0,0,0,0,0,0,0,0,0,0,0,0,0,0,0,0,0,0,0,0,0,0,0,0,0,0,0,0,0,0,0,0,0,0,0,0,0,0,0,0,0,0,0,0,0,0,0,0,0,0,0,0,0,0,0,0,0,0,0,0,0,0,0,0,0,0,0,0,0,0,0,0,0,0,0,0,0,0,0,0,0,0,0,0,0,0,0,0,0,0,0,0,0,0,0,0,0,0,0,0,0,0,0,0,0,0,0,0,0,0,0,0,0,0,0,0,0,0,0,0,0,0,0,0,0,0,0,0,0,0,0,0,0,0,0,0,0,0,0,0.233632862644416,0,0.0231065468549422,0,0.256739409499358,194.75,194.75
"568","2005-2009","Taiwan (Province of China)",0,0.94187654024163,0.00306545651259241,0,0,0,0,0,0,0,0,0,0,0.0550580032457775,0,0,0,0,0,0,0,0,0,0,0,0,0,0,0,0,0,0,0,0,0,0,0,0,0,0,0,0,0,0,0,0,0,0,0,0,0,0,0,0,0,0,0,0,0,0,0,0,0,0,0,0,0,0,0,0,0,0,0,0,0,0,0,0,0,0,0,0,0,0,0,0,0,0,0,0,0,0,0,0,0,0,0,0,0,0,0,0,0,0,0,0,0,0,0,0,0,0,0,0,0,0,0,0,0,0,0,0,0,0,0,0,0,0,0,0,0,0,0,0,0,0,0,0,0,0,0,0,0,0,0,0,0,0,0,0,0,0,0,0,0,0,0,0,0,0,0,0,0,0,0,0,0,0,0,0,0,0,0.0550580032457775,0,0,0,0.0550580032457775,369.711111111111,369.711111111111
"569","2010-2014","Taiwan (Province of China)",0,0.931573757710564,0.00481551973216538,0,0,0,0,0,0,0,0,0,0,0.0636107225572703,0,0,0,0,0,0,0,0,0,0,0,0,0,0,0,0,0,0,0,0,0,0,0,0,0,0,0,0,0,0,0,0,0,0,0,0,0,0,0,0,0,0,0,0,0,0,0,0,0,0,0,0,0,0,0,0,0,0,0,0,0,0,0,0,0,0,0,0,0,0,0,0,0,0,0,0,0,0,0,0,0,0,0,0,0,0,0,0,0,0,0,0,0,0,0,0,0,0,0,0,0,0,0,0,0,0,0,0,0,0,0,0,0,0,0,0,0,0,0,0,0,0,0,0,0,0,0,0,0,0,0,0,0,0,0,0,0,0,0,0,0,0,0,0,0,0,0,0,0,0,0,0,0,0,0,0,0,0,0.0636107225572703,0,0,0,0.0636107225572703,969.088888888889,969.088888888889
"570","2015-2019","Taiwan (Province of China)",0.00284738041002278,0.911161731207289,0.00341685649202733,0,0,0,0,0,0,0,0,0,0,0.0455580865603645,0,0,0,0,0,0.0313211845102506,0,0,0,0,0,0,0,0,0,0,0,0,0,0,0,0,0,0,0,0,0,0,0,0,0,0,0,0,0,0,0,0,0,0,0,0,0,0,0,0,0,0,0,0,0,0,0,0,0,0,0,0,0,0,0,0,0,0,0,0,0,0,0,0,0,0,0,0,0,0,0,0,0,0,0,0,0,0,0,0,0,0,0,0,0,0,0,0,0,0,0,0,0,0,0,0,0,0,0,0,0,0,0,0,0,0,0,0,0,0,0,0,0,0,0,0,0,0,0,0,0,0,0,0,0,0,0,0,0,0,0,0,0,0,0,0,0,0,0,0,0,0,0,0,0,0,0,0,0,0,0,0,0.076879271070615,0,0,0.00569476082004556,0.0825740318906606,351.2,351.2
"571","2015-2019","Tajikistan",0.333333333333333,0.0555555555555556,0,0,0,0,0,0,0,0,0,0,0,0,0,0.0185185185185185,0,0,0,0,0,0,0,0,0,0,0,0,0,0,0,0,0,0,0,0,0,0,0,0,0,0,0,0,0,0,0,0,0,0,0,0,0,0,0,0,0,0,0,0,0,0,0,0,0,0,0,0,0,0,0,0,0,0,0,0.592592592592593,0,0,0,0,0,0,0,0,0,0,0,0,0,0,0,0,0,0,0,0,0,0,0,0,0,0,0,0,0,0,0,0,0,0,0,0,0,0,0,0,0,0,0,0,0,0,0,0,0,0,0,0,0,0,0,0,0,0,0,0,0,0,0,0,0,0,0,0,0,0,0,0,0,0,0,0,0,0,0,0,0,0,0,0,0,0,0,0,0,0,0,0,0,0,0,0,0.611111111111111,0,0,0,0.611111111111111,54,54
"572","1980-1989","Tanzania, the United Republic of",0.506329113924051,0,0.329113924050633,0.164556962025316,0,0,0,0,0,0,0,0,0,0,0,0,0,0,0,0,0,0,0,0,0,0,0,0,0,0,0,0,0,0,0,0,0,0,0,0,0,0,0,0,0,0,0,0,0,0,0,0,0,0,0,0,0,0,0,0,0,0,0,0,0,0,0,0,0,0,0,0,0,0,0,0,0,0,0,0,0,0,0,0,0,0,0,0,0,0,0,0,0,0,0,0,0,0,0,0,0,0,0,0,0,0,0,0,0,0,0,0,0,0,0,0,0,0,0,0,0,0,0,0,0,0,0,0,0,0,0,0,0,0,0,0,0,0,0,0,0,0,0,0,0,0,0,0,0,0,0,0,0,0,0,0,0,0,0,0,0,0,0,0,0,0,0,0,0,0,0,0,0,0,0,0,0,18.8095238095238,18.8095238095238
"573","1990-1994","Tanzania, the United Republic of",0.506329113924051,0,0.329113924050633,0.164556962025316,0,0,0,0,0,0,0,0,0,0,0,0,0,0,0,0,0,0,0,0,0,0,0,0,0,0,0,0,0,0,0,0,0,0,0,0,0,0,0,0,0,0,0,0,0,0,0,0,0,0,0,0,0,0,0,0,0,0,0,0,0,0,0,0,0,0,0,0,0,0,0,0,0,0,0,0,0,0,0,0,0,0,0,0,0,0,0,0,0,0,0,0,0,0,0,0,0,0,0,0,0,0,0,0,0,0,0,0,0,0,0,0,0,0,0,0,0,0,0,0,0,0,0,0,0,0,0,0,0,0,0,0,0,0,0,0,0,0,0,0,0,0,0,0,0,0,0,0,0,0,0,0,0,0,0,0,0,0,0,0,0,0,0,0,0,0,0,0,0,0,0,0,0,18.8095238095238,18.8095238095238
"574","1995-1999","Tanzania, the United Republic of",0.334730755330683,0,0.241633538127936,0.1929165160824,0,0,0,0,0,0,0,0,0,0,0,0,0,0,0,0,0,0,0,0,0,0,0,0,0,0,0,0,0,0,0,0,0,0,0,0,0,0,0,0,0,0,0,0,0,0,0,0,0,0,0,0,0,0,0,0,0,0,0,0,0,0,0,0,0,0,0,0,0,0,0,0,0,0,0,0,0,0,0,0,0,0,0,0,0,0,0,0,0,0,0,0,0,0,0,0,0,0,0,0,0,0,0,0,0,0,0,0,0,0,0,0,0,0,0,0,0,0,0,0,0,0,0,0,0,0,0,0,0,0,0,0,0,0,0,0,0,0,0,0,0,0,0,0,0,0,0,0,0,0,0,0,0,0,0,0,0,0,0,0,0,0,0,0,0,0,0,0,0,0,0.230719190458981,0,0.230719190458981,658.809523809524,658.809523809524
"575","2000-2004","Tanzania, the United Republic of",0.175074842000222,0,0.451239302885827,0.0341602072392626,0,0,0,0,0,0,0,0,0,0,0,0,0,0,0,0,0,0,0,0,0,0,0,0,0,0,0,0,0,0,0,0,0,0,0,0,0,0,0,0,0,0,0,0,0,0,0,0,0,0,0,0,0,0,0,0,0,0,0,0,0,0,0,0,0,0,0,0,0,0,0,0,0,0,0,0,0,0,0,0,0,0,0,0,0,0,0,0,0,0,0,0,0,0,0,0,0,0,0,0,0,0,0,0,0,0,0,0,0,0,0,0,0,0,0,0,0,0,0,0,0,0,0,0,0,0,0,0,0,0,0,0,0,0,0,0,0,0,0,0,0,0,0,0,0,0,0,0,0,0,0,0,0,0,0,0,0,0,0,0,0,0,0,0,0,0,0,0,0,0,0.339525647874689,0,0.339525647874689,1257.05952380952,1181.05952380952
"576","2005-2009","Tanzania, the United Republic of",0.348978249478813,0.00280939586840433,0.346637086255142,0.168597197293169,0,0,0,0,0,0,0,0,0,0.016856375210426,0.00093646528946811,0,0,0,0,0,0,0,0.00842818760521299,0,0,0,0,0,0,0,0,0,0,0,0,0,0,0,0,0,0,0,0,0,0,0,0,0,0,0,0,0,0,0,0,0,0,0,0,0,0,0,0,0,0,0,0,0,0,0,0,0,0,0,0,0,0,0,0,0,0,0,0,0,0,0,0,0,0,0,0,0,0,0,0,0,0,0,0,0,0,0,0,0,0,0,0,0,0,0,0,0,0,0,0,0,0,0,0,0,0,0,0,0,0,0,0,0,0,0,0,0,0,0,0,0,0,0,0,0,0,0,0,0,0,0,0,0,0,0,0,0,0,0,0,0,0,0,0,0,0,0,0,0,0,0,0,0,0,0,0,0,0.0262210281051071,0,0.106757042999365,0,0.132978071104472,1079.84523809524,1067.84523809524
"577","2010-2014","Tanzania, the United Republic of",0.408362187878276,0.0061579821524083,0.338569377586353,0.174154772963995,0,0.0147791571657799,0,0,0,0,0,0,0,0.0110843678743349,0,0,0,0,0,0,0,0,0.0145328378796836,0,0,0,0,0,0,0,0,0,0,0,0,0,0,0,0,0,0,0,0,0.000492638572192664,0,0,0,0.000738957858288996,0,0,0,0,0,0,0,0,0,0,0,0,0,0,0,0,0,0,0,0,0,0,0,0,0,0,0,0,0,0,0,0,0,0,0,0,0,0,0,0,0,0,0,0,0,0,0,0,0,0,0,0,0,0,0,0,0,0,0,0,0,0,0,0,0,0,0,0,0,0,0,0,0,0,0,0,0,0,0,0,0,0,0,0,0,0,0,0,0,0,0,0,0,0,0,0,0,0,0,0,0,0,0,0,0,0,0,0,0,0,0,0,0,0,0,0,0,0,0,0,0,0,0,0,0.0268488021845002,0,0.0234003321791515,0.00772738788953636,0.0579765222531881,1365.92380952381,1353.25714285714
"578","2015-2019","Tanzania, the United Republic of",0.346996821147733,0.00360355722577573,0.42318631677842,0.113319004903412,0,0,0,0,0,0,0,0,0,0,0,0,0,0,0,0,0,0,0.00180177861288786,0,0,0,0,0,0,0,0,0,0,0,0,0,0,0,0,0,0,0,0,0.000450444653221966,0,0,0,0.0013513339596659,0,0,0,0,0,0,0,0,0,0,0,0,0,0,0,0,0,0,0,0,0,0,0,0,0,0,0,0,0,0,0,0,0,0,0,0,0,0,0,0,0,0,0,0,0,0,0,0,0,0,0,0,0,0,0,0,0,0,0,0,0,0,0,0,0,0,0,0,0,0,0,0,0,0,0,0,0,0,0,0,0,0,0,0,0,0,0,0,0,0,0,0,0,0,0,0,0,0,0,0,0,0,0,0,0,0,0,0,0,0,0,0,0,0,0,0,0,0,0,0,0,0,0,0,0.00360355722577573,0,0.0166664521692127,0.0926242905496712,0.11289429994466,736.342857142857,740.009523809524
"579","2020-2022","Tanzania, the United Republic of",0.358629130966952,0,0.403916768665851,0.0660954712362301,0,0,0,0,0,0,0,0,0,0,0,0,0,0,0,0,0,0,0,0,0,0,0,0,0,0,0,0,0,0,0,0,0,0,0,0,0,0,0,0,0,0,0,0,0,0,0,0,0,0,0,0,0,0,0,0,0,0,0,0,0,0,0,0,0,0,0,0,0,0,0,0,0,0,0,0,0,0,0,0,0,0,0,0,0,0,0,0,0,0,0,0,0,0,0,0,0,0,0,0,0,0,0,0,0,0,0,0,0,0,0,0,0,0,0,0,0,0,0,0,0,0,0,0,0,0,0,0,0,0,0,0,0,0,0,0,0,0,0,0,0,0,0,0,0,0,0,0,0,0,0,0,0,0,0,0,0,0,0,0,0,0,0,0,0,0,0,0,0,0,0.171358629130967,0,0.171358629130967,166.4,163.4
"580","1980-1989","Thailand",0,0.208234217749314,0,0,0,0,0,0,0,0,0,0,0,0.765416285452882,0,0,0,0,0,0,0,0,0,0,0,0,0,0,0,0,0,0,0,0,0,0,0,0,0,0,0,0,0,0,0,0,0,0,0,0,0,0,0,0,0,0,0,0,0,0,0,0,0,0,0,0,0,0,0,0,0,0,0,0,0,0,0,0,0,0,0,0,0,0,0,0,0,0,0,0,0,0,0,0,0,0,0,0,0,0,0,0,0,0,0,0,0,0,0,0,0,0,0,0,0,0,0,0,0,0,0,0,0,0,0,0,0,0,0,0,0,0,0,0,0,0,0,0,0,0,0,0,0,0,0,0,0,0,0,0,0,0,0,0,0,0,0,0,0,0,0,0,0,0,0,0,0,0,0,0,0,0,0.765416285452882,0,0.0263494967978042,0,0.791765782250686,261.904761904762,260.238095238095
"581","1990-1994","Thailand",0,0.115888746803069,0,0,0,0,0,0,0,0,0,0,0,0.870571310365578,0,0,0,0,0,0,0,0,0,0,0,0,0,0,0,0,0,0,0,0,0,0,0,0,0,0,0,0,0,0,0,0,0,0,0,0,0,0,0,0,0,0,0,0,0,0,0,0,0,0,0,0,0,0,0,0,0,0,0,0,0,0,0,0,0,0,0,0,0,0,0,0,0,0,0,0,0,0,0,0,0,0,0,0,0,0,0,0,0,0,0,0,0,0,0,0,0,0,0,0,0,0,0,0,0,0,0,0,0,0,0,0,0,0,0,0,0,0,0,0,0,0,0,0,0,0,0,0,0,0,0,0,0,0,0,0,0,0,0,0,0,0,0,0,0,0,0,0,0,0,0,0,0,0,0,0,0,0,0.870571310365578,0,0.0135399428313525,0,0.884111253196931,2536.52380952381,2532.19047619048
"582","1995-1999","Thailand",0.00104912048732479,0.162608013615253,0.000536217137966005,0.000594501609484049,0,8.15982601252617e-05,0,0,0.00019816720316135,0,0,0,0,0.816886177088208,0.000559530926573223,0,0,0,0,0,0,0,0,0,0,0,0,0.000167859277971967,0,0,0,0,0,0,0,0,0,0,0,0,0,0,0,0,0,0,0,0,0,0,0,0,0,0,0,0,0,0,0,0,0,0,0,0,0,0,0,0,0,0,0,0,0,0,0,0,0,0,0,0,0,0,0,0,0,0,0,0,0,0,0,0,0,0,0,0,0,0,0,0,0,0,0,0,0,0,0,0,0,0,0,0,0,0,0,0,0,0,0,0,0,0,0,0,0,0,0,0,0,0,0,0,0,0,0,0,0,0,0,0,0,0,0,0,0,0,0,0,0,0,0,0,0,0,0,0,0,0,0,0,0,0,0,0,0,0,0,0,0,0,0,0,0.817613567292753,0,0.0142880218749948,0.00303079251893829,0.834932381686686,5375.8005952381,5361.63392857143
"583","2000-2004","Thailand",0.00254383402896202,0.0575973016516078,0.00130018183702503,0.00144150594974515,0,0.000197853757808157,0,0,0.000480501983248382,0,0,0,0,0.924520864149841,0.00135671148211308,0,0,0,0,0,0,0,0,0,0,0,0,9.94921753549591e-05,0,0,0,0,0,0,0,0,0,0,0,0,0,0,0,0,0,0,0,0,0,0,0,0,0,0,0,0,0,0,0,0,0,0,0,0,0,0,0,0,0,0,0,0,0,0,0,0,0,0,0,0,0,0,0,0,0,0,0,0,0,0,0,0,0,0,0,0,0,0,0,0,0,0,0,0,0,0,0,0,0,0,0,0,0,0,0,0,0,0,0,0,0,0,0,0,0,0,0,0,0,0,0,0,0,0,0,0,0,0,0,0,0,0,0,0,0,0,0,0,0,0,0,0,0,0,0,0,0,0,0,0,0,0,0,0,0,0,0,0,0,0,0,0,0.925977067807309,0,0.00599214237933276,0.00446961060496142,0.936438820791603,11124.3125,11056.1458333333
"584","2005-2009","Thailand",0.00270499475994331,0.0642698549334687,0.0016944430667683,0.00153283036396787,0,0.000210388481328924,0,0,0.000510943454655958,0,0,0,0,0.913325708714829,0.00163501905489907,9.61775914646509e-05,0,0,0,0,0,0,0,0,0,0,0,0.00134648628050511,0,0,0,0,0,0,0,0,0,0,0,0,0,0,0,0,0,0,0,0,0,0,0,0,0,0,0,0,0,0,0,0,0,0,0,0,0,0,0,0,0,0,0,0,0,0,0,0,0,0,0,0,0,0,0,0,0,0,0,0,0,0,0,0,0,0,0,0,0,0,0,0,0,0,0,0,0,0,0,0,0,0,0,0,0,0,0,0,0,0,0,0,0,0,0,0,0,0,0,0,0,0,0,0,0,0,0,0,0,0,0,0,0,0,0,0,0,0,0,0,0,0,0,0,0,0,0,0,0,0,0,0,0,0,0,0,0,0,0,0,0,0,0,0,0.916403391641698,0,0.00721240338278725,0.00546074991538185,0.929076544939867,10447.7990079365,10397.4323412698
"585","2010-2014","Thailand",0.00285444752223584,0.0647844402786851,0.00178516241866813,0.00171901173005759,0,0.000222012585062788,0,0,0.000539173420866771,0,0,0,0,0.910364387191801,0.00162386347931639,0,0,0,0,0,0,0,0,0,0,0,0,0.000811931739658196,0,0,0,0,0,0,0,0,0,0,0,0,0,0,0,0,0,0.00101491467457274,0,0,0,0,0,0,0,0,0,0,0,0,0,0,0,0,0,0,0,0,0.000101491467457274,0,0,0,0,0,0,0,0,0,0,0,0,0,0,0,0,0,0,0,0,0,0,0,0,0,0,0,0,0,0,0,0,0,0,0,0,0,0,0,0,0,0,0,0,0,0,0,0,0,0,0,0,0,0,0,0,0,0,0,0,0,0,0,0,0,0,0,0,0,0,0,0,0,0,0,0,0,0,0,0,0,0,0,0,0,0,0,0,0,0,0,0,0,0,0,0,0,0,0,0,0,0,0,0,0,0.913916588552806,0,0.0131078646684581,0.00107129882316012,0.928095752044424,9834.34503968254,9853.04503968254
"586","2015-2019","Thailand",0.0179353396068201,0.0605608869840678,0.00577657691232647,0,0,0,0,0,0,0,0,0,0,0.819761483275878,0.00163048541880183,0,0,0,0,0,0,0,0,0,0,0,0,0,0,0,0,0,0,0,0,0,0,0,0,0,0,0,0,0,0,0,0,0,0,0,0,0,0,0,0,0,0,0,0,0,0,0,0,0,0,0,0,0,0,0,0,0,0,0,0,0,0,0,0,0,0,0,0,0,0,0,0,0,0,0,0,0,0,0,0,0,0,0,0,0,0,0,0,0,0,0,0,0,0,0,0,0,0,0,0,0,0,0,0,0,0,0,0,0,0,0,0,0,0,0,0,0,0,0,0,0,0,0,0,0,0,0,0,0,0,0,0,0,0,0,0,0,0,0,0,0,0,0,0,0,0,0,0,0,0,0,0,0,0,0,0,0,0.82139196869468,0,0.0829218298704929,0.0114133979316128,0.915727196496786,613.314285714286,613.314285714286
"587","2005-2009","Togo",0.0495356037151703,0,0,0,0,0.126934984520124,0,0,0,0,0,0,0,0,0.572755417956656,0,0,0.102167182662539,0.0386996904024768,0,0,0.00154798761609907,0,0,0,0,0,0,0,0,0,0,0,0,0,0,0,0,0,0,0,0,0,0,0,0,0,0,0,0,0,0,0,0,0,0.00154798761609907,0,0,0,0,0,0,0,0,0,0,0,0,0,0,0,0,0,0,0,0,0,0,0,0,0,0,0,0,0,0,0,0,0,0,0,0,0,0,0,0,0,0,0,0,0,0,0,0,0,0,0,0,0,0,0,0,0,0,0,0,0,0,0,0,0,0,0,0,0,0,0,0,0,0,0,0,0,0,0,0,0,0,0,0,0,0,0,0,0,0,0,0,0,0,0,0,0,0,0,0,0,0,0,0,0,0,0,0,0,0,0,0,0,0,0,0,0.71671826625387,0,0.106811145510836,0,0.823529411764706,230.333333333333,215.333333333333
"588","2010-2014","Togo",0.0642698059179128,0.000954502068087814,0.00190900413617563,0.000954502068087814,0.000954502068087814,0.0871778555520204,0.000954502068087814,0,0,0,0,0,0,0,0.636334712058543,0,0,0,0.101813553929367,0,0,0.00986318803690741,0,0,0,0,0,0,0,0,0,0,0,0,0,0,0,0.000636334712058543,0,0,0,0,0,0,0,0,0,0,0,0,0,0,0,0,0,0.000636334712058543,0,0,0,0,0,0,0,0,0,0,0,0,0,0,0,0,0,0,0,0,0,0,0,0,0,0,0,0,0,0,0,0,0,0,0,0,0,0,0,0,0,0,0,0,0,0,0,0,0,0,0,0,0,0,0,0,0,0,0,0,0,0,0,0,0,0,0,0,0,0,0,0,0,0,0,0,0,0,0,0,0,0,0,0,0,0,0,0,0,0,0,0,0,0,0,0,0,0,0,0,0,0,0,0,0,0,0,0,0,0,0,0,0,0,0,0,0.749284123448934,0,0.0524976137448298,0.041043588927776,0.84282532612154,1276.66666666667,1047.66666666667
"589","2015-2019","Togo",0.0853658536585366,0,0.0040650406504065,0.0040650406504065,0,0.115176151761518,0,0.0040650406504065,0,0,0,0,0,0,0.617886178861789,0,0,0,0.138211382113821,0,0,0.00542005420054201,0,0,0,0,0,0,0,0,0,0,0,0,0,0,0,0.0013550135501355,0,0,0,0,0,0,0,0,0,0,0,0,0,0,0,0,0,0.0040650406504065,0,0,0,0,0,0,0,0,0,0,0,0,0,0,0,0,0,0,0,0,0,0,0,0,0,0,0,0,0,0,0,0,0,0,0,0,0,0,0,0,0,0,0,0,0,0,0,0,0,0,0,0,0,0,0,0,0,0,0,0,0,0,0,0,0,0,0,0,0,0,0,0,0,0,0,0,0,0,0,0,0,0,0,0,0,0,0,0,0,0,0,0,0,0,0,0,0,0,0,0,0,0,0,0,0,0,0,0,0,0,0,0,0,0,0,0,0.766937669376694,0,0.0203252032520325,0,0.787262872628726,248,246
"590","1980-1989","Trinidad and Tobago",0,1,0,0,0,0,0,0,0,0,0,0,0,0,0,0,0,0,0,0,0,0,0,0,0,0,0,0,0,0,0,0,0,0,0,0,0,0,0,0,0,0,0,0,0,0,0,0,0,0,0,0,0,0,0,0,0,0,0,0,0,0,0,0,0,0,0,0,0,0,0,0,0,0,0,0,0,0,0,0,0,0,0,0,0,0,0,0,0,0,0,0,0,0,0,0,0,0,0,0,0,0,0,0,0,0,0,0,0,0,0,0,0,0,0,0,0,0,0,0,0,0,0,0,0,0,0,0,0,0,0,0,0,0,0,0,0,0,0,0,0,0,0,0,0,0,0,0,0,0,0,0,0,0,0,0,0,0,0,0,0,0,0,0,0,0,0,0,0,0,0,0,0,0,0,0,0,14.4666666666667,14.4666666666667
"591","1990-1994","Trinidad and Tobago",0,1,0,0,0,0,0,0,0,0,0,0,0,0,0,0,0,0,0,0,0,0,0,0,0,0,0,0,0,0,0,0,0,0,0,0,0,0,0,0,0,0,0,0,0,0,0,0,0,0,0,0,0,0,0,0,0,0,0,0,0,0,0,0,0,0,0,0,0,0,0,0,0,0,0,0,0,0,0,0,0,0,0,0,0,0,0,0,0,0,0,0,0,0,0,0,0,0,0,0,0,0,0,0,0,0,0,0,0,0,0,0,0,0,0,0,0,0,0,0,0,0,0,0,0,0,0,0,0,0,0,0,0,0,0,0,0,0,0,0,0,0,0,0,0,0,0,0,0,0,0,0,0,0,0,0,0,0,0,0,0,0,0,0,0,0,0,0,0,0,0,0,0,0,0,0,0,33,33
"592","1995-1999","Trinidad and Tobago",0,1,0,0,0,0,0,0,0,0,0,0,0,0,0,0,0,0,0,0,0,0,0,0,0,0,0,0,0,0,0,0,0,0,0,0,0,0,0,0,0,0,0,0,0,0,0,0,0,0,0,0,0,0,0,0,0,0,0,0,0,0,0,0,0,0,0,0,0,0,0,0,0,0,0,0,0,0,0,0,0,0,0,0,0,0,0,0,0,0,0,0,0,0,0,0,0,0,0,0,0,0,0,0,0,0,0,0,0,0,0,0,0,0,0,0,0,0,0,0,0,0,0,0,0,0,0,0,0,0,0,0,0,0,0,0,0,0,0,0,0,0,0,0,0,0,0,0,0,0,0,0,0,0,0,0,0,0,0,0,0,0,0,0,0,0,0,0,0,0,0,0,0,0,0,0,0,62.8666666666667,62.8666666666667
"593","2000-2004","Trinidad and Tobago",0,0.981366459627329,0,0,0,0,0,0,0,0,0,0,0,0,0,0,0,0,0,0,0,0,0,0,0,0,0,0,0,0,0,0,0,0,0,0,0,0,0,0,0,0,0,0,0,0,0,0,0,0,0,0,0,0,0,0,0,0,0,0,0,0,0,0,0,0,0,0,0,0,0,0,0,0,0,0,0,0,0,0,0,0,0,0,0,0,0,0,0,0,0,0,0,0,0,0,0,0,0,0,0,0,0,0,0,0,0,0,0,0,0,0,0,0,0,0,0,0,0,0,0,0,0,0,0,0,0,0,0,0,0,0,0,0,0,0,0,0,0,0,0,0,0,0,0,0,0,0,0,0,0,0,0,0,0,0,0,0,0,0,0,0,0,0,0,0,0,0,0,0,0,0,0,0,0.0186335403726708,0,0.0186335403726708,53.6666666666667,53.6666666666667
"594","1995-1999","Tunisia",0,0.952380952380952,0,0,0,0,0,0,0,0,0,0,0,0,0.0476190476190476,0,0,0,0,0,0,0,0,0,0,0,0,0,0,0,0,0,0,0,0,0,0,0,0,0,0,0,0,0,0,0,0,0,0,0,0,0,0,0,0,0,0,0,0,0,0,0,0,0,0,0,0,0,0,0,0,0,0,0,0,0,0,0,0,0,0,0,0,0,0,0,0,0,0,0,0,0,0,0,0,0,0,0,0,0,0,0,0,0,0,0,0,0,0,0,0,0,0,0,0,0,0,0,0,0,0,0,0,0,0,0,0,0,0,0,0,0,0,0,0,0,0,0,0,0,0,0,0,0,0,0,0,0,0,0,0,0,0,0,0,0,0,0,0,0,0,0,0,0,0,0,0,0,0,0,0,0,0.0476190476190476,0,0,0,0.0476190476190476,21,21
"595","2010-2014","Tunisia",0.0162162162162162,0.486486486486487,0.0162162162162162,0.0108108108108108,0.00540540540540541,0.0108108108108108,0,0,0,0,0,0,0,0,0.410810810810811,0,0,0,0.0108108108108108,0,0,0,0,0,0,0,0,0,0,0,0,0.00540540540540541,0,0,0,0,0,0.00540540540540541,0,0,0,0,0,0,0,0,0,0,0,0,0,0,0,0,0,0.00540540540540541,0,0,0,0,0,0,0,0,0,0,0,0,0,0,0,0,0,0,0,0,0,0,0,0,0,0,0,0,0,0,0,0,0,0,0,0,0,0,0,0,0,0,0,0,0,0,0,0,0,0,0,0,0,0,0,0,0,0,0,0,0,0,0,0,0,0,0,0,0,0,0,0,0,0,0,0,0,0,0,0,0,0,0,0,0,0,0,0,0,0,0,0,0,0,0,0,0,0,0,0,0,0,0,0,0,0,0,0,0,0,0,0,0,0,0,0,0.437837837837838,0,0.0162162162162162,0,0.454054054054054,144.75,138.75
"596","2015-2019","Tunisia",0.0162162162162162,0.486486486486487,0.0162162162162162,0.0108108108108108,0.00540540540540541,0.0108108108108108,0,0,0,0,0,0,0,0,0.410810810810811,0,0,0,0.0108108108108108,0,0,0,0,0,0,0,0,0,0,0,0,0.00540540540540541,0,0,0,0,0,0.00540540540540541,0,0,0,0,0,0,0,0,0,0,0,0,0,0,0,0,0,0.00540540540540541,0,0,0,0,0,0,0,0,0,0,0,0,0,0,0,0,0,0,0,0,0,0,0,0,0,0,0,0,0,0,0,0,0,0,0,0,0,0,0,0,0,0,0,0,0,0,0,0,0,0,0,0,0,0,0,0,0,0,0,0,0,0,0,0,0,0,0,0,0,0,0,0,0,0,0,0,0,0,0,0,0,0,0,0,0,0,0,0,0,0,0,0,0,0,0,0,0,0,0,0,0,0,0,0,0,0,0,0,0,0,0,0,0,0,0,0,0.437837837837838,0,0.0162162162162162,0,0.454054054054054,48.25,46.25
"597","2000-2004","Turkey",0.148148148148148,0.703703703703704,0.037037037037037,0.037037037037037,0.0740740740740741,0,0,0,0,0,0,0,0,0,0,0,0,0,0,0,0,0,0,0,0,0,0,0,0,0,0,0,0,0,0,0,0,0,0,0,0,0,0,0,0,0,0,0,0,0,0,0,0,0,0,0,0,0,0,0,0,0,0,0,0,0,0,0,0,0,0,0,0,0,0,0,0,0,0,0,0,0,0,0,0,0,0,0,0,0,0,0,0,0,0,0,0,0,0,0,0,0,0,0,0,0,0,0,0,0,0,0,0,0,0,0,0,0,0,0,0,0,0,0,0,0,0,0,0,0,0,0,0,0,0,0,0,0,0,0,0,0,0,0,0,0,0,0,0,0,0,0,0,0,0,0,0,0,0,0,0,0,0,0,0,0,0,0,0,0,0,0,0,0,0,0,0,27,27
"598","2005-2009","Turkey",0.0335892514395393,0.522072936660269,0.00575815738963532,0.00287907869481766,0.064299424184261,0.00575815738963532,0,0,0,0,0,0,0,0.0527831094049904,0.121880998080614,0.0316698656429942,0,0,0,0,0,0,0,0,0.0403071017274472,0,0,0,0,0,0,0,0,0,0,0,0,0.00383877159309021,0,0,0,0,0,0,0,0,0,0,0,0,0,0,0,0,0.0921305182341651,0,0,0,0,0,0,0,0,0,0,0,0,0,0,0,0,0,0,0,0,0,0,0,0,0,0,0,0,0,0,0,0,0,0,0,0,0,0,0,0,0,0,0,0,0,0,0,0,0,0,0,0,0,0,0,0,0,0,0,0,0,0,0,0,0,0,0,0,0,0,0,0,0,0,0,0,0,0,0,0,0,0,0,0,0,0,0,0,0,0,0,0,0,0,0,0,0,0,0,0,0,0,0,0,0,0,0,0,0,0,0,0,0,0,0,0,0,0.342610364683301,0,0.0230326295585413,0,0.365642994241843,86.8333333333333,86.8333333333333
"599","2010-2014","Turkey",0.050008902036512,0.576619143487133,0.0182423271292987,0.00219811824643576,0.0232890970595889,0.023049426845803,0,0,0.000479340427571661,0,0,0,0,0.0724694249284413,0.0791117137105058,0.012127312817563,0,0,0.00258843830888697,0.000479340427571661,0.000479340427571661,0,0,0.00143802128271498,0.0218579234972678,0.00143802128271498,0.0121752468603202,0,0,0,0,0,0,0,0,0,0,0.000958680855143323,0,0,0,0.000575208513085994,0,0,0,0,0,0,0,0,0,0,0,0,0.0092033362093759,0,0,0,0,0,0,0,0,0,0,0,0,0,0,0,0,0,0,0,0,0,0,0,0,0,0,0,0,0,0,0,0,0,0,0,0,0,0,0,0,0,0,0,0,0,0,0,0,0,0,0,0,0,0,0,0,0,0,0,0,0,0,0,0,0,0,0,0,0,0,0,0,0,0,0,0,0,0,0,0,0,0,0,0,0,0,0,0,0,0,0,0,0,0,0,0,0,0,0,0,0,0,0,0,0,0,0,0,0,0,0,0,0,0,0,0,0.0115041702617199,0.226406179382883,55.8333333333333,0.0408398044291056,0.0388676609556679,0.306113644767657,1671.5,1738.5
"600","2015-2019","Turkey",0.0579289131920711,0.653879015721121,0.0171736158578264,0.00333219412166781,0.0176862611073137,0.0266575529733424,0,0,0.000598086124401914,0,0,0,0,0.0804853041695147,0.0605775803144224,0.00777511961722488,0,0,0.00179425837320574,0.0041866028708134,0.000598086124401914,0,0,0.00179425837320574,0.0197368421052632,0.00179425837320574,0.00657894736842105,0,0,0,0,0,0,0,0,0,0,0,0,0,0,0,0,0,0,0,0,0,0,0,0,0,0,0,0,0,0,0,0,0,0,0,0,0,0,0,0,0,0,0,0,0,0,0,0,0,0,0,0,0,0,0,0,0,0,0,0,0,0,0,0,0,0,0,0,0,0,0,0,0,0,0,0,0,0,0,0,0,0,0,0,0,0,0,0,0,0,0,0,0,0,0,0,0,0,0,0,0,0,0,0,0,0,0,0,0,0,0,0,0,0,0,0,0,0,0,0,0,0,0,0,0,0,0,0,0,0,0,0,0,0,0,0,0,0,0,0,0,0,0,0,0,0.185321257689679,11.1666666666667,0,0.0374231032125769,0.222744360902256,278.666666666667,278.666666666667
"601","1980-1989","Uganda",0.479099678456592,0,0.0530546623794212,0.435691318327974,0,0,0,0,0,0,0,0,0,0,0,0,0,0,0,0,0,0,0,0,0,0,0,0,0,0,0,0,0,0,0,0,0,0,0,0,0,0,0,0,0,0,0,0,0,0,0,0,0,0,0,0,0,0,0,0,0,0,0,0,0,0,0,0,0,0,0,0,0,0,0,0,0,0,0,0,0,0,0,0,0,0,0,0,0,0,0,0,0,0,0,0,0,0,0,0,0,0,0,0,0,0,0,0,0,0,0,0,0,0,0,0,0,0,0,0,0,0,0,0,0,0,0,0,0,0,0,0,0,0,0,0,0,0,0,0,0,0,0,0,0,0,0,0,0,0,0,0,0,0,0,0,0,0,0,0,0,0,0,0,0,0,0,0,0,0,0,0,0,0,0.0321543408360129,0,0.0321543408360129,55.1666666666667,51.8333333333333
"602","1990-1994","Uganda",0.268355675808634,0,0.0206616652318288,0.59027179928668,0,0,0,0,0,0,0,0,0,0,0,0,0,0,0,0,0,0,0,0,0,0,0,0,0,0,0,0,0,0,0,0,0,0,0,0,0,0,0,0,0,0,0,0,0,0,0,0,0,0,0,0,0,0,0,0,0,0,0,0,0,0,0,0,0,0,0,0,0,0,0,0,0,0,0,0,0,0,0,0,0,0,0,0,0,0,0,0,0,0,0,0,0,0,0,0,0,0,0,0,0,0,0,0,0,0,0,0,0,0,0,0,0,0,0,0,0,0,0,0,0,0,0,0,0,0,0,0,0,0,0,0,0,0,0,0,0,0,0,0,0,0,0,0,0,0,0,0,0,0,0,0,0,0,0,0,0,0,0,0,0,0,0,0,0,0,0,0,0,0,0.051346697823146,0.069364161849711,0.120710859672857,1371.83333333333,1355.16666666667
"603","1995-1999","Uganda",0.440862416179766,0,0.0126673198874476,0.497554562023619,0,0,0,0,0,0,0,0,0,0,0,0,0,0,0,0,0,0,0,0,0,0,0,0,0,0,0,0,0,0,0,0,0,0,0,0,0,0,0,0,0,0,0,0,0,0,0,0,0,0,0,0,0,0,0,0,0,0,0,0,0,0,0,0,0,0,0,0,0,0,0,0,0,0,0,0,0,0,0,0,0,0,0,0,0,0,0,0,0,0,0,0,0,0,0,0,0,0,0,0,0,0,0,0,0,0,0,0,0,0,0,0,0,0,0,0,0,0,0,0,0,0,0,0,0,0,0,0,0,0,0,0,0,0,0,0,0,0,0,0,0,0,0,0,0,0,0,0,0,0,0,0,0,0,0,0,0,0,0,0,0,0,0,0,0,0,0,0,0,0,0.0489157019091677,0,0.0489157019091677,3429.53333333333,3398.41212121212
"604","2000-2004","Uganda",0.363615040634289,0.000477021995050535,0.0724438263579364,0.462417223261162,0.000477021995050535,0.000477021995050535,0,0,0,0,0,0,0,0,0,0.000238510997525268,0,0.000238510997525268,0,0,0,0,0.00333915396535375,0,0,0,0,0,0,0,0,0,0,0,0,0,0,0,0,0,0,0,0,0,0,0,0,0,0.00262362097277794,0,0,0,0,0,0,0,0,0,0,0,0,0,0,0,0,0,0,0,0,0,0,0,0,0,0,0,0,0,0,0,0,0,0,0,0,0,0,0,0,0,0,0,0,0,0,0,0,0,0,0,0,0,0,0,0,0,0,0,0,0,0,0,0,0,0,0,0,0,0,0,0,0,0,0,0,0,0,0,0,0,0,0,0,0,0,0,0,0,0,0,0,0,0,0,0,0,0,0,0,0,0,0,0,0,0,0,0,0,0,0,0,0,0,0,0,0,0,0,0,0,0,0,0.00643979693318223,0,0.0668035231068628,0.0268495237214158,0.100092843761461,4285.0380952381,4192.67878787879
"605","2005-2009","Uganda",0.524408056862386,0,0.0405099692470622,0.340094091770025,0,0.00188183540050101,0,0,0,0,0,0,0,0,0.000376367080100202,0,0,0,0,0,0,0,0.00451640496120242,0,0,0,0,0,0.000376367080100202,0,0,0,0,0,0,0,0,0,0,0,0,0,0,0,0,0,0,0,0,0,0,0,0,0,0,0,0,0,0,0,0,0,0,0,0,0,0,0,0,0,0,0,0,0,0,0,0,0,0,0,0,0,0,0,0,0,0,0,0,0,0,0,0,0,0,0,0,0,0,0,0,0,0,0,0,0,0,0,0,0,0,0,0,0,0,0,0,0,0,0,0,0,0,0,0,0,0,0,0,0,0,0,0,0,0,0,0,0,0,0,0,0,0,0,0,0,0,0,0,0,0,0,0,0,0,0,0,0,0,0,0,0,0,0,0,0,0,0,0,0,0,0,0.00526913912140282,0,0.0315610680026883,0.0562758395959349,0.0931060467200261,2729.92857142857,2656.98051948052
"606","2010-2014","Uganda",0.4669074188882,0,0.025876214093821,0.345852448853069,0.000433973961562306,0.000433973961562306,0,0,0,0,0,0,0,0,0,0,0,0,0,0,0,0,0,0,0,0,0,0,0,0,0,0,0,0,0,0,0,0,0,0,0,0,0,0,0,0,0,0,0,0,0,0,0,0,0,0,0,0,0,0,0,0,0,0,0,0,0,0,0,0,0,0,0,0,0,0,0,0,0,0,0,0,0,0,0,0,0,0,0,0,0,0,0,0,0,0,0,0,0,0,0,0,0,0,0,0,0,0,0,0,0,0,0,0,0,0,0,0,0,0,0,0,0,0,0,0,0,0,0,0,0,0,0,0,0,0,0,0,0,0,0,0,0,0,0,0,0,0,0,0,0,0,0,0,0,0,0,0,0,0,0,0,0,0,0,0,0,0,0,0,0,0.0248811737962389,0.0248811737962389,0,0.088228972928291,0.0473858235172556,0.160495970241785,2388.52380952381,2304.28571428571
"607","2015-2019","Uganda",0.556808683481614,0.0230202307895587,0.0325601197991602,0.291153066917227,0,0.0123322664944064,0,0,0,0,0,0,0,0,0.000411075549813548,0,0,0,0,0,0,0,0,0,0,0,0,0,0,0,0.000411075549813548,0,0,0,0,0,0,0,0,0,0,0,0,0,0,0,0,0,0,0,0,0,0,0,0,0,0,0,0,0,0,0,0,0,0,0,0,0,0,0,0,0,0,0,0,0,0,0,0,0,0,0,0,0,0,0,0,0,0,0,0,0,0,0,0,0,0,0,0,0,0,0,0,0,0,0,0,0,0,0,0,0,0,0,0,0,0,0,0,0,0,0,0,0,0,0,0,0,0,0,0,0,0,0,0,0,0,0,0,0,0,0,0,0,0,0,0,0,0,0,0,0,0,0,0,0,0,0,0,0,0,0,0,0,0,0,0,0,0,0,0,0.000685125916355913,0.00150727701598301,0,0.0514940638733104,0.0311242916287401,0.0841256325180335,2432.97619047619,2432.64285714286
"608","1995-1999","Ukraine",0.547619047619048,0.30952380952381,0.0476190476190476,0.0238095238095238,0,0.0476190476190476,0.0238095238095238,0,0,0,0,0,0,0,0,0,0,0,0,0,0,0,0,0,0,0,0,0,0,0,0,0,0,0,0,0,0,0,0,0,0,0,0,0,0,0,0,0,0,0,0,0,0,0,0,0,0,0,0,0,0,0,0,0,0,0,0,0,0,0,0,0,0,0,0,0,0,0,0,0,0,0,0,0,0,0,0,0,0,0,0,0,0,0,0,0,0,0,0,0,0,0,0,0,0,0,0,0,0,0,0,0,0,0,0,0,0,0,0,0,0,0,0,0,0,0,0,0,0,0,0,0,0,0,0,0,0,0,0,0,0,0,0,0,0,0,0,0,0,0,0,0,0,0,0,0,0,0,0,0,0,0,0,0,0,0,0,0,0,0,0,0,0,0,0,0,0,42,42
"609","2000-2004","Ukraine",0.733050847457627,0.233050847457627,0.0169491525423729,0.00847457627118644,0,0,0,0,0,0,0,0,0,0,0,0,0,0,0,0,0,0,0,0,0,0,0,0,0,0,0,0,0,0,0,0,0,0,0,0,0,0,0,0,0,0,0,0,0,0,0,0,0,0,0,0,0,0,0,0,0,0,0,0,0,0,0,0,0,0,0,0,0,0,0,0,0,0,0,0,0,0,0,0,0,0,0,0,0,0,0,0,0,0,0,0,0,0,0,0,0,0,0,0,0,0,0,0,0,0,0,0,0,0,0,0,0,0,0,0,0,0,0,0,0,0,0,0,0,0,0,0,0,0,0,0,0,0,0,0,0,0,0,0,0,0,0,0,0,0,0,0,0,0,0,0,0,0,0,0,0,0,0,0,0,0,0,0,0,0,0,0,0,0,0.00847457627118644,0,0.00847457627118644,236,236
"610","2005-2009","Ukraine",0.865116279069767,0.0976744186046512,0,0,0,0,0,0,0,0,0,0,0,0,0.00465116279069767,0.0325581395348837,0,0,0,0,0,0,0,0,0,0,0,0,0,0,0,0,0,0,0,0,0,0,0,0,0,0,0,0,0,0,0,0,0,0,0,0,0,0,0,0,0,0,0,0,0,0,0,0,0,0,0,0,0,0,0,0,0,0,0,0,0,0,0,0,0,0,0,0,0,0,0,0,0,0,0,0,0,0,0,0,0,0,0,0,0,0,0,0,0,0,0,0,0,0,0,0,0,0,0,0,0,0,0,0,0,0,0,0,0,0,0,0,0,0,0,0,0,0,0,0,0,0,0,0,0,0,0,0,0,0,0,0,0,0,0,0,0,0,0,0,0,0,0,0,0,0,0,0,0,0,0,0,0,0,0,0,0.0372093023255814,0,0,0,0.0372093023255814,215,215
"611","2010-2014","Ukraine",0.919735599622285,0.0802644003777148,0,0,0,0,0,0,0,0,0,0,0,0,0,0,0,0,0,0,0,0,0,0,0,0,0,0,0,0,0,0,0,0,0,0,0,0,0,0,0,0,0,0,0,0,0,0,0,0,0,0,0,0,0,0,0,0,0,0,0,0,0,0,0,0,0,0,0,0,0,0,0,0,0,0,0,0,0,0,0,0,0,0,0,0,0,0,0,0,0,0,0,0,0,0,0,0,0,0,0,0,0,0,0,0,0,0,0,0,0,0,0,0,0,0,0,0,0,0,0,0,0,0,0,0,0,0,0,0,0,0,0,0,0,0,0,0,0,0,0,0,0,0,0,0,0,0,0,0,0,0,0,0,0,0,0,0,0,0,0,0,0,0,0,0,0,0,0,0,0,0,0,0,0,0,0,708,706
"612","2015-2019","Ukraine",0.952487008166296,0.0475129918337045,0,0,0,0,0,0,0,0,0,0,0,0,0,0,0,0,0,0,0,0,0,0,0,0,0,0,0,0,0,0,0,0,0,0,0,0,0,0,0,0,0,0,0,0,0,0,0,0,0,0,0,0,0,0,0,0,0,0,0,0,0,0,0,0,0,0,0,0,0,0,0,0,0,0,0,0,0,0,0,0,0,0,0,0,0,0,0,0,0,0,0,0,0,0,0,0,0,0,0,0,0,0,0,0,0,0,0,0,0,0,0,0,0,0,0,0,0,0,0,0,0,0,0,0,0,0,0,0,0,0,0,0,0,0,0,0,0,0,0,0,0,0,0,0,0,0,0,0,0,0,0,0,0,0,0,0,0,0,0,0,0,0,0,0,0,0,0,0,0,0,0,0,0,0,0,449,449
"613","1980-1989","United Kingdom of Great Britain and Northern Ireland (the)",0.00659268865960201,0.953157838376911,0.0134146882291032,0,0,0,0,0,0,0,0,0,0,0.00609512725133016,0.00435366232237869,0,0,0,0,0,0,0,0,0,0,0,0,0,0,0,0,0,0,0,0,0,0,0,0,0,0,0,0,0,0,0,0,0,0,0,0,0,0,0,0,0,0,0,0,0,0,0,0,0,0,0,0,0,0,0,0,0,0,0,0,0,0,0,0,0,0,0,0,0,0,0,0,0,0,0,0,0,0,0,0,0,0,0,0,0,0,0,0,0,0,0,0,0,0,0,0,0,0,0,0,0,0,0,0,0,0,0,0,0,0,0,0,0,0,0,0,0,0,0,0,0,0,0,0,0,0,0,0,0,0,0,0,0,0,0,0,0,0,0,0,0,0,0,0,0,0,0,0,0,0,0,0,0,0,0,0,0,0.0104487895737089,0,0.0163859951606745,0,0.0268347847343833,2871.14596273292,2871.14596273292
"614","1990-1994","United Kingdom of Great Britain and Northern Ireland (the)",0.00588582750035006,0.957693502413399,0.0124090046561933,0,0,0,0,0,0,0,0,0,0,0.00544161410409722,0.0038868672172123,0,0,0,0,0,0,0,0,0,0,0,0,0,0,0,0,0,0,0,0,0,0,0,0,0,0,0,0,0,0,0,0,0,0,0,0,0,0,0,0,0,0,0,0,0,0,0,0,0,0,0,0,0,0,0,0,0,0,0,0,0,0,0,0,0,0,0,0,0,0,0,0,0,0,0,0,0,0,0,0,0,0,0,0,0,0,0,0,0,0,0,0,0,0,0,0,0,0,0,0,0,0,0,0,0,0,0,0,0,0,0,0,0,0,0,0,0,0,0,0,0,0,0,0,0,0,0,0,0,0,0,0,0,0,0,0,0,0,0,0,0,0,0,0,0,0,0,0,0,0,0,0,0,0,0,0,0,0.00932848132130953,0,0.0146831841087486,0,0.0240116654300581,1607.97877846791,1607.97877846791
"615","1995-1999","United Kingdom of Great Britain and Northern Ireland (the)",0.0616500790795167,0.748984890022326,0.10608692560792,0.0180478533862366,0.00243674487359913,0.00498735633007673,0.000550355150579244,0.000508604070190474,0.000204959849181236,0,0,0,0,0.00395876153140794,0.0219838416010688,0.000102479924590618,0,0.000102479924590618,0.00101341258761833,0,0,0,0.000121457688403695,0.000284666457196161,6.07288442018476e-05,0.000121457688403695,0.000204959849181236,0,0,0,0.000425101909412933,0,0,0,0,0,0,0,0,0,0,0,0,0,0,0,0,0,0,0,0,0,0,0,0,0,0,0,0,0,0,0,0,0,0,0,0,0,0,0,0,0,0,0,0,0,0,0,0,0,0,0,0,0,0,0,0,0,0,0,0,0,0,0,0,0,0,0,0,0,0,0,0,0,0,0,0,0,0,0,0,0,0,0,0,0,0,0,0,0,0,0,0,0,0,0,0,0,0,0,0,0,0,0,0,0,0,0,0,0,0,0,0,0,0,0,0,0,0,0,0,0,0,0,0,0,0,0,0,0,0,0,0,0,0,0,0,0,0,0,0,0.00501012964665243,0.0333894776527283,0,0.023152753977645,0,0.0565422316303733,7318.50655624569,7318.50655624569
"616","2000-2004","United Kingdom of Great Britain and Northern Ireland (the)",0.0603832785833541,0.435081110567096,0.342671161242193,0.0373290193397054,0.000259257520397249,0.0168988765568025,0.00010186084395963,0.000107820786957267,4.14486944835727e-05,0,0,0,0,0.0123766343540948,0.0172984636441441,4.87631699806737e-06,0,4.87631699806737e-06,0.00370762635753056,0,0,0,2.16725199914105e-05,3.73850969851832e-05,1.08362599957053e-05,3.14251539875453e-05,9.75263399613475e-06,0.00382303252648482,9.75263399613475e-06,0,7.58538199699369e-05,0,0,0,0,0,0,0,0,0,0,0,0,0,0,0,0,0,0,0,0,0,0,0,0,0,0,0,0,0,0,0,0,0,0,0,0,0,0,0,0,0,0,0,0,0,0,0,0,0,0,0,0,0,0,0,0,0,0,0,0,0,0,0,0,0,0,0,0,0,0,0,0,0,0,0,0,0,0,0,0,0,0,0,0,0,0,0,0,0,0,0,0,0,0,0,0,0,0,0,0,0,0,0,0,0,0,0,0,0,0,0,0,0,0,0,0,0,0,0,0,0,0,0,0,0,0,0,0,0,0,0,0,0,0,0,0,0,0,0,0,0.00452197129620781,0.0419341589313803,0,0.0351148836895923,0.0300771232440796,0.107126165865052,51182.8260006901,51268.2010006901
"617","2005-2009","United Kingdom of Great Britain and Northern Ireland (the)",0.0452460666213208,0.432551515722397,0.320811949824685,0.0170376612003404,0.000221948142751891,0.0308140405277587,1.0429427159968e-05,1.0429427159968e-05,5.21471357998402e-06,0,0,0,0,0.0238517908947829,0.0141943951825622,1.11247223039659e-05,0,0,0.00351402165776524,0,0,5.56236115198296e-06,0,5.56236115198296e-06,1.94682640319404e-05,6.9529514399787e-06,5.56236115198296e-06,0.00371565724952462,6.9529514399787e-06,0,5.56236115198296e-06,0,0,0,1.11247223039659e-05,0,0,0,0,0,0,0,0,0,1.11247223039659e-05,0,0,0,0,5.56236115198296e-06,0,0,0,0,0,0,0,0,0,0,0,0,1.11247223039659e-05,0,0,0,0,0,0,0,0,0,0,0,0,0,0,0,0,0,0,0,0,0,0,0,0,0,0,0,0,0,0,0,0,0,0,0,0,0,0,0,0,0,0,0,0,0,0,0,0,0,0,0,0,0,0,0,0,0,0,0,0,0,0,0,0,0,0,0,0,0,0,0,0,0,0,0,0,0,0,0,0,0,0,0,0,0,0,0,0,0,0,0,0,0,0,0,0,0,0,0,0,0,0,0,0,0,0,0,0,0.00425288863078697,0.0496344384773097,0,0.0619385972756649,0.0417177086398722,0.153290744392847,71811.682384403,71911.907384403
"618","2010-2014","United Kingdom of Great Britain and Northern Ireland (the)",0.0470146081856685,0.490844064304617,0.24384278523875,0.00840860019525836,0.00421456175442995,0.0244452526265428,0,0,0,0,0,0,0,0.0244474594344569,0.0304401566657074,0.000152931788450097,0,0,0.00601068271575078,0.000162200381689497,0,0.000111223118872798,0,0.000111223118872798,0.000111223118872798,6.95144492954986e-05,0.000180737568168296,0.00429599296646182,0,0,0.000111223118872798,6.95144492954986e-05,0,0,8.34173391545984e-05,0,2.31714830984995e-05,6.95144492954986e-05,0,0,0,0,0,0,8.34173391545984e-05,0,0,0,0,4.17086695772992e-05,0,0,0,0,0,6.95144492954986e-05,0,0,0,0,0,6.95144492954986e-05,8.34173391545984e-05,0,0,0,0,0,0,0,0,0,6.95144492954986e-05,0,0,0,0,0,0,0,0,0,0,0,0,0,0,0,0,0,0,0,0,0,0,0,0,0,0,0,0,0,0,0,0,0,0,0,0,0,0,0,0,0,0,0,0,0,0,0,0,0,0,0,0,0,0,0,0,0,0,0,0,0,0,0,0,0,0,0,0,0,0,0,0,0,0,0,0,0,0,0,0,0,0,0,0,0,0,0,0,0,0,0,0,0,0,0,0,0,0,0.00651118675067837,0.073378459612767,32.3333333333333,0.0562719467047062,0.05157972137726,0.181230127694733,14402.0984126984,14385.4984126984
"619","2015-2019","United Kingdom of Great Britain and Northern Ireland (the)",0.0727418676656091,0.370436909904056,0.291387943885937,0.00879171285501319,0.0355490998050533,0.0389893352700585,0,0,0,0,0,0,0,0.0219410572990329,0.130728947670196,0,0,0,0.0203356140820305,0.000535147739000803,0,0,0,0.00160544321700241,0.00160544321700241,0,0,0,0,0,0,0,0,0,0,0,0.000535147739000803,0,0,0,0,0,0,0,0,0,0,0,0,0,0,0,0,0,0,0,0,0,0,0,0,0,0,0,0,0,0,0,0,0,0,0,0,0,0,0,0,0,0,0,0,0,0,0,0,0,0,0,0,0,0,0,0,0,0,0,0,0,0,0,0,0,0,0,0,0,0,0,0,0,0,0,0,0,0,0,0,0,0,0,0,0,0,0,0,0,0,0,0,0,0,0,0,0,0,0,0,0,0,0,0,0,0,0,0,0,0,0,0,0,0,0,0,0,0,0,0,0,0,0,0,0,0,0,0,0,0,0,0,0,0,0,0.177286800963266,16.6666666666667,0.00481632965100722,0,0.182103130614273,1261.7619047619,1245.7619047619
"620","1980-1989","United States of America (the)",0,0.983333333333333,0.0166666666666667,0,0,0,0,0,0,0,0,0,0,0,0,0,0,0,0,0,0,0,0,0,0,0,0,0,0,0,0,0,0,0,0,0,0,0,0,0,0,0,0,0,0,0,0,0,0,0,0,0,0,0,0,0,0,0,0,0,0,0,0,0,0,0,0,0,0,0,0,0,0,0,0,0,0,0,0,0,0,0,0,0,0,0,0,0,0,0,0,0,0,0,0,0,0,0,0,0,0,0,0,0,0,0,0,0,0,0,0,0,0,0,0,0,0,0,0,0,0,0,0,0,0,0,0,0,0,0,0,0,0,0,0,0,0,0,0,0,0,0,0,0,0,0,0,0,0,0,0,0,0,0,0,0,0,0,0,0,0,0,0,0,0,0,0,0,0,0,0,0,0,0,0,0,0,12,12
"621","1990-1994","United States of America (the)",0.0490530060883048,0.854633854764629,0.0144864140787099,0.00552204893099337,0.00315545653199621,0.00157772826599811,0.000788864132999053,0.000788864132999053,0,0,0,0,0,0.0181438750589782,0.00430289527090393,0,0,0,0.00882093530535305,0,0,0,0,0,0,0,0,0,0,0,0,0,0,0,0,0,0.000860579054180785,0,0,0,0,0,0,0,0,0,0,0,0,0,0,0,0,0,0,0,0,0,0,0,0,0,0,0,0,0,0,0,0,0,0,0,0,0,0,0,0,0,0,0,0,0,0,0,0,0,0,0,0,0,0,0,0,0,0,0,0,0,0,0,0,0,0,0,0,0,0,0,0,0,0,0,0,0,0,0,0,0,0,0,0,0,0,0,0,0,0,0,0,0,0,0,0,0,0,0,0,0,0,0,0,0,0,0,0,0,0,0,0,0,0,0,0,0,0,0,0,0,0,0,0,0,0,0,0,0,0,0,0,0,0,0,0.032128284689416,0,0.0378654783839545,0,0.0699937630733705,211.274235568353,211.274235568353
"622","1995-1999","United States of America (the)",0.010451235679949,0.96899424071863,0.00673659078577242,0.000597469863301493,0.000893607099894407,0.000509148231335185,0.000259769505783258,0.000155861703469955,0,0,0,0,0,0.00370858079434998,0.00373354565594474,0,0,0,0.00136969375776627,0,0,0.000142873228180792,0,0,0,0.000337700357518235,0,0,0,0,5.19539011566516e-05,0,0,0,0,0,3.54231144249897e-05,5.19539011566516e-05,0,0,0,2.59769505783258e-05,0,0,0,0,0,0,0,0,0,0,0,0,0,0,0,2.59769505783258e-05,0,0,0,0,0,0,0,0,0,0,0,0,0,0,0,0,0,0,0,0,0,0,0,0,0,0,0,0,0,0,0,0,0,0,0,0,0,0,0,0,0,0,0,0,0,0,0,0,0,0,0,0,0,0,0,0,0,0,0,0,0,0,0,0,0,0,0,0,0,0,0,0,0,0,0,0,0,0,0,0,0,0,0,0,0,0,0,0,0,0,0,0,0,0,0,0,0,0,0,0,0,0,0,0,0,0,0,0,0,0,0,0,0,0,0.00948367861165496,0,0.00184046694847438,7.79308517349774e-05,0.0114020764118643,6415.94424888837,6415.94424888837
"623","2000-2004","United States of America (the)",0.00576205344860656,0.954753081017443,0.0128214179249774,0.00130629613344408,0.00322996026046939,0.00133917332628835,9.39980286499445e-05,1.87996057299889e-05,0,0,0,0,0,0.00348743198029469,0.00661163390260454,0,0,2.5379467735485e-05,0.000234738713364907,0.000199054648905765,2.5379467735485e-05,5.26388960439689e-05,8.459822578495e-06,3.383929031398e-05,2.5379467735485e-05,0.000244394874489856,8.459822578495e-05,1.691964515699e-05,8.459822578495e-06,8.459822578495e-06,4.60590340384728e-05,2.5379467735485e-05,1.691964515699e-05,8.459822578495e-06,1.691964515699e-05,0,4.07609633327486e-05,4.60590340384728e-05,0,0,8.459822578495e-06,2.72594283084839e-05,0,0,0,0,0,8.459822578495e-06,0,0,0,2.5379467735485e-05,0,0,0,2.5379467735485e-05,0,1.87996057299889e-05,0,0,0,0,0,0,0,0,0,0,0,0,0,0,0,0,0,0,0,0,0,0,0,0,0,0,0,0,0,0,0,0,0,0,0,0,0,0,0,0,0,0,0,0,0,0,0,0,0,0,0,0,0,0,0,0,0,0,0,0,0,0,0,0,0,0,0,0,0,0,0,0,0,0,0,0,0,0,0,0,0,0,0,0,0,0,0,0,0,0,0,0,0,0,0,0,0,0,0,0,0,0,0,0,0,0,0,0,0,0,0,0,0,0.000783099946380888,0.0121641632209866,2.64705882352941,0.00688677109833398,0.00162428593507104,0.0206752202543916,14757.2414423811,14775.7235852383
"624","2005-2009","United States of America (the)",0.00619028440362819,0.953202655982879,0.0128777282090211,0.00153434059772249,0.000863586978649959,0.00299197725127855,4.62497916068589e-05,5.44553997951725e-05,0,0,0,0,0,0.00447694657981022,0.00884821849615754,0,0,2.51762978505078e-05,0.000697798816989261,0.000378160060785493,2.51762978505078e-05,2.05140204707842e-05,3.5246816990711e-05,3.35683971340105e-05,0.000459327567450376,4.84876847491262e-05,8.39209928350261e-05,1.67841985670052e-05,8.39209928350261e-06,8.39209928350261e-06,1.58517430910605e-05,2.51762978505078e-05,0.000312186093346297,8.39209928350261e-06,4.36389162742136e-05,0,0.000544435321800241,1.58517430910605e-05,0,0,8.39209928350261e-06,1.21219211872816e-05,0,0,0,0,0,8.39209928350261e-06,0,0,0,2.51762978505078e-05,0,0,0,3.8603656704112e-05,0,3.72982190377894e-06,0,0,0,0,0,0,0,0,0,0,0,0,0,0,0,0,0,0,0,0,0,0,0,0,0,0,0,0,0,0,0,0,0,0,0,0,0,0,0,0,0,0,0,0,0,0,0,0,0,0,0,0,0,0,0,0,0,0,0,0,0,0,0,0,0,0,0,0,0,0,0,0,0,0,0,0,0,0,0,0,0,0,0,0,0,0,0,0,0,0,0,0,0,0,0,0,0,0,0,0,0,0,0,0,0,0,0,0,0,0,0,0,0,0.00101616647040367,0.0172442250075608,187.480392156863,0.00118784014286142,0.00380665623499679,0.022238721385419,74456.0421857554,74474.8100428983
"625","2010-2014","United States of America (the)",0.00622096552492063,0.953979641634297,0.013400063419634,0.00153408038789182,0.000701334700567203,0.00346947556928633,5.93991881908097e-05,8.52037535523909e-05,0,0,0,0,0,0.00483885649571697,0.00843826872833681,0,0,6.5728609883273e-06,0.000691566777859394,0.000460071629265751,6.5728609883273e-06,1.55801149352943e-05,9.20200538365822e-06,8.76381465110307e-06,0.000517795382302673,3.16471084623166e-05,2.19095366277577e-05,4.38190732555154e-06,2.19095366277577e-06,9.20200538365822e-06,7.05973958005525e-06,6.5728609883273e-06,0.00048639171313622,2.19095366277577e-06,4.38190732555154e-06,0,0.000858831704963022,7.05973958005525e-06,0,0,2.19095366277577e-06,4.62534662141551e-06,0,0,0,1.75276293022061e-06,0,2.19095366277577e-06,0,0,0,6.5728609883273e-06,0,0,0,6.5728609883273e-06,0,2.43439295863974e-06,0,0,0,0,0,0,0,0,0,0,0,0,0,0,0,0,0,0,0,0,0,0,0,0,0,0,0,0,0,0,0,0,0,0,0,0,0,0,0,0,0,0,0,0,0,0,0,0,0,0,0,0,0,0,0,0,0,0,0,0,0,0,0,0,0,0,0,0,0,0,0,0,0,0,0,0,0,0,0,0,0,0,0,0,0,0,0,0,0,0,0,0,0,0,0,0,0,0,0,0,0,0,0,0,0,0,0,0,0,0,0,0,0,0.000946598359154299,0.0174080092920932,366.480392156863,0.000863234720279468,0.0022785918092868,0.0205498358216594,114134.86959609,114105.562453233
"626","2015-2019","United States of America (the)",0.0032789275047756,0.971077626141362,0.0126520623739327,0.000722725634278544,0.000337585740073598,0.0018347165231362,2.23144492966496e-05,5.41922340061489e-05,0,0,0,0,0,0.00277264667106368,0.00388207662192283,0,0,0,0.000286900062385494,0.000249584302637316,0,0,2.86900062385494e-06,0,0.000248646720734095,0,0,0,0,2.86900062385494e-06,0,0,0.000315590068624044,0,0,0,0.000551485675474339,0,0,0,0,0,0,0,0,1.14760024954198e-05,0,0,0,0,0,0,0,0,0,0,0,0,0,0,0,0,0,0,0,0,0,0,0,0,0,0,0,0,0,0,0,0,0,0,0,0,0,0,0,0,0,0,0,0,0,0,0,0,0,0,0,0,0,0,0,0,0,0,0,0,0,0,0,0,0,0,0,0,0,0,0,0,0,0,0,0,0,0,0,0,0,0,0,0,0,0,0,0,0,0,0,0,0,0,0,0,0,0,0,0,0,0,0,0,0,0,0,0,0,0,0,0,0,0,0,0,0,0,0,0,0,0,0,0,0,0.000440939411473758,0.00876508353805869,120.392156862745,0.00119738584860299,5.73800124770989e-05,0.0100198493991388,69717.6282913165,69710.6854341737
"627","1980-1989","Uruguay",0,0.292134831460674,0.0337078651685393,0,0,0,0,0,0,0,0,0,0,0,0,0,0,0,0,0,0,0,0,0,0.213483146067416,0,0,0,0,0,0,0,0,0,0,0,0,0,0,0,0,0,0,0,0,0,0,0,0,0,0.157303370786517,0,0,0,0,0,0,0,0,0,0,0,0,0,0,0,0,0,0,0,0,0,0,0,0,0,0,0,0,0,0,0,0,0,0,0,0,0,0,0,0,0,0,0,0,0,0,0,0,0,0,0,0,0,0,0,0,0,0,0,0,0,0,0,0,0,0,0,0,0,0,0,0,0,0,0,0,0,0,0,0,0,0,0,0,0,0,0,0,0,0,0,0,0,0,0,0,0,0,0,0,0,0,0,0,0,0,0,0,0,0,0,0,0,0,0,0,0,0,0,0,0,0.370786516853933,0,0.303370786516854,0,0.674157303370786,5.23529411764706,5.23529411764706
"628","1990-1994","Uruguay",0,0.292134831460674,0.0337078651685393,0,0,0,0,0,0,0,0,0,0,0,0,0,0,0,0,0,0,0,0,0,0.213483146067416,0,0,0,0,0,0,0,0,0,0,0,0,0,0,0,0,0,0,0,0,0,0,0,0,0,0.157303370786517,0,0,0,0,0,0,0,0,0,0,0,0,0,0,0,0,0,0,0,0,0,0,0,0,0,0,0,0,0,0,0,0,0,0,0,0,0,0,0,0,0,0,0,0,0,0,0,0,0,0,0,0,0,0,0,0,0,0,0,0,0,0,0,0,0,0,0,0,0,0,0,0,0,0,0,0,0,0,0,0,0,0,0,0,0,0,0,0,0,0,0,0,0,0,0,0,0,0,0,0,0,0,0,0,0,0,0,0,0,0,0,0,0,0,0,0,0,0,0,0,0,0.370786516853933,0,0.303370786516854,0,0.674157303370787,26.1764705882353,26.1764705882353
"629","1995-1999","Uruguay",0,0.388534354392682,0.026749627738779,0,0.339023611997447,0,0,0,0,0,0,0,0,0,0,0,0,0,0,0,0,0,0,0,0.0606253988513082,0,0,0,0,0,0,0,0,0,0,0,0,0,0,0,0,0,0,0,0,0,0,0,0,0,0.0446713465220166,0,0,0,0,0,0,0,0,0,0,0,0,0,0,0,0,0,0,0,0,0,0,0,0,0,0,0,0,0,0,0,0,0,0,0,0,0,0,0,0,0,0,0,0,0,0,0,0,0,0,0,0,0,0,0,0,0,0,0,0,0,0,0,0,0,0,0,0,0,0,0,0,0,0,0,0,0,0,0,0,0,0,0,0,0,0,0,0,0,0,0,0,0,0,0,0,0,0,0,0,0,0,0,0,0,0,0,0,0,0,0,0,0,0,0,0,0,0,0,0,0,0.105296745373325,0,0.140395660497766,0,0.245692405871091,92.1764705882353,92.1764705882353
"630","2000-2004","Uruguay",0,0.386394166186912,0.0225004797543658,0,0.320523891767415,0,0,0,0,0,0,0,0,0,0,0,0,0,0,0,0,0,0,0,0.054691997697179,0,0,0,0,0,0,0,0,0,0,0,0,0,0,0,0,0,0,0,0,0,0,0,0,0,0.0402993667242372,0,0,0,0,0,0,0,0,0,0,0,0,0,0,0,0,0,0,0,0,0,0,0,0,0,0,0,0,0,0,0,0,0,0,0,0,0,0,0,0,0,0,0,0,0,0,0,0,0,0,0,0,0,0,0,0,0,0,0,0,0,0,0,0,0,0,0,0,0,0,0,0,0,0,0,0,0,0,0,0,0,0,0,0,0,0,0,0,0,0,0,0,0,0,0,0,0,0,0,0,0,0,0,0,0,0,0,0,0,0,0,0,0,0,0,0,0,0,0,0,0,0.0949913644214162,0,0.175590097869891,0,0.270581462291307,102.176470588235,102.176470588235
"631","2005-2009","Uruguay",0,0.292134831460674,0.0337078651685393,0,0,0,0,0,0,0,0,0,0,0,0,0,0,0,0,0,0,0,0,0,0.213483146067416,0,0,0,0,0,0,0,0,0,0,0,0,0,0,0,0,0,0,0,0,0,0,0,0,0,0.157303370786517,0,0,0,0,0,0,0,0,0,0,0,0,0,0,0,0,0,0,0,0,0,0,0,0,0,0,0,0,0,0,0,0,0,0,0,0,0,0,0,0,0,0,0,0,0,0,0,0,0,0,0,0,0,0,0,0,0,0,0,0,0,0,0,0,0,0,0,0,0,0,0,0,0,0,0,0,0,0,0,0,0,0,0,0,0,0,0,0,0,0,0,0,0,0,0,0,0,0,0,0,0,0,0,0,0,0,0,0,0,0,0,0,0,0,0,0,0,0,0,0,0,0.370786516853933,0,0.303370786516854,0,0.674157303370786,5.23529411764706,5.23529411764706
"632","2015-2019","Uruguay",0,0.565853658536585,0.0780487804878049,0,0.0341463414634146,0,0,0,0,0,0,0,0,0,0,0,0,0,0,0,0,0,0,0,0,0,0,0,0,0,0,0,0,0,0,0,0,0,0,0,0,0,0,0,0,0,0,0,0,0,0,0,0,0,0,0,0,0,0,0,0,0,0,0,0,0,0,0,0,0,0,0,0,0,0,0,0,0,0,0,0,0,0,0,0,0,0,0,0,0,0,0,0,0,0,0,0,0,0,0,0,0,0,0,0,0,0,0,0,0,0,0,0,0,0,0,0,0,0,0,0,0,0,0,0,0,0,0,0,0,0,0,0,0,0,0,0,0,0,0,0,0,0,0,0,0,0,0,0,0,0,0,0,0,0,0,0,0,0,0,0,0,0,0,0,0,0,0,0,0,0,0,0,0,0,0.321951219512195,0.321951219512195,205,205
"633","1995-1999","Uzbekistan",0.7,0.266666666666667,0,0.0333333333333333,0,0,0,0,0,0,0,0,0,0,0,0,0,0,0,0,0,0,0,0,0,0,0,0,0,0,0,0,0,0,0,0,0,0,0,0,0,0,0,0,0,0,0,0,0,0,0,0,0,0,0,0,0,0,0,0,0,0,0,0,0,0,0,0,0,0,0,0,0,0,0,0,0,0,0,0,0,0,0,0,0,0,0,0,0,0,0,0,0,0,0,0,0,0,0,0,0,0,0,0,0,0,0,0,0,0,0,0,0,0,0,0,0,0,0,0,0,0,0,0,0,0,0,0,0,0,0,0,0,0,0,0,0,0,0,0,0,0,0,0,0,0,0,0,0,0,0,0,0,0,0,0,0,0,0,0,0,0,0,0,0,0,0,0,0,0,0,0,0,0,0,0,0,15,15
"634","2000-2004","Uzbekistan",0.856132075471698,0.0330188679245283,0,0.00235849056603774,0,0,0,0,0,0,0,0,0,0,0.0990566037735849,0,0,0,0,0,0,0,0,0,0,0,0,0,0,0,0,0,0,0,0,0,0,0,0,0,0,0,0,0,0,0,0,0,0,0,0,0,0,0,0,0,0,0,0,0,0,0,0,0,0,0,0,0,0,0,0,0,0,0,0,0,0,0,0,0,0,0,0,0,0,0,0,0,0,0,0,0,0,0,0,0,0,0,0,0,0,0,0,0,0,0,0,0,0,0,0,0,0,0,0,0,0,0,0,0,0,0,0,0,0,0,0,0,0,0,0,0,0,0,0,0,0,0,0,0,0,0,0,0,0,0,0,0,0,0,0,0,0,0,0,0,0,0,0,0,0,0,0,0,0,0,0,0,0,0,0,0,0.0990566037735849,0,0.00943396226415094,0,0.108490566037736,212,212
"635","2015-2019","Uzbekistan",0.48314606741573,0.00561797752808989,0.0112359550561798,0,0,0,0,0,0,0,0,0,0,0,0.00561797752808989,0,0,0,0,0,0,0,0,0,0,0,0,0,0,0,0,0,0,0,0,0,0,0,0,0,0,0,0,0,0,0,0,0,0,0,0,0,0,0,0,0,0,0,0,0,0,0,0,0,0,0,0,0,0,0,0,0,0,0,0,0.49438202247191,0,0,0,0,0,0,0,0,0,0,0,0,0,0,0,0,0,0,0,0,0,0,0,0,0,0,0,0,0,0,0,0,0,0,0,0,0,0,0,0,0,0,0,0,0,0,0,0,0,0,0,0,0,0,0,0,0,0,0,0,0,0,0,0,0,0,0,0,0,0,0,0,0,0,0,0,0,0,0,0,0,0,0,0,0,0,0,0,0,0,0,0,0,0,0,0,0.5,0,0,0,0.5,178,178
"636","1995-1999","Venezuela (Bolivarian Republic of)",0,0.991666666666667,0,0,0,0,0,0,0,0,0,0,0,0,0,0,0,0,0,0,0,0,0,0,0,0,0,0,0,0.00833333333333333,0,0,0,0,0,0,0,0,0,0,0,0,0,0,0,0,0,0,0,0,0,0,0,0,0,0,0,0,0,0,0,0,0,0,0,0,0,0,0,0,0,0,0,0,0,0,0,0,0,0,0,0,0,0,0,0,0,0,0,0,0,0,0,0,0,0,0,0,0,0,0,0,0,0,0,0,0,0,0,0,0,0,0,0,0,0,0,0,0,0,0,0,0,0,0,0,0,0,0,0,0,0,0,0,0,0,0,0,0,0,0,0,0,0,0,0,0,0,0,0,0,0,0,0,0,0,0,0,0,0,0,0,0,0,0,0,0,0,0,0,0,0,0.00833333333333333,0,0,0,0.00833333333333333,120,120
"637","2000-2004","Venezuela (Bolivarian Republic of)",0,0.995271867612293,0.00236406619385343,0,0,0,0,0,0,0,0,0,0,0,0.00236406619385343,0,0,0,0,0,0,0,0,0,0,0,0,0,0,0,0,0,0,0,0,0,0,0,0,0,0,0,0,0,0,0,0,0,0,0,0,0,0,0,0,0,0,0,0,0,0,0,0,0,0,0,0,0,0,0,0,0,0,0,0,0,0,0,0,0,0,0,0,0,0,0,0,0,0,0,0,0,0,0,0,0,0,0,0,0,0,0,0,0,0,0,0,0,0,0,0,0,0,0,0,0,0,0,0,0,0,0,0,0,0,0,0,0,0,0,0,0,0,0,0,0,0,0,0,0,0,0,0,0,0,0,0,0,0,0,0,0,0,0,0,0,0,0,0,0,0,0,0,0,0,0,0,0,0,0,0,0,0.00236406619385343,0,0,0,0.00236406619385343,141.666666666667,141
"638","2005-2009","Venezuela (Bolivarian Republic of)",0,0.981589147286822,0.00193798449612403,0,0,0,0,0,0,0,0,0,0,0,0.00193798449612403,0,0,0,0.00581395348837209,0,0,0,0,0,0.00581395348837209,0,0,0.00290697674418605,0,0,0,0,0,0,0,0,0,0,0,0,0,0,0,0,0,0,0,0,0,0,0,0,0,0,0,0,0,0,0,0,0,0,0,0,0,0,0,0,0,0,0,0,0,0,0,0,0,0,0,0,0,0,0,0,0,0,0,0,0,0,0,0,0,0,0,0,0,0,0,0,0,0,0,0,0,0,0,0,0,0,0,0,0,0,0,0,0,0,0,0,0,0,0,0,0,0,0,0,0,0,0,0,0,0,0,0,0,0,0,0,0,0,0,0,0,0,0,0,0,0,0,0,0,0,0,0,0,0,0,0,0,0,0,0,0,0,0,0,0,0,0,0,0.0164728682170543,0,0,0,0.0164728682170543,345.333333333333,344
"639","1995-1999","Viet Nam",0,0.0299145299145299,0.00854700854700855,0,0,0,0,0,0,0,0,0,0,0.961538461538462,0,0,0,0,0,0,0,0,0,0,0,0,0,0,0,0,0,0,0,0,0,0,0,0,0,0,0,0,0,0,0,0,0,0,0,0,0,0,0,0,0,0,0,0,0,0,0,0,0,0,0,0,0,0,0,0,0,0,0,0,0,0,0,0,0,0,0,0,0,0,0,0,0,0,0,0,0,0,0,0,0,0,0,0,0,0,0,0,0,0,0,0,0,0,0,0,0,0,0,0,0,0,0,0,0,0,0,0,0,0,0,0,0,0,0,0,0,0,0,0,0,0,0,0,0,0,0,0,0,0,0,0,0,0,0,0,0,0,0,0,0,0,0,0,0,0,0,0,0,0,0,0,0,0,0,0,0,0,0.961538461538462,0,0,0,0.961538461538462,234,234
"640","2000-2004","Viet Nam",0,0.00423728813559322,0,0,0,0,0,0,0,0,0,0,0,0.989406779661017,0,0,0,0,0,0,0,0,0,0,0,0,0,0,0,0,0,0,0,0,0,0,0,0,0,0,0,0,0,0,0,0,0,0,0,0,0,0,0,0,0,0,0,0,0,0,0,0,0,0,0,0,0,0,0,0,0,0,0,0,0,0,0,0,0,0,0,0,0,0,0,0,0,0,0,0,0,0,0,0,0,0,0,0,0,0,0,0,0,0,0,0,0,0,0,0,0,0,0,0,0,0,0,0,0,0,0,0,0,0,0,0,0,0,0,0,0,0,0,0,0,0,0,0,0,0,0,0,0,0,0,0,0,0,0,0,0,0,0,0,0,0,0,0,0,0,0,0,0,0,0,0,0,0,0,0,0,0,0.989406779661017,0,0.00635593220338983,0,0.995762711864407,473,472
"641","2005-2009","Viet Nam",0.000444135194753283,0.00559610345389136,0,0,0,0,0,0,0,0,0,0,0,0.987475387507957,0,0,0,0,0,0,0,0,0,0,0,0,0,0.00444135194753283,0,0,0,0,0,0,0,0,0,0,0,0,0,0,0,0,0,0,0,0,0,0,0,0,0,0,0,0,0,0,0,0,0,0,0,0,0,0,0,0,0,0,0,0,0,0,0,0,0,0,0,0,0,0,0,0,0,0,0,0,0,0,0,0,0,0,0,0,0,0,0,0,0,0,0,0,0,0,0,0,0,0,0,0,0,0,0,0,0,0,0,0,0,0,0,0,0,0,0,0,0,0,0,0,0,0,0,0,0,0,0,0,0,0,0,0,0,0,0,0,0,0,0,0,0,0,0,0,0,0,0,0,0,0,0,0,0,0,0,0,0,0,0,0,0.99191673945549,0,0.000444135194753283,0.00159888670111182,0.993959761351355,2266.76666666667,2251.56666666667
"642","2010-2014","Viet Nam",0,0.00796404536245721,0,0,0,0,0,0,0,0,0,0,0,0.988263512097431,0,0,0,0,0,0,0,0,0,0,0,0,0,0,0,0,0,0,0,0,0,0,0,0,0,0,0,0,0,0,0,0,0,0,0,0,0,0,0,0,0,0,0,0,0,0,0,0,0,0,0,0,0,0,0,0,0,0,0,0,0,0,0,0,0,0,0,0,0,0,0,0,0,0,0,0,0,0,0,0,0,0,0,0,0,0,0,0,0,0,0,0,0,0,0,0,0,0,0,0,0,0,0,0,0,0,0,0,0,0,0,0,0,0,0,0,0,0,0,0,0,0,0,0,0,0,0,0,0,0,0,0,0,0,0,0,0,0,0,0,0,0,0,0,0,0,0,0,0,0,0,0,0,0,0,0,0,0,0.988263512097431,0,0,0.00377244254011131,0.992035954637543,1421.23333333333,1431.43333333333
"643","2015-2019","Viet Nam",0.000923361034164358,0.00831024930747922,0.00646352723915051,0,0,0,0,0,0,0,0,0,0,0.966759002770083,0,0,0,0,0,0.00184672206832872,0,0,0,0,0,0,0,0,0,0,0,0,0,0,0,0,0,0.000923361034164358,0,0,0,0,0,0,0,0,0,0,0,0,0,0,0,0,0,0,0,0,0,0,0,0,0,0,0,0,0,0,0,0,0,0,0,0,0,0,0,0,0,0,0,0,0,0,0,0,0,0,0,0,0,0,0,0,0,0,0,0,0,0,0,0,0,0,0,0,0,0,0,0,0,0,0,0,0,0,0,0,0,0,0,0,0,0,0,0,0,0,0,0,0,0,0,0,0,0,0,0,0,0,0,0,0,0,0,0,0,0,0,0,0,0,0,0,0,0,0,0,0,0,0,0,0,0,0,0,0,0,0,0,0,0,0.969529085872576,1,0,0.0147737765466297,0.984302862419206,1082,1083
"644","2000-2004","Yemen",0.0526315789473684,0.473684210526316,0.315789473684211,0.105263157894737,0,0,0,0,0,0,0,0,0,0,0,0,0,0,0,0,0,0,0,0,0,0,0,0,0,0,0,0,0,0,0,0,0,0,0,0,0,0,0,0,0,0,0,0,0,0,0,0,0,0,0,0,0,0,0,0,0,0,0,0,0,0,0,0,0,0,0,0,0,0,0,0,0,0,0,0,0,0,0,0,0,0,0,0,0,0,0,0,0,0,0,0,0,0,0,0,0,0,0,0,0,0,0,0,0,0,0,0,0,0,0,0,0,0,0,0,0,0,0,0,0,0,0,0,0,0,0,0,0,0,0,0,0,0,0,0,0,0,0,0,0,0,0,0,0,0,0,0,0,0,0,0,0,0,0,0,0,0,0,0,0,0,0,0,0,0,0,0,0,0,0.0526315789473684,0,0.0526315789473684,19,19
"645","1995-1999","Zambia",0.0151941474395048,0,0.967923466516601,0.00225098480585256,0,0.0123804164321891,0,0.00225098480585256,0,0,0,0,0,0,0,0,0,0,0,0,0,0,0,0,0,0,0,0,0,0,0,0,0,0,0,0,0,0,0,0,0,0,0,0,0,0,0,0,0,0,0,0,0,0,0,0,0,0,0,0,0,0,0,0,0,0,0,0,0,0,0,0,0,0,0,0,0,0,0,0,0,0,0,0,0,0,0,0,0,0,0,0,0,0,0,0,0,0,0,0,0,0,0,0,0,0,0,0,0,0,0,0,0,0,0,0,0,0,0,0,0,0,0,0,0,0,0,0,0,0,0,0,0,0,0,0,0,0,0,0,0,0,0,0,0,0,0,0,0,0,0,0,0,0,0,0,0,0,0,0,0,0,0,0,0,0,0,0,0,0,0,0,0,0,0,0,0,715.6,710.8
"646","2000-2004","Zambia",0.0196585618210036,0,0.938954992240041,0.0108639420589757,0,0.0170719089498189,0,0.00310398344542162,0,0,0,0,0,0,0,0,0,0,0,0,0,0,0,0,0,0,0,0,0,0,0,0,0,0,0,0,0,0,0,0,0,0,0,0,0,0,0,0,0,0,0,0,0,0,0,0,0,0,0,0,0,0,0,0,0,0,0,0,0,0,0,0,0,0,0,0,0,0,0,0,0,0,0,0,0,0,0,0,0,0,0,0,0,0,0,0,0,0,0,0,0,0,0,0,0,0,0,0,0,0,0,0,0,0,0,0,0,0,0,0,0,0,0,0,0,0,0,0,0,0,0,0,0,0,0,0,0,0,0,0,0,0,0,0,0,0,0,0,0,0,0,0,0,0,0,0,0,0,0,0,0,0,0,0,0,0,0,0,0,0,0,0,0,0,0.0103466114847387,0,0.0103466114847387,130.066666666667,128.866666666667
"647","2005-2009","Zambia",0.0144450919990009,0.00112396969444676,0.965440013321122,0.00449587877778703,0,0.00399633669136625,0,0.000624427608025976,0,0,0,0.00024977104321039,0,0,0.00449587877778703,0,0,0,0,0,0,0.00199816834568312,0,0,0,0,0,0,0,0,0,0,0,0,0,0,0,0,0,0,0,0,0,0,0,0,0,0,0,0,0,0,0,0,0,0,0,0,0,0,0,0,0,0,0,0,0,0,0,0,0,0,0,0,0,0,0,0,0,0,0,0,0,0,0,0,0,0,0,0,0,0,0,0,0,0,0,0,0,0,0,0,0,0,0,0,0,0,0,0,0,0,0,0,0,0,0,0,0,0,0,0,0,0,0,0,0,0,0,0,0,0,0,0,0,0,0,0,0,0,0,0,0,0,0,0,0,0,0,0,0,0,0,0,0,0,0,0,0,0,0,0,0,0,0,0,0,0,0,0,0,0,0.00649404712347015,0,0.00313046374157023,0,0.00962451086504038,2010.23333333333,2001.83333333333
"648","2010-2014","Zambia",0.00277264325323475,0.00277264325323475,0.980961182994455,0,0,0,0,0.00277264325323475,0,0,0,0.0055452865064695,0,0,0,0,0,0,0,0,0,0,0,0,0,0,0,0,0,0,0,0,0,0,0,0,0,0,0,0,0,0,0,0,0,0,0,0,0,0,0,0,0,0,0,0,0,0,0,0,0,0,0,0,0,0,0,0,0,0,0,0,0,0,0,0,0,0,0,0,0,0,0,0,0,0,0,0,0,0,0,0,0,0,0,0,0,0,0,0,0,0,0,0,0,0,0,0,0,0,0,0,0,0,0,0,0,0,0,0,0,0,0,0,0,0,0,0,0,0,0,0,0,0,0,0,0,0,0,0,0,0,0,0,0,0,0,0,0,0,0,0,0,0,0,0,0,0,0,0,0,0,0,0,0,0,0,0,0,0,0,0,0,0,0.00517560073937153,0,0.00517560073937153,270.1,270.5
"649","2015-2019","Zambia",0.00551470588235294,0,0.947610294117647,0,0.00183823529411765,0.00367647058823529,0,0,0.000919117647058824,0,0,0,0,0,0.00367647058823529,0,0,0,0,0,0,0,0,0,0,0,0,0,0,0,0,0,0,0,0,0,0,0,0,0,0,0,0,0,0,0,0,0,0,0,0,0,0,0,0,0,0,0,0,0,0,0,0,0,0,0,0,0,0,0,0,0,0,0,0,0,0,0,0,0,0,0,0,0,0,0,0,0,0,0,0,0,0,0,0,0,0,0,0,0,0,0,0,0,0,0,0,0,0,0,0,0,0,0,0,0,0,0,0,0,0,0,0,0,0,0,0,0,0,0,0,0,0,0,0,0,0,0,0,0,0,0,0,0,0,0,0,0,0,0,0,0,0,0,0,0,0,0,0,0,0,0,0,0,0,0,0,0,0,0,0,0,0.00367647058823529,0,0,0.0367647058823529,0.0404411764705882,544,544
"650","2020-2022","Zambia",0,0,0.979452054794521,0,0,0.0136986301369863,0,0,0.00684931506849315,0,0,0,0,0,0,0,0,0,0,0,0,0,0,0,0,0,0,0,0,0,0,0,0,0,0,0,0,0,0,0,0,0,0,0,0,0,0,0,0,0,0,0,0,0,0,0,0,0,0,0,0,0,0,0,0,0,0,0,0,0,0,0,0,0,0,0,0,0,0,0,0,0,0,0,0,0,0,0,0,0,0,0,0,0,0,0,0,0,0,0,0,0,0,0,0,0,0,0,0,0,0,0,0,0,0,0,0,0,0,0,0,0,0,0,0,0,0,0,0,0,0,0,0,0,0,0,0,0,0,0,0,0,0,0,0,0,0,0,0,0,0,0,0,0,0,0,0,0,0,0,0,0,0,0,0,0,0,0,0,0,0,0,0,0,0,0,0,73,73
"651","1990-1994","Zimbabwe",0,0,1,0,0,0,0,0,0,0,0,0,0,0,0,0,0,0,0,0,0,0,0,0,0,0,0,0,0,0,0,0,0,0,0,0,0,0,0,0,0,0,0,0,0,0,0,0,0,0,0,0,0,0,0,0,0,0,0,0,0,0,0,0,0,0,0,0,0,0,0,0,0,0,0,0,0,0,0,0,0,0,0,0,0,0,0,0,0,0,0,0,0,0,0,0,0,0,0,0,0,0,0,0,0,0,0,0,0,0,0,0,0,0,0,0,0,0,0,0,0,0,0,0,0,0,0,0,0,0,0,0,0,0,0,0,0,0,0,0,0,0,0,0,0,0,0,0,0,0,0,0,0,0,0,0,0,0,0,0,0,0,0,0,0,0,0,0,0,0,0,0,0,0,0,0,0,9.75,9.75
"652","1995-1999","Zimbabwe",0,0,1,0,0,0,0,0,0,0,0,0,0,0,0,0,0,0,0,0,0,0,0,0,0,0,0,0,0,0,0,0,0,0,0,0,0,0,0,0,0,0,0,0,0,0,0,0,0,0,0,0,0,0,0,0,0,0,0,0,0,0,0,0,0,0,0,0,0,0,0,0,0,0,0,0,0,0,0,0,0,0,0,0,0,0,0,0,0,0,0,0,0,0,0,0,0,0,0,0,0,0,0,0,0,0,0,0,0,0,0,0,0,0,0,0,0,0,0,0,0,0,0,0,0,0,0,0,0,0,0,0,0,0,0,0,0,0,0,0,0,0,0,0,0,0,0,0,0,0,0,0,0,0,0,0,0,0,0,0,0,0,0,0,0,0,0,0,0,0,0,0,0,0,0,0,0,148.351136363636,148.351136363636
"653","2000-2004","Zimbabwe",0.290816352077391,0,0.513837310416079,0.149814484403504,0,0,0,0,0,0,0,0,0,0,0,0.00587507781974527,0,0.00146876945493632,0,0,0,0,0.0132189250944269,0,0,0,0,0,0,0,0,0.00146876945493632,0,0,0,0,0,0.00146876945493632,0,0,0,0,0,0,0,0,0,0.0205627723691084,0,0,0,0.00146876945493632,0,0,0,0,0,0,0,0,0,0,0,0,0,0,0,0,0,0,0,0,0,0,0,0,0,0,0,0,0,0,0,0,0,0,0,0,0,0,0,0,0,0,0,0,0,0,0,0,0,0,0,0,0,0,0,0,0,0,0,0,0,0,0,0,0,0,0,0,0,0,0,0,0,0,0,0,0,0,0,0,0,0,0,0,0,0,0,0,0,0,0,0,0,0,0,0,0,0,0,0,0,0,0,0,0,0,0,0,0,0,0,0,0,0,0,0,0,0,0,0,0.0455318531030258,0,0,0,0.0455318531030258,695.842045454545,680.842045454545
"654","2005-2009","Zimbabwe",0.000882568273676398,0,0.997352295178971,0,0,0.0017651365473528,0,0,0,0,0,0,0,0,0,0,0,0,0,0,0,0,0,0,0,0,0,0,0,0,0,0,0,0,0,0,0,0,0,0,0,0,0,0,0,0,0,0,0,0,0,0,0,0,0,0,0,0,0,0,0,0,0,0,0,0,0,0,0,0,0,0,0,0,0,0,0,0,0,0,0,0,0,0,0,0,0,0,0,0,0,0,0,0,0,0,0,0,0,0,0,0,0,0,0,0,0,0,0,0,0,0,0,0,0,0,0,0,0,0,0,0,0,0,0,0,0,0,0,0,0,0,0,0,0,0,0,0,0,0,0,0,0,0,0,0,0,0,0,0,0,0,0,0,0,0,0,0,0,0,0,0,0,0,0,0,0,0,0,0,0,0,0,0,0,0,0,1133.05681818182,1133.05681818182
"655","2010-2014","Zimbabwe",0.00133600534402138,0,0.997995991983968,0.000668002672010688,0,0,0,0,0,0,0,0,0,0,0,0,0,0,0,0,0,0,0,0,0,0,0,0,0,0,0,0,0,0,0,0,0,0,0,0,0,0,0,0,0,0,0,0,0,0,0,0,0,0,0,0,0,0,0,0,0,0,0,0,0,0,0,0,0,0,0,0,0,0,0,0,0,0,0,0,0,0,0,0,0,0,0,0,0,0,0,0,0,0,0,0,0,0,0,0,0,0,0,0,0,0,0,0,0,0,0,0,0,0,0,0,0,0,0,0,0,0,0,0,0,0,0,0,0,0,0,0,0,0,0,0,0,0,0,0,0,0,0,0,0,0,0,0,0,0,0,0,0,0,0,0,0,0,0,0,0,0,0,0,0,0,0,0,0,0,0,0,0,0,0,0,0,1497,1497
"656","2015-2019","Zimbabwe",0,0,1,0,0,0,0,0,0,0,0,0,0,0,0,0,0,0,0,0,0,0,0,0,0,0,0,0,0,0,0,0,0,0,0,0,0,0,0,0,0,0,0,0,0,0,0,0,0,0,0,0,0,0,0,0,0,0,0,0,0,0,0,0,0,0,0,0,0,0,0,0,0,0,0,0,0,0,0,0,0,0,0,0,0,0,0,0,0,0,0,0,0,0,0,0,0,0,0,0,0,0,0,0,0,0,0,0,0,0,0,0,0,0,0,0,0,0,0,0,0,0,0,0,0,0,0,0,0,0,0,0,0,0,0,0,0,0,0,0,0,0,0,0,0,0,0,0,0,0,0,0,0,0,0,0,0,0,0,0,0,0,0,0,0,0,0,0,0,0,0,0,0,0,0,0,0,976,976
"657","2020-2022","Zimbabwe",0,0,1,0,0,0,0,0,0,0,0,0,0,0,0,0,0,0,0,0,0,0,0,0,0,0,0,0,0,0,0,0,0,0,0,0,0,0,0,0,0,0,0,0,0,0,0,0,0,0,0,0,0,0,0,0,0,0,0,0,0,0,0,0,0,0,0,0,0,0,0,0,0,0,0,0,0,0,0,0,0,0,0,0,0,0,0,0,0,0,0,0,0,0,0,0,0,0,0,0,0,0,0,0,0,0,0,0,0,0,0,0,0,0,0,0,0,0,0,0,0,0,0,0,0,0,0,0,0,0,0,0,0,0,0,0,0,0,0,0,0,0,0,0,0,0,0,0,0,0,0,0,0,0,0,0,0,0,0,0,0,0,0,0,0,0,0,0,0,0,0,0,0,0,0,0,0,62,62
